2026-05-29 23:47:14,718 [INFO] logger: DataLogger initialised. CSV: logs\telemetry_20260529_234714.csv | Raw: logs\raw_20260529_234714.txt
2026-05-29 23:47:14,719 [INFO] __main__: SerialWorker started on COM5
2026-05-29 23:47:14,914 [INFO] serial_handler: Serial port COM5 opened at 9600 baud
2026-05-29 23:49:01,164 [INFO] __main__: TX: CMD,1059,ST,23:48:33
2026-05-29 23:49:01,164 [DEBUG] serial_handler: TX queued: CMD,1059,ST,23:48:33
2026-05-29 23:49:01,216 [INFO] serial_handler: TX sent: CMD,1059,ST,23:48:33
2026-05-29 23:49:05,928 [INFO] __main__: TX: CMD,1059,CAL
2026-05-29 23:49:05,928 [DEBUG] serial_handler: TX queued: CMD,1059,CAL
2026-05-29 23:49:07,050 [INFO] __main__: TX: CMD,1059,CAL
2026-05-29 23:49:07,050 [DEBUG] serial_handler: TX queued: CMD,1059,CAL
2026-05-29 23:49:07,250 [INFO] serial_handler: TX sent: CMD,1059,CAL
2026-05-29 23:49:07,251 [INFO] serial_handler: TX sent: CMD,1059,CAL
2026-05-29 23:49:11,255 [INFO] __main__: TX: CMD,1059,CX,ON
2026-05-29 23:49:11,255 [DEBUG] serial_handler: TX queued: CMD,1059,CX,ON
2026-05-29 23:49:11,268 [INFO] serial_handler: TX sent: CMD,1059,CX,ON
2026-05-29 23:49:27,670 [INFO] __main__: TX: CMD,1059,CX,OFF
2026-05-29 23:49:27,674 [DEBUG] serial_handler: TX queued: CMD,1059,CX,OFF
2026-05-29 23:49:27,727 [INFO] serial_handler: TX sent: CMD,1059,CX,OFF
2026-05-29 23:49:37,816 [INFO] __main__: TX: CMD,1059,CX,ON
2026-05-29 23:49:37,817 [DEBUG] serial_handler: TX queued: CMD,1059,CX,ON
2026-05-29 23:49:39,782 [INFO] serial_handler: TX sent: CMD,1059,CX,ON
2026-05-29 23:49:52,407 [INFO] __main__: TX: CMD,1059,ARM,ON
2026-05-29 23:49:52,407 [DEBUG] serial_handler: TX queued: CMD,1059,ARM,ON
2026-05-29 23:49:53,112 [INFO] serial_handler: TX sent: CMD,1059,ARM,ON
2026-05-29 23:49:59,084 [INFO] __main__: TX: CMD,1059,MEC,1000,ON
2026-05-29 23:49:59,087 [DEBUG] serial_handler: TX queued: CMD,1059,MEC,1000,ON
2026-05-29 23:49:59,122 [INFO] serial_handler: TX sent: CMD,1059,MEC,1000,ON
2026-05-29 23:50:01,474 [INFO] __main__: TX: CMD,1059,MEC,0200,ON
2026-05-29 23:50:01,474 [DEBUG] serial_handler: TX queued: CMD,1059,MEC,0200,ON
2026-05-29 23:50:02,123 [INFO] serial_handler: TX sent: CMD,1059,MEC,0200,ON
2026-05-29 23:50:03,780 [INFO] __main__: TX: CMD,1059,MEC,0030,ON
2026-05-29 23:50:03,780 [DEBUG] serial_handler: TX queued: CMD,1059,MEC,0030,ON
2026-05-29 23:50:04,102 [INFO] serial_handler: TX sent: CMD,1059,MEC,0030,ON
2026-05-29 23:50:05,386 [INFO] __main__: TX: CMD,1059,MEC,0004,ON
2026-05-29 23:50:05,386 [DEBUG] serial_handler: TX queued: CMD,1059,MEC,0004,ON
2026-05-29 23:50:06,109 [INFO] serial_handler: TX sent: CMD,1059,MEC,0004,ON
2026-05-29 23:50:07,957 [INFO] __main__: TX: CMD,1059,MEC,0030,OFF
2026-05-29 23:50:07,957 [DEBUG] serial_handler: TX queued: CMD,1059,MEC,0030,OFF
2026-05-29 23:50:08,112 [INFO] serial_handler: TX sent: CMD,1059,MEC,0030,OFF
2026-05-29 23:50:08,955 [INFO] __main__: TX: CMD,1059,MEC,0004,OFF
2026-05-29 23:50:08,955 [DEBUG] serial_handler: TX queued: CMD,1059,MEC,0004,OFF
2026-05-29 23:50:09,121 [INFO] serial_handler: TX sent: CMD,1059,MEC,0004,OFF
2026-05-29 23:50:11,276 [INFO] __main__: TX: CMD,1059,MEC,0200,OFF
2026-05-29 23:50:11,276 [DEBUG] serial_handler: TX queued: CMD,1059,MEC,0200,OFF
2026-05-29 23:50:12,123 [INFO] serial_handler: TX sent: CMD,1059,MEC,0200,OFF
2026-05-29 23:50:13,279 [INFO] __main__: TX: CMD,1059,MEC,1000,OFF
2026-05-29 23:50:13,282 [DEBUG] serial_handler: TX queued: CMD,1059,MEC,1000,OFF
2026-05-29 23:50:14,121 [INFO] serial_handler: TX sent: CMD,1059,MEC,1000,OFF
2026-05-29 23:50:14,295 [INFO] __main__: TX: CMD,1059,MEC,1000,ON
2026-05-29 23:50:14,295 [DEBUG] serial_handler: TX queued: CMD,1059,MEC,1000,ON
2026-05-29 23:50:15,116 [INFO] serial_handler: TX sent: CMD,1059,MEC,1000,ON
2026-05-29 23:50:16,283 [INFO] __main__: TX: CMD,1059,MEC,0200,ON
2026-05-29 23:50:16,283 [DEBUG] serial_handler: TX queued: CMD,1059,MEC,0200,ON
2026-05-29 23:50:17,119 [INFO] serial_handler: TX sent: CMD,1059,MEC,0200,ON
2026-05-29 23:50:33,708 [INFO] __main__: TX: CMD,1059,MEC,0200,OFF
2026-05-29 23:50:33,708 [DEBUG] serial_handler: TX queued: CMD,1059,MEC,0200,OFF
2026-05-29 23:50:34,122 [INFO] serial_handler: TX sent: CMD,1059,MEC,0200,OFF
2026-05-29 23:50:34,652 [INFO] __main__: TX: CMD,1059,MEC,1000,OFF
2026-05-29 23:50:34,654 [DEBUG] serial_handler: TX queued: CMD,1059,MEC,1000,OFF
2026-05-29 23:50:35,118 [INFO] serial_handler: TX sent: CMD,1059,MEC,1000,OFF
2026-05-29 23:50:38,994 [INFO] __main__: TX: CMD,1059,ARM,OFF
2026-05-29 23:50:38,994 [DEBUG] serial_handler: TX queued: CMD,1059,ARM,OFF
2026-05-29 23:50:39,119 [INFO] serial_handler: TX sent: CMD,1059,ARM,OFF
2026-05-29 23:50:41,381 [INFO] __main__: TX: CMD,1059,SIM,ENABLE
2026-05-29 23:50:41,381 [DEBUG] serial_handler: TX queued: CMD,1059,SIM,ENABLE
2026-05-29 23:50:41,381 [INFO] __main__: TX: CMD,1059,SIM,ENABLE
2026-05-29 23:50:41,381 [DEBUG] serial_handler: TX queued: CMD,1059,SIM,ENABLE
2026-05-29 23:50:42,120 [INFO] serial_handler: TX sent: CMD,1059,SIM,ENABLE
2026-05-29 23:50:42,125 [INFO] serial_handler: TX sent: CMD,1059,SIM,ENABLE
2026-05-29 23:50:55,293 [INFO] __main__: TX: CMD,1059,SIM,DISABLE
2026-05-29 23:50:55,295 [DEBUG] serial_handler: TX queued: CMD,1059,SIM,DISABLE
2026-05-29 23:50:55,295 [INFO] __main__: TX: CMD,1059,SIM,DISABLE
2026-05-29 23:50:55,295 [DEBUG] serial_handler: TX queued: CMD,1059,SIM,DISABLE
2026-05-29 23:50:56,124 [INFO] serial_handler: TX sent: CMD,1059,SIM,DISABLE
2026-05-29 23:50:56,124 [INFO] serial_handler: TX sent: CMD,1059,SIM,DISABLE
2026-05-29 23:50:56,967 [INFO] __main__: TX: CMD,1059,CX,OFF
2026-05-29 23:50:56,967 [DEBUG] serial_handler: TX queued: CMD,1059,CX,OFF
2026-05-29 23:50:57,119 [INFO] serial_handler: TX sent: CMD,1059,CX,OFF
2026-05-29 23:50:58,979 [INFO] __main__: TX: CMD,1059,CX,OFF
2026-05-29 23:50:58,981 [DEBUG] serial_handler: TX queued: CMD,1059,CX,OFF
2026-05-29 23:50:59,124 [INFO] serial_handler: TX sent: CMD,1059,CX,OFF
2026-05-29 23:51:00,534 [INFO] __main__: TX: CMD,1059,CX,OFF
2026-05-29 23:51:00,535 [DEBUG] serial_handler: TX queued: CMD,1059,CX,OFF
2026-05-29 23:51:01,125 [INFO] serial_handler: TX sent: CMD,1059,CX,OFF
2026-05-29 23:51:06,418 [INFO] __main__: Shutting down...
2026-05-29 23:51:07,288 [INFO] logger: CSV log closed. 95 packets written.
2026-05-29 23:56:10,781 [INFO] logger: DataLogger initialised. CSV: logs\telemetry_20260529_235610.csv | Raw: logs\raw_20260529_235610.txt
2026-05-29 23:56:10,782 [INFO] __main__: SerialWorker started on COM5
2026-05-29 23:56:10,963 [INFO] serial_handler: Serial port COM5 opened at 9600 baud
2026-05-29 23:56:29,056 [INFO] __main__: TX: CMD,1059,ST,22:56:29
2026-05-29 23:56:29,056 [DEBUG] serial_handler: TX queued: CMD,1059,ST,22:56:29
2026-05-29 23:56:29,056 [INFO] dashboard: SET UTC sent: 22:56:29
2026-05-29 23:56:31,040 [INFO] serial_handler: TX sent: CMD,1059,ST,22:56:29
2026-05-29 23:56:36,759 [INFO] __main__: TX: CMD,1059,ST,22:56:36
2026-05-29 23:56:36,760 [DEBUG] serial_handler: TX queued: CMD,1059,ST,22:56:36
2026-05-29 23:56:36,760 [INFO] dashboard: SET UTC sent: 22:56:36
2026-05-29 23:56:37,077 [INFO] serial_handler: TX sent: CMD,1059,ST,22:56:36
2026-05-29 23:56:44,173 [INFO] __main__: TX: CMD,1059,ST,22:56:44
2026-05-29 23:56:44,173 [DEBUG] serial_handler: TX queued: CMD,1059,ST,22:56:44
2026-05-29 23:56:44,173 [INFO] dashboard: SET UTC sent: 22:56:44
2026-05-29 23:56:45,113 [INFO] serial_handler: TX sent: CMD,1059,ST,22:56:44
2026-05-29 23:56:52,513 [INFO] __main__: TX: CMD,1059,CX,ON
2026-05-29 23:56:52,513 [DEBUG] serial_handler: TX queued: CMD,1059,CX,ON
2026-05-29 23:56:53,144 [INFO] serial_handler: TX sent: CMD,1059,CX,ON
2026-05-29 23:57:57,178 [INFO] __main__: TX: CMD,1059,CX,OFF
2026-05-29 23:57:57,178 [DEBUG] serial_handler: TX queued: CMD,1059,CX,OFF
2026-05-29 23:57:57,481 [INFO] serial_handler: TX sent: CMD,1059,CX,OFF
2026-05-29 23:58:00,361 [INFO] __main__: TX: CMD,1059,CX,ON
2026-05-29 23:58:00,361 [DEBUG] serial_handler: TX queued: CMD,1059,CX,ON
2026-05-29 23:58:01,499 [INFO] serial_handler: TX sent: CMD,1059,CX,ON
2026-05-29 23:58:32,241 [INFO] __main__: TX: CMD,1059,CX,OFF
2026-05-29 23:58:32,241 [DEBUG] serial_handler: TX queued: CMD,1059,CX,OFF
2026-05-29 23:58:32,932 [INFO] serial_handler: TX sent: CMD,1059,CX,OFF
2026-05-29 23:58:46,851 [INFO] __main__: Shutting down...
2026-05-29 23:58:47,102 [INFO] logger: CSV log closed. 73 packets written.
2026-05-29 23:59:02,562 [INFO] logger: DataLogger initialised. CSV: logs\telemetry_20260529_235902.csv | Raw: logs\raw_20260529_235902.txt
2026-05-29 23:59:02,564 [INFO] __main__: SerialWorker started on COM5
2026-05-29 23:59:02,759 [INFO] serial_handler: Serial port COM5 opened at 9600 baud
2026-05-29 23:59:07,421 [INFO] __main__: TX: CMD,1059,ST,22:59:07
2026-05-29 23:59:07,421 [DEBUG] serial_handler: TX queued: CMD,1059,ST,22:59:07
2026-05-29 23:59:07,421 [INFO] dashboard: SET UTC sent: 22:59:07
2026-05-29 23:59:08,770 [INFO] serial_handler: TX sent: CMD,1059,ST,22:59:07
2026-05-29 23:59:09,688 [INFO] __main__: TX: CMD,1059,ST,22:59:09
2026-05-29 23:59:09,694 [DEBUG] serial_handler: TX queued: CMD,1059,ST,22:59:09
2026-05-29 23:59:09,694 [INFO] dashboard: SET UTC sent: 22:59:09
2026-05-29 23:59:10,784 [INFO] serial_handler: TX sent: CMD,1059,ST,22:59:09
2026-05-29 23:59:20,121 [INFO] __main__: TX: CMD,1059,CX,ON
2026-05-29 23:59:20,121 [DEBUG] serial_handler: TX queued: CMD,1059,CX,ON
2026-05-29 23:59:20,849 [INFO] serial_handler: TX sent: CMD,1059,CX,ON
2026-05-29 23:59:42,836 [INFO] __main__: TX: CMD,1059,ST,22:59:42
2026-05-29 23:59:42,836 [DEBUG] serial_handler: TX queued: CMD,1059,ST,22:59:42
2026-05-29 23:59:42,836 [INFO] dashboard: SET UTC sent: 22:59:42
2026-05-29 23:59:43,189 [INFO] serial_handler: TX sent: CMD,1059,ST,22:59:42
2026-05-29 23:59:45,190 [INFO] __main__: TX: CMD,1059,CAL
2026-05-29 23:59:45,192 [DEBUG] serial_handler: TX queued: CMD,1059,CAL
2026-05-29 23:59:46,187 [INFO] serial_handler: TX sent: CMD,1059,CAL
2026-05-29 23:59:46,463 [INFO] __main__: TX: CMD,1059,CAL
2026-05-29 23:59:46,463 [DEBUG] serial_handler: TX queued: CMD,1059,CAL
2026-05-29 23:59:47,180 [INFO] serial_handler: TX sent: CMD,1059,CAL
2026-05-29 23:59:59,786 [INFO] __main__: TX: CMD,1059,ARM,ON
2026-05-29 23:59:59,786 [DEBUG] serial_handler: TX queued: CMD,1059,ARM,ON
2026-05-30 00:00:00,181 [INFO] serial_handler: TX sent: CMD,1059,ARM,ON
2026-05-30 00:02:06,354 [INFO] __main__: TX: CMD,1059,CX,OFF
2026-05-30 00:02:06,355 [DEBUG] serial_handler: TX queued: CMD,1059,CX,OFF
2026-05-30 00:02:07,241 [INFO] serial_handler: TX sent: CMD,1059,CX,OFF
2026-05-30 00:02:07,786 [INFO] __main__: TX: CMD,1059,CX,ON
2026-05-30 00:02:07,786 [DEBUG] serial_handler: TX queued: CMD,1059,CX,ON
2026-05-30 00:02:09,255 [INFO] serial_handler: TX sent: CMD,1059,CX,ON
2026-05-30 00:02:09,596 [WARNING] data_parser: Field count mismatch: expected 28, got 15 | raw: .00, 0.00, 9.81, 00:00:00, 0.0, 51.1833, -1.8214, 8, CXON, DISARMED, 95, 2.049, 0, 0, EMULATOR
2026-05-30 00:02:09,596 [WARNING] __main__: Parse error: .00, 0.00, 9.81, 00:00:00, 0.0, 51.1833, -1.8214, 8, CXON, DISARMED, 95, 2.049, 0, 0, EMULATOR
2026-05-30 00:02:10,340 [INFO] __main__: TX: CMD,1059,CX,OFF
2026-05-30 00:02:10,340 [DEBUG] serial_handler: TX queued: CMD,1059,CX,OFF
2026-05-30 00:02:10,588 [WARNING] data_parser: Field count mismatch: expected 28, got 41 | raw: 1059, 00:00:00, 1, F, LAUNCH_WAIT, 0.2, 21.0, 101323.6, 4.20, 0.49, 0.0, 0.0, 0.0, 01059, 00:00:01, 2, F, LAUNCH_WAIT, -0.2, 20.9, 101329.2, 4.20, 0.52, 0.0, 0.0, 0.0, 0.00, 0.00, 9.81, 00:00:01, 0.0, 51.1833, -1.8214, 8, CXON, DISARMED, 95, 2.192, 0, 0, EMULATOR
2026-05-30 00:02:10,588 [WARNING] __main__: Parse error: 1059, 00:00:00, 1, F, LAUNCH_WAIT, 0.2, 21.0, 101323.6, 4.20, 0.49, 0.0, 0.0, 0.0, 01059, 00:00:01, 2, F, LAUNCH_WAIT, -0.2, 20.9, 101329.2, 4.20, 0.52, 0.0, 0.0, 0.0, 0.00, 0.00, 9.81, 00:00:01, 0.0, 51.1833, -1.8214, 8, CXON, DISARMED, 95, 2.192, 0, 0, EMULATOR
2026-05-30 00:02:10,595 [INFO] serial_handler: TX sent: CMD,1059,CX,OFF
2026-05-30 00:02:13,872 [INFO] __main__: TX: CMD,1059,ARM,OFF
2026-05-30 00:02:13,872 [DEBUG] serial_handler: TX queued: CMD,1059,ARM,OFF
2026-05-30 00:02:14,608 [INFO] serial_handler: TX sent: CMD,1059,ARM,OFF
2026-05-30 00:02:15,134 [INFO] __main__: TX: CMD,1059,CX,ON
2026-05-30 00:02:15,136 [DEBUG] serial_handler: TX queued: CMD,1059,CX,ON
2026-05-30 00:02:16,163 [INFO] __main__: TX: CMD,1059,CX,OFF
2026-05-30 00:02:16,165 [DEBUG] serial_handler: TX queued: CMD,1059,CX,OFF
2026-05-30 00:02:16,621 [INFO] serial_handler: TX sent: CMD,1059,CX,ON
2026-05-30 00:02:16,621 [INFO] serial_handler: TX sent: CMD,1059,CX,OFF
2026-05-30 00:02:17,143 [INFO] __main__: TX: CMD,1059,CX,ON
2026-05-30 00:02:17,143 [DEBUG] serial_handler: TX queued: CMD,1059,CX,ON
2026-05-30 00:02:18,976 [INFO] serial_handler: TX sent: CMD,1059,CX,ON
2026-05-30 00:02:42,796 [ERROR] serial_handler: Read error: ClearCommError failed (PermissionError(13, 'Access is denied.', None, 5))
2026-05-30 00:02:42,800 [ERROR] serial_handler: Serial error: could not open port 'COM5': FileNotFoundError(2, 'The system cannot find the file specified.', None, 2)
2026-05-30 00:02:44,804 [ERROR] serial_handler: Serial error: could not open port 'COM5': FileNotFoundError(2, 'The system cannot find the file specified.', None, 2)
2026-05-30 00:02:46,806 [ERROR] serial_handler: Serial error: could not open port 'COM5': FileNotFoundError(2, 'The system cannot find the file specified.', None, 2)
2026-05-30 00:02:48,808 [ERROR] serial_handler: Serial error: could not open port 'COM5': FileNotFoundError(2, 'The system cannot find the file specified.', None, 2)
2026-05-30 00:02:50,811 [ERROR] serial_handler: Serial error: could not open port 'COM5': FileNotFoundError(2, 'The system cannot find the file specified.', None, 2)
2026-05-30 00:02:52,813 [ERROR] serial_handler: Serial error: could not open port 'COM5': FileNotFoundError(2, 'The system cannot find the file specified.', None, 2)
2026-05-30 00:02:54,816 [ERROR] serial_handler: Serial error: could not open port 'COM5': FileNotFoundError(2, 'The system cannot find the file specified.', None, 2)
2026-05-30 00:02:56,818 [ERROR] serial_handler: Serial error: could not open port 'COM5': FileNotFoundError(2, 'The system cannot find the file specified.', None, 2)
2026-05-30 00:02:58,820 [ERROR] serial_handler: Serial error: could not open port 'COM5': FileNotFoundError(2, 'The system cannot find the file specified.', None, 2)
2026-05-30 00:03:00,822 [ERROR] serial_handler: Serial error: could not open port 'COM5': FileNotFoundError(2, 'The system cannot find the file specified.', None, 2)
2026-05-30 00:03:02,824 [ERROR] serial_handler: Serial error: could not open port 'COM5': FileNotFoundError(2, 'The system cannot find the file specified.', None, 2)
2026-05-30 00:03:04,826 [ERROR] serial_handler: Serial error: could not open port 'COM5': FileNotFoundError(2, 'The system cannot find the file specified.', None, 2)
2026-05-30 00:03:06,829 [ERROR] serial_handler: Serial error: could not open port 'COM5': FileNotFoundError(2, 'The system cannot find the file specified.', None, 2)
2026-05-30 00:03:08,832 [ERROR] serial_handler: Serial error: could not open port 'COM5': FileNotFoundError(2, 'The system cannot find the file specified.', None, 2)
2026-05-30 00:03:10,834 [ERROR] serial_handler: Serial error: could not open port 'COM5': FileNotFoundError(2, 'The system cannot find the file specified.', None, 2)
2026-05-30 00:03:12,837 [ERROR] serial_handler: Serial error: could not open port 'COM5': FileNotFoundError(2, 'The system cannot find the file specified.', None, 2)
2026-05-30 00:03:14,840 [ERROR] serial_handler: Serial error: could not open port 'COM5': FileNotFoundError(2, 'The system cannot find the file specified.', None, 2)
2026-05-30 00:03:16,842 [ERROR] serial_handler: Serial error: could not open port 'COM5': FileNotFoundError(2, 'The system cannot find the file specified.', None, 2)
2026-05-30 00:03:18,844 [ERROR] serial_handler: Serial error: could not open port 'COM5': FileNotFoundError(2, 'The system cannot find the file specified.', None, 2)
2026-05-30 00:03:20,847 [ERROR] serial_handler: Serial error: could not open port 'COM5': FileNotFoundError(2, 'The system cannot find the file specified.', None, 2)
2026-05-30 00:03:22,850 [ERROR] serial_handler: Serial error: could not open port 'COM5': FileNotFoundError(2, 'The system cannot find the file specified.', None, 2)
2026-05-30 00:03:24,853 [ERROR] serial_handler: Serial error: could not open port 'COM5': FileNotFoundError(2, 'The system cannot find the file specified.', None, 2)
2026-05-30 00:03:26,855 [ERROR] serial_handler: Serial error: could not open port 'COM5': FileNotFoundError(2, 'The system cannot find the file specified.', None, 2)
2026-05-30 00:03:28,857 [ERROR] serial_handler: Serial error: could not open port 'COM5': FileNotFoundError(2, 'The system cannot find the file specified.', None, 2)
2026-05-30 00:03:30,859 [ERROR] serial_handler: Serial error: could not open port 'COM5': FileNotFoundError(2, 'The system cannot find the file specified.', None, 2)
2026-05-30 00:03:32,862 [ERROR] serial_handler: Serial error: could not open port 'COM5': FileNotFoundError(2, 'The system cannot find the file specified.', None, 2)
2026-05-30 00:03:34,864 [ERROR] serial_handler: Serial error: could not open port 'COM5': FileNotFoundError(2, 'The system cannot find the file specified.', None, 2)
2026-05-30 00:03:36,866 [ERROR] serial_handler: Serial error: could not open port 'COM5': FileNotFoundError(2, 'The system cannot find the file specified.', None, 2)
2026-05-30 00:03:38,868 [ERROR] serial_handler: Serial error: could not open port 'COM5': FileNotFoundError(2, 'The system cannot find the file specified.', None, 2)
2026-05-30 00:03:40,871 [ERROR] serial_handler: Serial error: could not open port 'COM5': FileNotFoundError(2, 'The system cannot find the file specified.', None, 2)
2026-05-30 00:03:42,873 [ERROR] serial_handler: Serial error: could not open port 'COM5': FileNotFoundError(2, 'The system cannot find the file specified.', None, 2)
2026-05-30 00:03:44,876 [ERROR] serial_handler: Serial error: could not open port 'COM5': FileNotFoundError(2, 'The system cannot find the file specified.', None, 2)
2026-05-30 00:03:46,878 [ERROR] serial_handler: Serial error: could not open port 'COM5': FileNotFoundError(2, 'The system cannot find the file specified.', None, 2)
2026-05-30 00:03:48,881 [ERROR] serial_handler: Serial error: could not open port 'COM5': FileNotFoundError(2, 'The system cannot find the file specified.', None, 2)
2026-05-30 00:03:50,883 [ERROR] serial_handler: Serial error: could not open port 'COM5': FileNotFoundError(2, 'The system cannot find the file specified.', None, 2)
2026-05-30 00:03:52,885 [ERROR] serial_handler: Serial error: could not open port 'COM5': FileNotFoundError(2, 'The system cannot find the file specified.', None, 2)
2026-05-30 00:03:54,887 [ERROR] serial_handler: Serial error: could not open port 'COM5': FileNotFoundError(2, 'The system cannot find the file specified.', None, 2)
2026-05-30 00:03:56,889 [ERROR] serial_handler: Serial error: could not open port 'COM5': FileNotFoundError(2, 'The system cannot find the file specified.', None, 2)
2026-05-30 00:03:58,891 [ERROR] serial_handler: Serial error: could not open port 'COM5': FileNotFoundError(2, 'The system cannot find the file specified.', None, 2)
2026-05-30 00:04:00,894 [ERROR] serial_handler: Serial error: could not open port 'COM5': FileNotFoundError(2, 'The system cannot find the file specified.', None, 2)
2026-05-30 00:04:02,897 [ERROR] serial_handler: Serial error: could not open port 'COM5': FileNotFoundError(2, 'The system cannot find the file specified.', None, 2)
2026-05-30 00:04:04,899 [ERROR] serial_handler: Serial error: could not open port 'COM5': FileNotFoundError(2, 'The system cannot find the file specified.', None, 2)
2026-05-30 00:04:06,902 [ERROR] serial_handler: Serial error: could not open port 'COM5': FileNotFoundError(2, 'The system cannot find the file specified.', None, 2)
2026-05-30 00:04:08,904 [ERROR] serial_handler: Serial error: could not open port 'COM5': FileNotFoundError(2, 'The system cannot find the file specified.', None, 2)
2026-05-30 00:04:10,906 [ERROR] serial_handler: Serial error: could not open port 'COM5': FileNotFoundError(2, 'The system cannot find the file specified.', None, 2)
2026-05-30 00:04:12,909 [ERROR] serial_handler: Serial error: could not open port 'COM5': FileNotFoundError(2, 'The system cannot find the file specified.', None, 2)
2026-05-30 00:04:14,912 [ERROR] serial_handler: Serial error: could not open port 'COM5': FileNotFoundError(2, 'The system cannot find the file specified.', None, 2)
2026-05-30 00:04:16,914 [ERROR] serial_handler: Serial error: could not open port 'COM5': FileNotFoundError(2, 'The system cannot find the file specified.', None, 2)
2026-05-30 00:04:18,916 [ERROR] serial_handler: Serial error: could not open port 'COM5': FileNotFoundError(2, 'The system cannot find the file specified.', None, 2)
2026-05-30 00:04:20,918 [ERROR] serial_handler: Serial error: could not open port 'COM5': FileNotFoundError(2, 'The system cannot find the file specified.', None, 2)
2026-05-30 00:04:22,920 [ERROR] serial_handler: Serial error: could not open port 'COM5': FileNotFoundError(2, 'The system cannot find the file specified.', None, 2)
2026-05-30 00:04:24,923 [ERROR] serial_handler: Serial error: could not open port 'COM5': FileNotFoundError(2, 'The system cannot find the file specified.', None, 2)
2026-05-30 00:04:26,925 [ERROR] serial_handler: Serial error: could not open port 'COM5': FileNotFoundError(2, 'The system cannot find the file specified.', None, 2)
2026-05-30 00:04:28,928 [ERROR] serial_handler: Serial error: could not open port 'COM5': FileNotFoundError(2, 'The system cannot find the file specified.', None, 2)
2026-05-30 00:04:30,931 [ERROR] serial_handler: Serial error: could not open port 'COM5': FileNotFoundError(2, 'The system cannot find the file specified.', None, 2)
2026-05-30 00:04:32,933 [ERROR] serial_handler: Serial error: could not open port 'COM5': FileNotFoundError(2, 'The system cannot find the file specified.', None, 2)
2026-05-30 00:04:34,936 [ERROR] serial_handler: Serial error: could not open port 'COM5': FileNotFoundError(2, 'The system cannot find the file specified.', None, 2)
2026-05-30 00:04:36,938 [ERROR] serial_handler: Serial error: could not open port 'COM5': FileNotFoundError(2, 'The system cannot find the file specified.', None, 2)
2026-05-30 00:04:38,941 [ERROR] serial_handler: Serial error: could not open port 'COM5': FileNotFoundError(2, 'The system cannot find the file specified.', None, 2)
2026-05-30 00:04:40,943 [ERROR] serial_handler: Serial error: could not open port 'COM5': FileNotFoundError(2, 'The system cannot find the file specified.', None, 2)
2026-05-30 00:04:42,945 [ERROR] serial_handler: Serial error: could not open port 'COM5': FileNotFoundError(2, 'The system cannot find the file specified.', None, 2)
2026-05-30 00:04:44,947 [ERROR] serial_handler: Serial error: could not open port 'COM5': FileNotFoundError(2, 'The system cannot find the file specified.', None, 2)
2026-05-30 00:04:46,949 [ERROR] serial_handler: Serial error: could not open port 'COM5': FileNotFoundError(2, 'The system cannot find the file specified.', None, 2)
2026-05-30 00:04:48,951 [ERROR] serial_handler: Serial error: could not open port 'COM5': FileNotFoundError(2, 'The system cannot find the file specified.', None, 2)
2026-05-30 00:04:50,954 [ERROR] serial_handler: Serial error: could not open port 'COM5': FileNotFoundError(2, 'The system cannot find the file specified.', None, 2)
2026-05-30 00:04:52,956 [ERROR] serial_handler: Serial error: could not open port 'COM5': FileNotFoundError(2, 'The system cannot find the file specified.', None, 2)
2026-05-30 00:04:54,960 [ERROR] serial_handler: Serial error: could not open port 'COM5': FileNotFoundError(2, 'The system cannot find the file specified.', None, 2)
2026-05-30 00:04:56,962 [ERROR] serial_handler: Serial error: could not open port 'COM5': FileNotFoundError(2, 'The system cannot find the file specified.', None, 2)
2026-05-30 00:04:58,969 [ERROR] serial_handler: Serial error: could not open port 'COM5': FileNotFoundError(2, 'The system cannot find the file specified.', None, 2)
2026-05-30 00:05:00,971 [ERROR] serial_handler: Serial error: could not open port 'COM5': FileNotFoundError(2, 'The system cannot find the file specified.', None, 2)
2026-05-30 00:05:02,973 [ERROR] serial_handler: Serial error: could not open port 'COM5': FileNotFoundError(2, 'The system cannot find the file specified.', None, 2)
2026-05-30 00:05:04,974 [ERROR] serial_handler: Serial error: could not open port 'COM5': FileNotFoundError(2, 'The system cannot find the file specified.', None, 2)
2026-05-30 00:05:06,977 [ERROR] serial_handler: Serial error: could not open port 'COM5': FileNotFoundError(2, 'The system cannot find the file specified.', None, 2)
2026-05-30 00:05:08,979 [ERROR] serial_handler: Serial error: could not open port 'COM5': FileNotFoundError(2, 'The system cannot find the file specified.', None, 2)
2026-05-30 00:05:10,982 [ERROR] serial_handler: Serial error: could not open port 'COM5': FileNotFoundError(2, 'The system cannot find the file specified.', None, 2)
2026-05-30 00:05:13,121 [ERROR] serial_handler: Serial error: could not open port 'COM5': FileNotFoundError(2, 'The system cannot find the file specified.', None, 2)
2026-05-30 00:05:15,127 [ERROR] serial_handler: Serial error: could not open port 'COM5': FileNotFoundError(2, 'The system cannot find the file specified.', None, 2)
2026-05-30 00:05:17,129 [ERROR] serial_handler: Serial error: could not open port 'COM5': FileNotFoundError(2, 'The system cannot find the file specified.', None, 2)
2026-05-30 00:05:19,130 [ERROR] serial_handler: Serial error: could not open port 'COM5': FileNotFoundError(2, 'The system cannot find the file specified.', None, 2)
2026-05-30 00:05:21,131 [ERROR] serial_handler: Serial error: could not open port 'COM5': FileNotFoundError(2, 'The system cannot find the file specified.', None, 2)
2026-05-30 00:05:23,133 [ERROR] serial_handler: Serial error: could not open port 'COM5': FileNotFoundError(2, 'The system cannot find the file specified.', None, 2)
2026-05-30 00:05:25,135 [ERROR] serial_handler: Serial error: could not open port 'COM5': FileNotFoundError(2, 'The system cannot find the file specified.', None, 2)
2026-05-30 00:05:27,136 [ERROR] serial_handler: Serial error: could not open port 'COM5': FileNotFoundError(2, 'The system cannot find the file specified.', None, 2)
2026-05-30 00:05:29,137 [ERROR] serial_handler: Serial error: could not open port 'COM5': FileNotFoundError(2, 'The system cannot find the file specified.', None, 2)
2026-05-30 00:05:31,139 [ERROR] serial_handler: Serial error: could not open port 'COM5': FileNotFoundError(2, 'The system cannot find the file specified.', None, 2)
2026-05-30 00:05:33,141 [ERROR] serial_handler: Serial error: could not open port 'COM5': FileNotFoundError(2, 'The system cannot find the file specified.', None, 2)
2026-05-30 00:05:35,143 [ERROR] serial_handler: Serial error: could not open port 'COM5': FileNotFoundError(2, 'The system cannot find the file specified.', None, 2)
2026-05-30 00:05:37,145 [ERROR] serial_handler: Serial error: could not open port 'COM5': FileNotFoundError(2, 'The system cannot find the file specified.', None, 2)
2026-05-30 00:05:39,148 [ERROR] serial_handler: Serial error: could not open port 'COM5': FileNotFoundError(2, 'The system cannot find the file specified.', None, 2)
2026-05-30 01:00:03,717 [ERROR] serial_handler: Serial error: could not open port 'COM5': FileNotFoundError(2, 'The system cannot find the file specified.', None, 2)
2026-05-30 01:00:05,741 [ERROR] serial_handler: Serial error: could not open port 'COM5': FileNotFoundError(2, 'The system cannot find the file specified.', None, 2)
2026-05-30 01:00:07,750 [ERROR] serial_handler: Serial error: could not open port 'COM5': FileNotFoundError(2, 'The system cannot find the file specified.', None, 2)
2026-05-30 01:00:09,611 [INFO] __main__: Shutting down...
2026-05-30 01:00:09,752 [INFO] logger: CSV log closed. 176 packets written.
2026-05-30 15:37:44,414 [INFO] logger: DataLogger initialised. CSV: logs\telemetry_20260530_153744.csv | Raw: logs\raw_20260530_153744.txt
2026-05-30 15:37:44,415 [INFO] __main__: SerialWorker started on COM5
2026-05-30 15:37:44,537 [INFO] serial_handler: Serial port COM5 opened at 9600 baud
2026-05-30 15:37:58,296 [INFO] __main__: TX: CMD,1059,MEC,1000,ON
2026-05-30 15:37:58,296 [DEBUG] serial_handler: TX queued: CMD,1059,MEC,1000,ON
2026-05-30 15:37:58,579 [INFO] serial_handler: TX sent: CMD,1059,MEC,1000,ON
2026-05-30 15:37:59,169 [INFO] __main__: TX: CMD,1059,MEC,0200,ON
2026-05-30 15:37:59,169 [DEBUG] serial_handler: TX queued: CMD,1059,MEC,0200,ON
2026-05-30 15:37:59,853 [INFO] __main__: TX: CMD,1059,MEC,0030,ON
2026-05-30 15:37:59,853 [DEBUG] serial_handler: TX queued: CMD,1059,MEC,0030,ON
2026-05-30 15:38:00,390 [INFO] __main__: TX: CMD,1059,MEC,0030,OFF
2026-05-30 15:38:00,390 [DEBUG] serial_handler: TX queued: CMD,1059,MEC,0030,OFF
2026-05-30 15:38:00,582 [INFO] serial_handler: TX sent: CMD,1059,MEC,0200,ON
2026-05-30 15:38:00,582 [INFO] serial_handler: TX sent: CMD,1059,MEC,0030,ON
2026-05-30 15:38:00,582 [INFO] serial_handler: TX sent: CMD,1059,MEC,0030,OFF
2026-05-30 15:38:01,085 [INFO] __main__: TX: CMD,1059,MEC,0200,OFF
2026-05-30 15:38:01,085 [DEBUG] serial_handler: TX queued: CMD,1059,MEC,0200,OFF
2026-05-30 15:38:02,207 [INFO] __main__: TX: CMD,1059,MEC,1000,OFF
2026-05-30 15:38:02,207 [DEBUG] serial_handler: TX queued: CMD,1059,MEC,1000,OFF
2026-05-30 15:38:02,595 [INFO] serial_handler: TX sent: CMD,1059,MEC,0200,OFF
2026-05-30 15:38:02,595 [INFO] serial_handler: TX sent: CMD,1059,MEC,1000,OFF
2026-05-30 15:38:14,140 [INFO] __main__: TX: CMD,1059,MEC,1000,ON
2026-05-30 15:38:14,140 [DEBUG] serial_handler: TX queued: CMD,1059,MEC,1000,ON
2026-05-30 15:38:14,644 [INFO] serial_handler: TX sent: CMD,1059,MEC,1000,ON
2026-05-30 15:38:14,951 [INFO] __main__: TX: CMD,1059,MEC,0200,ON
2026-05-30 15:38:14,951 [DEBUG] serial_handler: TX queued: CMD,1059,MEC,0200,ON
2026-05-30 15:38:15,728 [INFO] __main__: TX: CMD,1059,MEC,0030,ON
2026-05-30 15:38:15,728 [DEBUG] serial_handler: TX queued: CMD,1059,MEC,0030,ON
2026-05-30 15:38:16,644 [INFO] serial_handler: TX sent: CMD,1059,MEC,0200,ON
2026-05-30 15:38:16,644 [INFO] serial_handler: TX sent: CMD,1059,MEC,0030,ON
2026-05-30 15:38:16,730 [INFO] __main__: TX: CMD,1059,MEC,0004,ON
2026-05-30 15:38:16,730 [DEBUG] serial_handler: TX queued: CMD,1059,MEC,0004,ON
2026-05-30 15:38:17,497 [INFO] __main__: TX: CMD,1059,MEC,0004,OFF
2026-05-30 15:38:17,499 [DEBUG] serial_handler: TX queued: CMD,1059,MEC,0004,OFF
2026-05-30 15:38:18,098 [INFO] __main__: TX: CMD,1059,MEC,0030,OFF
2026-05-30 15:38:18,098 [DEBUG] serial_handler: TX queued: CMD,1059,MEC,0030,OFF
2026-05-30 15:38:18,649 [INFO] serial_handler: TX sent: CMD,1059,MEC,0004,ON
2026-05-30 15:38:18,649 [INFO] serial_handler: TX sent: CMD,1059,MEC,0004,OFF
2026-05-30 15:38:18,649 [INFO] serial_handler: TX sent: CMD,1059,MEC,0030,OFF
2026-05-30 15:38:18,748 [INFO] __main__: TX: CMD,1059,MEC,0200,OFF
2026-05-30 15:38:18,748 [DEBUG] serial_handler: TX queued: CMD,1059,MEC,0200,OFF
2026-05-30 15:38:19,516 [INFO] __main__: TX: CMD,1059,MEC,1000,OFF
2026-05-30 15:38:19,516 [DEBUG] serial_handler: TX queued: CMD,1059,MEC,1000,OFF
2026-05-30 15:38:20,651 [INFO] serial_handler: TX sent: CMD,1059,MEC,0200,OFF
2026-05-30 15:38:20,651 [INFO] serial_handler: TX sent: CMD,1059,MEC,1000,OFF
2026-05-30 15:47:27,438 [ERROR] serial_handler: Read error: ClearCommError failed (PermissionError(13, 'Access is denied.', None, 5))
2026-05-30 15:47:27,438 [ERROR] serial_handler: Serial error: could not open port 'COM5': FileNotFoundError(2, 'The system cannot find the file specified.', None, 2)
2026-05-30 15:47:29,449 [ERROR] serial_handler: Serial error: could not open port 'COM5': FileNotFoundError(2, 'The system cannot find the file specified.', None, 2)
2026-05-30 15:47:31,450 [ERROR] serial_handler: Serial error: could not open port 'COM5': FileNotFoundError(2, 'The system cannot find the file specified.', None, 2)
2026-05-30 15:47:33,451 [ERROR] serial_handler: Serial error: could not open port 'COM5': FileNotFoundError(2, 'The system cannot find the file specified.', None, 2)
2026-05-30 15:47:35,454 [ERROR] serial_handler: Serial error: could not open port 'COM5': FileNotFoundError(2, 'The system cannot find the file specified.', None, 2)
2026-05-30 15:47:37,456 [ERROR] serial_handler: Serial error: could not open port 'COM5': FileNotFoundError(2, 'The system cannot find the file specified.', None, 2)
2026-05-30 15:47:39,457 [ERROR] serial_handler: Serial error: could not open port 'COM5': FileNotFoundError(2, 'The system cannot find the file specified.', None, 2)
2026-05-30 15:47:41,459 [ERROR] serial_handler: Serial error: could not open port 'COM5': FileNotFoundError(2, 'The system cannot find the file specified.', None, 2)
2026-05-30 15:47:43,461 [ERROR] serial_handler: Serial error: could not open port 'COM5': FileNotFoundError(2, 'The system cannot find the file specified.', None, 2)
2026-05-30 15:47:45,463 [ERROR] serial_handler: Serial error: could not open port 'COM5': FileNotFoundError(2, 'The system cannot find the file specified.', None, 2)
2026-05-30 15:47:47,466 [ERROR] serial_handler: Serial error: could not open port 'COM5': FileNotFoundError(2, 'The system cannot find the file specified.', None, 2)
2026-05-30 15:47:49,469 [ERROR] serial_handler: Serial error: could not open port 'COM5': FileNotFoundError(2, 'The system cannot find the file specified.', None, 2)
2026-05-30 15:47:51,471 [ERROR] serial_handler: Serial error: could not open port 'COM5': FileNotFoundError(2, 'The system cannot find the file specified.', None, 2)
2026-05-30 15:47:53,472 [ERROR] serial_handler: Serial error: could not open port 'COM5': FileNotFoundError(2, 'The system cannot find the file specified.', None, 2)
2026-05-30 15:47:55,474 [ERROR] serial_handler: Serial error: could not open port 'COM5': FileNotFoundError(2, 'The system cannot find the file specified.', None, 2)
2026-05-30 15:47:57,476 [ERROR] serial_handler: Serial error: could not open port 'COM5': FileNotFoundError(2, 'The system cannot find the file specified.', None, 2)
2026-05-30 15:47:59,478 [ERROR] serial_handler: Serial error: could not open port 'COM5': FileNotFoundError(2, 'The system cannot find the file specified.', None, 2)
2026-05-30 15:48:01,480 [ERROR] serial_handler: Serial error: could not open port 'COM5': FileNotFoundError(2, 'The system cannot find the file specified.', None, 2)
2026-05-30 15:48:03,482 [ERROR] serial_handler: Serial error: could not open port 'COM5': FileNotFoundError(2, 'The system cannot find the file specified.', None, 2)
2026-05-30 15:48:05,484 [ERROR] serial_handler: Serial error: could not open port 'COM5': FileNotFoundError(2, 'The system cannot find the file specified.', None, 2)
2026-05-30 15:48:07,486 [ERROR] serial_handler: Serial error: could not open port 'COM5': FileNotFoundError(2, 'The system cannot find the file specified.', None, 2)
2026-05-30 15:48:09,489 [ERROR] serial_handler: Serial error: could not open port 'COM5': FileNotFoundError(2, 'The system cannot find the file specified.', None, 2)
2026-05-30 15:48:11,491 [ERROR] serial_handler: Serial error: could not open port 'COM5': FileNotFoundError(2, 'The system cannot find the file specified.', None, 2)
2026-05-30 15:48:13,493 [ERROR] serial_handler: Serial error: could not open port 'COM5': FileNotFoundError(2, 'The system cannot find the file specified.', None, 2)
2026-05-30 15:48:15,495 [ERROR] serial_handler: Serial error: could not open port 'COM5': FileNotFoundError(2, 'The system cannot find the file specified.', None, 2)
2026-05-30 15:48:17,497 [ERROR] serial_handler: Serial error: could not open port 'COM5': FileNotFoundError(2, 'The system cannot find the file specified.', None, 2)
2026-05-30 15:48:19,499 [ERROR] serial_handler: Serial error: could not open port 'COM5': FileNotFoundError(2, 'The system cannot find the file specified.', None, 2)
2026-05-30 15:48:21,501 [ERROR] serial_handler: Serial error: could not open port 'COM5': FileNotFoundError(2, 'The system cannot find the file specified.', None, 2)
2026-05-30 15:48:23,503 [ERROR] serial_handler: Serial error: could not open port 'COM5': FileNotFoundError(2, 'The system cannot find the file specified.', None, 2)
2026-05-30 15:48:25,505 [ERROR] serial_handler: Serial error: could not open port 'COM5': FileNotFoundError(2, 'The system cannot find the file specified.', None, 2)
2026-05-30 15:48:27,506 [ERROR] serial_handler: Serial error: could not open port 'COM5': FileNotFoundError(2, 'The system cannot find the file specified.', None, 2)
2026-05-30 15:48:29,509 [ERROR] serial_handler: Serial error: could not open port 'COM5': FileNotFoundError(2, 'The system cannot find the file specified.', None, 2)
2026-05-30 15:48:31,511 [ERROR] serial_handler: Serial error: could not open port 'COM5': FileNotFoundError(2, 'The system cannot find the file specified.', None, 2)
2026-05-30 15:48:33,513 [ERROR] serial_handler: Serial error: could not open port 'COM5': FileNotFoundError(2, 'The system cannot find the file specified.', None, 2)
2026-05-30 15:48:35,516 [ERROR] serial_handler: Serial error: could not open port 'COM5': FileNotFoundError(2, 'The system cannot find the file specified.', None, 2)
2026-05-30 15:48:37,518 [ERROR] serial_handler: Serial error: could not open port 'COM5': FileNotFoundError(2, 'The system cannot find the file specified.', None, 2)
2026-05-30 15:48:39,519 [ERROR] serial_handler: Serial error: could not open port 'COM5': FileNotFoundError(2, 'The system cannot find the file specified.', None, 2)
2026-05-30 15:48:41,522 [ERROR] serial_handler: Serial error: could not open port 'COM5': FileNotFoundError(2, 'The system cannot find the file specified.', None, 2)
2026-05-30 15:48:43,523 [ERROR] serial_handler: Serial error: could not open port 'COM5': FileNotFoundError(2, 'The system cannot find the file specified.', None, 2)
2026-05-30 15:48:45,526 [ERROR] serial_handler: Serial error: could not open port 'COM5': FileNotFoundError(2, 'The system cannot find the file specified.', None, 2)
2026-05-30 15:48:47,528 [ERROR] serial_handler: Serial error: could not open port 'COM5': FileNotFoundError(2, 'The system cannot find the file specified.', None, 2)
2026-05-30 15:48:49,530 [ERROR] serial_handler: Serial error: could not open port 'COM5': FileNotFoundError(2, 'The system cannot find the file specified.', None, 2)
2026-05-30 15:48:51,532 [ERROR] serial_handler: Serial error: could not open port 'COM5': FileNotFoundError(2, 'The system cannot find the file specified.', None, 2)
2026-05-30 15:48:53,534 [ERROR] serial_handler: Serial error: could not open port 'COM5': FileNotFoundError(2, 'The system cannot find the file specified.', None, 2)
2026-05-30 15:48:55,536 [ERROR] serial_handler: Serial error: could not open port 'COM5': FileNotFoundError(2, 'The system cannot find the file specified.', None, 2)
2026-05-30 15:48:57,539 [ERROR] serial_handler: Serial error: could not open port 'COM5': FileNotFoundError(2, 'The system cannot find the file specified.', None, 2)
2026-05-30 15:48:59,541 [ERROR] serial_handler: Serial error: could not open port 'COM5': FileNotFoundError(2, 'The system cannot find the file specified.', None, 2)
2026-05-30 15:49:01,543 [ERROR] serial_handler: Serial error: could not open port 'COM5': FileNotFoundError(2, 'The system cannot find the file specified.', None, 2)
2026-05-30 15:49:03,545 [ERROR] serial_handler: Serial error: could not open port 'COM5': FileNotFoundError(2, 'The system cannot find the file specified.', None, 2)
2026-05-30 15:49:05,547 [ERROR] serial_handler: Serial error: could not open port 'COM5': FileNotFoundError(2, 'The system cannot find the file specified.', None, 2)
2026-05-30 15:49:07,549 [ERROR] serial_handler: Serial error: could not open port 'COM5': FileNotFoundError(2, 'The system cannot find the file specified.', None, 2)
2026-05-30 15:49:09,552 [ERROR] serial_handler: Serial error: could not open port 'COM5': FileNotFoundError(2, 'The system cannot find the file specified.', None, 2)
2026-05-30 15:49:11,554 [ERROR] serial_handler: Serial error: could not open port 'COM5': FileNotFoundError(2, 'The system cannot find the file specified.', None, 2)
2026-05-30 15:49:13,556 [ERROR] serial_handler: Serial error: could not open port 'COM5': FileNotFoundError(2, 'The system cannot find the file specified.', None, 2)
2026-05-30 15:49:15,559 [ERROR] serial_handler: Serial error: could not open port 'COM5': FileNotFoundError(2, 'The system cannot find the file specified.', None, 2)
2026-05-30 15:49:17,561 [ERROR] serial_handler: Serial error: could not open port 'COM5': FileNotFoundError(2, 'The system cannot find the file specified.', None, 2)
2026-05-30 15:49:19,563 [ERROR] serial_handler: Serial error: could not open port 'COM5': FileNotFoundError(2, 'The system cannot find the file specified.', None, 2)
2026-05-30 15:49:21,565 [ERROR] serial_handler: Serial error: could not open port 'COM5': FileNotFoundError(2, 'The system cannot find the file specified.', None, 2)
2026-05-30 15:49:23,567 [ERROR] serial_handler: Serial error: could not open port 'COM5': FileNotFoundError(2, 'The system cannot find the file specified.', None, 2)
2026-05-30 15:49:25,569 [ERROR] serial_handler: Serial error: could not open port 'COM5': FileNotFoundError(2, 'The system cannot find the file specified.', None, 2)
2026-05-30 15:49:27,571 [ERROR] serial_handler: Serial error: could not open port 'COM5': FileNotFoundError(2, 'The system cannot find the file specified.', None, 2)
2026-05-30 15:49:29,573 [ERROR] serial_handler: Serial error: could not open port 'COM5': FileNotFoundError(2, 'The system cannot find the file specified.', None, 2)
2026-05-30 15:49:31,576 [ERROR] serial_handler: Serial error: could not open port 'COM5': FileNotFoundError(2, 'The system cannot find the file specified.', None, 2)
2026-05-30 15:49:33,578 [ERROR] serial_handler: Serial error: could not open port 'COM5': FileNotFoundError(2, 'The system cannot find the file specified.', None, 2)
2026-05-30 15:49:35,580 [ERROR] serial_handler: Serial error: could not open port 'COM5': FileNotFoundError(2, 'The system cannot find the file specified.', None, 2)
2026-05-30 15:49:37,582 [ERROR] serial_handler: Serial error: could not open port 'COM5': FileNotFoundError(2, 'The system cannot find the file specified.', None, 2)
2026-05-30 15:49:39,584 [ERROR] serial_handler: Serial error: could not open port 'COM5': FileNotFoundError(2, 'The system cannot find the file specified.', None, 2)
2026-05-30 15:49:41,586 [ERROR] serial_handler: Serial error: could not open port 'COM5': FileNotFoundError(2, 'The system cannot find the file specified.', None, 2)
2026-05-30 15:49:43,588 [ERROR] serial_handler: Serial error: could not open port 'COM5': FileNotFoundError(2, 'The system cannot find the file specified.', None, 2)
2026-05-30 15:49:45,590 [ERROR] serial_handler: Serial error: could not open port 'COM5': FileNotFoundError(2, 'The system cannot find the file specified.', None, 2)
2026-05-30 15:49:47,592 [ERROR] serial_handler: Serial error: could not open port 'COM5': FileNotFoundError(2, 'The system cannot find the file specified.', None, 2)
2026-05-30 15:49:49,594 [ERROR] serial_handler: Serial error: could not open port 'COM5': FileNotFoundError(2, 'The system cannot find the file specified.', None, 2)
2026-05-30 15:49:51,596 [ERROR] serial_handler: Serial error: could not open port 'COM5': FileNotFoundError(2, 'The system cannot find the file specified.', None, 2)
2026-05-30 15:49:53,598 [ERROR] serial_handler: Serial error: could not open port 'COM5': FileNotFoundError(2, 'The system cannot find the file specified.', None, 2)
2026-05-30 15:49:55,600 [ERROR] serial_handler: Serial error: could not open port 'COM5': FileNotFoundError(2, 'The system cannot find the file specified.', None, 2)
2026-05-30 15:49:57,602 [ERROR] serial_handler: Serial error: could not open port 'COM5': FileNotFoundError(2, 'The system cannot find the file specified.', None, 2)
2026-05-30 15:49:59,604 [ERROR] serial_handler: Serial error: could not open port 'COM5': FileNotFoundError(2, 'The system cannot find the file specified.', None, 2)
2026-05-30 15:50:01,605 [ERROR] serial_handler: Serial error: could not open port 'COM5': FileNotFoundError(2, 'The system cannot find the file specified.', None, 2)
2026-05-30 15:50:03,607 [ERROR] serial_handler: Serial error: could not open port 'COM5': FileNotFoundError(2, 'The system cannot find the file specified.', None, 2)
2026-05-30 15:50:05,609 [ERROR] serial_handler: Serial error: could not open port 'COM5': FileNotFoundError(2, 'The system cannot find the file specified.', None, 2)
2026-05-30 15:50:07,611 [ERROR] serial_handler: Serial error: could not open port 'COM5': FileNotFoundError(2, 'The system cannot find the file specified.', None, 2)
2026-05-30 15:50:09,613 [ERROR] serial_handler: Serial error: could not open port 'COM5': FileNotFoundError(2, 'The system cannot find the file specified.', None, 2)
2026-05-30 15:50:11,615 [ERROR] serial_handler: Serial error: could not open port 'COM5': FileNotFoundError(2, 'The system cannot find the file specified.', None, 2)
2026-05-30 15:50:13,617 [ERROR] serial_handler: Serial error: could not open port 'COM5': FileNotFoundError(2, 'The system cannot find the file specified.', None, 2)
2026-05-30 15:50:15,619 [ERROR] serial_handler: Serial error: could not open port 'COM5': FileNotFoundError(2, 'The system cannot find the file specified.', None, 2)
2026-05-30 15:50:17,621 [ERROR] serial_handler: Serial error: could not open port 'COM5': FileNotFoundError(2, 'The system cannot find the file specified.', None, 2)
2026-05-30 15:50:19,624 [ERROR] serial_handler: Serial error: could not open port 'COM5': FileNotFoundError(2, 'The system cannot find the file specified.', None, 2)
2026-05-30 15:50:21,625 [ERROR] serial_handler: Serial error: could not open port 'COM5': FileNotFoundError(2, 'The system cannot find the file specified.', None, 2)
2026-05-30 15:50:23,628 [ERROR] serial_handler: Serial error: could not open port 'COM5': FileNotFoundError(2, 'The system cannot find the file specified.', None, 2)
2026-05-30 15:50:25,629 [ERROR] serial_handler: Serial error: could not open port 'COM5': FileNotFoundError(2, 'The system cannot find the file specified.', None, 2)
2026-05-30 15:50:27,632 [ERROR] serial_handler: Serial error: could not open port 'COM5': FileNotFoundError(2, 'The system cannot find the file specified.', None, 2)
2026-05-30 15:50:29,634 [ERROR] serial_handler: Serial error: could not open port 'COM5': FileNotFoundError(2, 'The system cannot find the file specified.', None, 2)
2026-05-30 15:50:31,636 [ERROR] serial_handler: Serial error: could not open port 'COM5': FileNotFoundError(2, 'The system cannot find the file specified.', None, 2)
2026-05-30 15:50:33,638 [ERROR] serial_handler: Serial error: could not open port 'COM5': FileNotFoundError(2, 'The system cannot find the file specified.', None, 2)
2026-05-30 15:50:35,640 [ERROR] serial_handler: Serial error: could not open port 'COM5': FileNotFoundError(2, 'The system cannot find the file specified.', None, 2)
2026-05-30 15:50:37,642 [ERROR] serial_handler: Serial error: could not open port 'COM5': FileNotFoundError(2, 'The system cannot find the file specified.', None, 2)
2026-05-30 15:50:39,644 [ERROR] serial_handler: Serial error: could not open port 'COM5': FileNotFoundError(2, 'The system cannot find the file specified.', None, 2)
2026-05-30 15:50:41,646 [ERROR] serial_handler: Serial error: could not open port 'COM5': FileNotFoundError(2, 'The system cannot find the file specified.', None, 2)
2026-05-30 15:50:43,648 [ERROR] serial_handler: Serial error: could not open port 'COM5': FileNotFoundError(2, 'The system cannot find the file specified.', None, 2)
2026-05-30 15:50:45,650 [ERROR] serial_handler: Serial error: could not open port 'COM5': FileNotFoundError(2, 'The system cannot find the file specified.', None, 2)
2026-05-30 15:50:47,652 [ERROR] serial_handler: Serial error: could not open port 'COM5': FileNotFoundError(2, 'The system cannot find the file specified.', None, 2)
2026-05-30 15:50:49,654 [ERROR] serial_handler: Serial error: could not open port 'COM5': FileNotFoundError(2, 'The system cannot find the file specified.', None, 2)
2026-05-30 15:50:51,656 [ERROR] serial_handler: Serial error: could not open port 'COM5': FileNotFoundError(2, 'The system cannot find the file specified.', None, 2)
2026-05-30 15:50:53,658 [ERROR] serial_handler: Serial error: could not open port 'COM5': FileNotFoundError(2, 'The system cannot find the file specified.', None, 2)
2026-05-30 15:50:55,660 [ERROR] serial_handler: Serial error: could not open port 'COM5': FileNotFoundError(2, 'The system cannot find the file specified.', None, 2)
2026-05-30 15:50:57,662 [ERROR] serial_handler: Serial error: could not open port 'COM5': FileNotFoundError(2, 'The system cannot find the file specified.', None, 2)
2026-05-30 15:50:59,664 [ERROR] serial_handler: Serial error: could not open port 'COM5': FileNotFoundError(2, 'The system cannot find the file specified.', None, 2)
2026-05-30 15:51:01,666 [ERROR] serial_handler: Serial error: could not open port 'COM5': FileNotFoundError(2, 'The system cannot find the file specified.', None, 2)
2026-05-30 15:51:03,668 [ERROR] serial_handler: Serial error: could not open port 'COM5': FileNotFoundError(2, 'The system cannot find the file specified.', None, 2)
2026-05-30 15:51:05,670 [ERROR] serial_handler: Serial error: could not open port 'COM5': FileNotFoundError(2, 'The system cannot find the file specified.', None, 2)
2026-05-30 15:51:07,672 [ERROR] serial_handler: Serial error: could not open port 'COM5': FileNotFoundError(2, 'The system cannot find the file specified.', None, 2)
2026-05-30 15:51:09,674 [ERROR] serial_handler: Serial error: could not open port 'COM5': FileNotFoundError(2, 'The system cannot find the file specified.', None, 2)
2026-05-30 15:51:11,676 [ERROR] serial_handler: Serial error: could not open port 'COM5': FileNotFoundError(2, 'The system cannot find the file specified.', None, 2)
2026-05-30 15:51:13,678 [ERROR] serial_handler: Serial error: could not open port 'COM5': FileNotFoundError(2, 'The system cannot find the file specified.', None, 2)
2026-05-30 15:51:15,680 [ERROR] serial_handler: Serial error: could not open port 'COM5': FileNotFoundError(2, 'The system cannot find the file specified.', None, 2)
2026-05-30 15:51:17,681 [ERROR] serial_handler: Serial error: could not open port 'COM5': FileNotFoundError(2, 'The system cannot find the file specified.', None, 2)
2026-05-30 15:51:19,684 [ERROR] serial_handler: Serial error: could not open port 'COM5': FileNotFoundError(2, 'The system cannot find the file specified.', None, 2)
2026-05-30 15:51:21,686 [ERROR] serial_handler: Serial error: could not open port 'COM5': FileNotFoundError(2, 'The system cannot find the file specified.', None, 2)
2026-05-30 15:51:23,688 [ERROR] serial_handler: Serial error: could not open port 'COM5': FileNotFoundError(2, 'The system cannot find the file specified.', None, 2)
2026-05-30 15:51:25,690 [ERROR] serial_handler: Serial error: could not open port 'COM5': FileNotFoundError(2, 'The system cannot find the file specified.', None, 2)
2026-05-30 15:51:27,692 [ERROR] serial_handler: Serial error: could not open port 'COM5': FileNotFoundError(2, 'The system cannot find the file specified.', None, 2)
2026-05-30 15:51:29,694 [ERROR] serial_handler: Serial error: could not open port 'COM5': FileNotFoundError(2, 'The system cannot find the file specified.', None, 2)
2026-05-30 15:51:31,695 [ERROR] serial_handler: Serial error: could not open port 'COM5': FileNotFoundError(2, 'The system cannot find the file specified.', None, 2)
2026-05-30 15:51:33,697 [ERROR] serial_handler: Serial error: could not open port 'COM5': FileNotFoundError(2, 'The system cannot find the file specified.', None, 2)
2026-05-30 15:51:35,699 [ERROR] serial_handler: Serial error: could not open port 'COM5': FileNotFoundError(2, 'The system cannot find the file specified.', None, 2)
2026-05-30 15:51:37,702 [ERROR] serial_handler: Serial error: could not open port 'COM5': FileNotFoundError(2, 'The system cannot find the file specified.', None, 2)
2026-05-30 15:51:39,703 [ERROR] serial_handler: Serial error: could not open port 'COM5': FileNotFoundError(2, 'The system cannot find the file specified.', None, 2)
2026-05-30 15:51:41,706 [ERROR] serial_handler: Serial error: could not open port 'COM5': FileNotFoundError(2, 'The system cannot find the file specified.', None, 2)
2026-05-30 15:51:43,708 [ERROR] serial_handler: Serial error: could not open port 'COM5': FileNotFoundError(2, 'The system cannot find the file specified.', None, 2)
2026-05-30 15:51:45,711 [ERROR] serial_handler: Serial error: could not open port 'COM5': FileNotFoundError(2, 'The system cannot find the file specified.', None, 2)
2026-05-30 15:51:47,713 [ERROR] serial_handler: Serial error: could not open port 'COM5': FileNotFoundError(2, 'The system cannot find the file specified.', None, 2)
2026-05-30 15:51:49,715 [ERROR] serial_handler: Serial error: could not open port 'COM5': FileNotFoundError(2, 'The system cannot find the file specified.', None, 2)
2026-05-30 15:51:51,717 [ERROR] serial_handler: Serial error: could not open port 'COM5': FileNotFoundError(2, 'The system cannot find the file specified.', None, 2)
2026-05-30 15:51:53,719 [ERROR] serial_handler: Serial error: could not open port 'COM5': FileNotFoundError(2, 'The system cannot find the file specified.', None, 2)
2026-05-30 15:51:55,721 [ERROR] serial_handler: Serial error: could not open port 'COM5': FileNotFoundError(2, 'The system cannot find the file specified.', None, 2)
2026-05-30 15:51:57,724 [ERROR] serial_handler: Serial error: could not open port 'COM5': FileNotFoundError(2, 'The system cannot find the file specified.', None, 2)
2026-05-30 15:51:59,725 [ERROR] serial_handler: Serial error: could not open port 'COM5': FileNotFoundError(2, 'The system cannot find the file specified.', None, 2)
2026-05-30 15:52:01,727 [ERROR] serial_handler: Serial error: could not open port 'COM5': FileNotFoundError(2, 'The system cannot find the file specified.', None, 2)
2026-05-30 15:52:03,729 [ERROR] serial_handler: Serial error: could not open port 'COM5': FileNotFoundError(2, 'The system cannot find the file specified.', None, 2)
2026-05-30 15:52:05,731 [ERROR] serial_handler: Serial error: could not open port 'COM5': FileNotFoundError(2, 'The system cannot find the file specified.', None, 2)
2026-05-30 15:52:07,733 [ERROR] serial_handler: Serial error: could not open port 'COM5': FileNotFoundError(2, 'The system cannot find the file specified.', None, 2)
2026-05-30 15:52:09,735 [ERROR] serial_handler: Serial error: could not open port 'COM5': FileNotFoundError(2, 'The system cannot find the file specified.', None, 2)
2026-05-30 15:52:11,737 [ERROR] serial_handler: Serial error: could not open port 'COM5': FileNotFoundError(2, 'The system cannot find the file specified.', None, 2)
2026-05-30 15:52:13,739 [ERROR] serial_handler: Serial error: could not open port 'COM5': FileNotFoundError(2, 'The system cannot find the file specified.', None, 2)
2026-05-30 15:52:15,741 [ERROR] serial_handler: Serial error: could not open port 'COM5': FileNotFoundError(2, 'The system cannot find the file specified.', None, 2)
2026-05-30 15:52:17,743 [ERROR] serial_handler: Serial error: could not open port 'COM5': FileNotFoundError(2, 'The system cannot find the file specified.', None, 2)
2026-05-30 15:52:19,746 [ERROR] serial_handler: Serial error: could not open port 'COM5': FileNotFoundError(2, 'The system cannot find the file specified.', None, 2)
2026-05-30 15:52:21,749 [ERROR] serial_handler: Serial error: could not open port 'COM5': FileNotFoundError(2, 'The system cannot find the file specified.', None, 2)
2026-05-30 15:52:23,751 [ERROR] serial_handler: Serial error: could not open port 'COM5': FileNotFoundError(2, 'The system cannot find the file specified.', None, 2)
2026-05-30 15:52:25,753 [ERROR] serial_handler: Serial error: could not open port 'COM5': FileNotFoundError(2, 'The system cannot find the file specified.', None, 2)
2026-05-30 15:52:27,755 [ERROR] serial_handler: Serial error: could not open port 'COM5': FileNotFoundError(2, 'The system cannot find the file specified.', None, 2)
2026-05-30 15:52:29,757 [ERROR] serial_handler: Serial error: could not open port 'COM5': FileNotFoundError(2, 'The system cannot find the file specified.', None, 2)
2026-05-30 15:52:31,760 [ERROR] serial_handler: Serial error: could not open port 'COM5': FileNotFoundError(2, 'The system cannot find the file specified.', None, 2)
2026-05-30 15:52:33,762 [ERROR] serial_handler: Serial error: could not open port 'COM5': FileNotFoundError(2, 'The system cannot find the file specified.', None, 2)
2026-05-30 15:52:35,764 [ERROR] serial_handler: Serial error: could not open port 'COM5': FileNotFoundError(2, 'The system cannot find the file specified.', None, 2)
2026-05-30 15:52:37,766 [ERROR] serial_handler: Serial error: could not open port 'COM5': FileNotFoundError(2, 'The system cannot find the file specified.', None, 2)
2026-05-30 15:52:39,768 [ERROR] serial_handler: Serial error: could not open port 'COM5': FileNotFoundError(2, 'The system cannot find the file specified.', None, 2)
2026-05-30 15:52:41,770 [ERROR] serial_handler: Serial error: could not open port 'COM5': FileNotFoundError(2, 'The system cannot find the file specified.', None, 2)
2026-05-30 15:52:43,773 [ERROR] serial_handler: Serial error: could not open port 'COM5': FileNotFoundError(2, 'The system cannot find the file specified.', None, 2)
2026-05-30 15:52:45,775 [ERROR] serial_handler: Serial error: could not open port 'COM5': FileNotFoundError(2, 'The system cannot find the file specified.', None, 2)
2026-05-30 15:52:47,777 [ERROR] serial_handler: Serial error: could not open port 'COM5': FileNotFoundError(2, 'The system cannot find the file specified.', None, 2)
2026-05-30 15:52:49,779 [ERROR] serial_handler: Serial error: could not open port 'COM5': FileNotFoundError(2, 'The system cannot find the file specified.', None, 2)
2026-05-30 15:52:51,781 [ERROR] serial_handler: Serial error: could not open port 'COM5': FileNotFoundError(2, 'The system cannot find the file specified.', None, 2)
2026-05-30 15:52:53,783 [ERROR] serial_handler: Serial error: could not open port 'COM5': FileNotFoundError(2, 'The system cannot find the file specified.', None, 2)
2026-05-30 15:52:55,785 [ERROR] serial_handler: Serial error: could not open port 'COM5': FileNotFoundError(2, 'The system cannot find the file specified.', None, 2)
2026-05-30 15:52:57,787 [ERROR] serial_handler: Serial error: could not open port 'COM5': FileNotFoundError(2, 'The system cannot find the file specified.', None, 2)
2026-05-30 15:52:59,789 [ERROR] serial_handler: Serial error: could not open port 'COM5': FileNotFoundError(2, 'The system cannot find the file specified.', None, 2)
2026-05-30 15:53:01,791 [ERROR] serial_handler: Serial error: could not open port 'COM5': FileNotFoundError(2, 'The system cannot find the file specified.', None, 2)
2026-05-30 15:53:03,793 [ERROR] serial_handler: Serial error: could not open port 'COM5': FileNotFoundError(2, 'The system cannot find the file specified.', None, 2)
2026-05-30 15:53:05,795 [ERROR] serial_handler: Serial error: could not open port 'COM5': FileNotFoundError(2, 'The system cannot find the file specified.', None, 2)
2026-05-30 15:53:07,797 [ERROR] serial_handler: Serial error: could not open port 'COM5': FileNotFoundError(2, 'The system cannot find the file specified.', None, 2)
2026-05-30 15:53:09,799 [ERROR] serial_handler: Serial error: could not open port 'COM5': FileNotFoundError(2, 'The system cannot find the file specified.', None, 2)
2026-05-30 15:53:11,801 [ERROR] serial_handler: Serial error: could not open port 'COM5': FileNotFoundError(2, 'The system cannot find the file specified.', None, 2)
2026-05-30 15:53:13,803 [ERROR] serial_handler: Serial error: could not open port 'COM5': FileNotFoundError(2, 'The system cannot find the file specified.', None, 2)
2026-05-30 15:53:15,805 [ERROR] serial_handler: Serial error: could not open port 'COM5': FileNotFoundError(2, 'The system cannot find the file specified.', None, 2)
2026-05-30 15:53:17,808 [ERROR] serial_handler: Serial error: could not open port 'COM5': FileNotFoundError(2, 'The system cannot find the file specified.', None, 2)
2026-05-30 15:53:19,811 [ERROR] serial_handler: Serial error: could not open port 'COM5': FileNotFoundError(2, 'The system cannot find the file specified.', None, 2)
2026-05-30 15:53:21,812 [ERROR] serial_handler: Serial error: could not open port 'COM5': FileNotFoundError(2, 'The system cannot find the file specified.', None, 2)
2026-05-30 15:53:23,815 [ERROR] serial_handler: Serial error: could not open port 'COM5': FileNotFoundError(2, 'The system cannot find the file specified.', None, 2)
2026-05-30 15:53:25,817 [ERROR] serial_handler: Serial error: could not open port 'COM5': FileNotFoundError(2, 'The system cannot find the file specified.', None, 2)
2026-05-30 15:53:27,819 [ERROR] serial_handler: Serial error: could not open port 'COM5': FileNotFoundError(2, 'The system cannot find the file specified.', None, 2)
2026-05-30 15:53:29,821 [ERROR] serial_handler: Serial error: could not open port 'COM5': FileNotFoundError(2, 'The system cannot find the file specified.', None, 2)
2026-05-30 15:53:31,823 [ERROR] serial_handler: Serial error: could not open port 'COM5': FileNotFoundError(2, 'The system cannot find the file specified.', None, 2)
2026-05-30 15:53:33,825 [ERROR] serial_handler: Serial error: could not open port 'COM5': FileNotFoundError(2, 'The system cannot find the file specified.', None, 2)
2026-05-30 15:53:35,827 [ERROR] serial_handler: Serial error: could not open port 'COM5': FileNotFoundError(2, 'The system cannot find the file specified.', None, 2)
2026-05-30 15:53:37,829 [ERROR] serial_handler: Serial error: could not open port 'COM5': FileNotFoundError(2, 'The system cannot find the file specified.', None, 2)
2026-05-30 15:53:39,831 [ERROR] serial_handler: Serial error: could not open port 'COM5': FileNotFoundError(2, 'The system cannot find the file specified.', None, 2)
2026-05-30 15:53:41,833 [ERROR] serial_handler: Serial error: could not open port 'COM5': FileNotFoundError(2, 'The system cannot find the file specified.', None, 2)
2026-05-30 15:53:43,835 [ERROR] serial_handler: Serial error: could not open port 'COM5': FileNotFoundError(2, 'The system cannot find the file specified.', None, 2)
2026-05-30 15:53:45,837 [ERROR] serial_handler: Serial error: could not open port 'COM5': FileNotFoundError(2, 'The system cannot find the file specified.', None, 2)
2026-05-30 15:53:47,838 [ERROR] serial_handler: Serial error: could not open port 'COM5': FileNotFoundError(2, 'The system cannot find the file specified.', None, 2)
2026-05-30 15:53:49,840 [ERROR] serial_handler: Serial error: could not open port 'COM5': FileNotFoundError(2, 'The system cannot find the file specified.', None, 2)
2026-05-30 15:53:51,842 [ERROR] serial_handler: Serial error: could not open port 'COM5': FileNotFoundError(2, 'The system cannot find the file specified.', None, 2)
2026-05-30 15:53:53,844 [ERROR] serial_handler: Serial error: could not open port 'COM5': FileNotFoundError(2, 'The system cannot find the file specified.', None, 2)
2026-05-30 15:53:55,846 [ERROR] serial_handler: Serial error: could not open port 'COM5': FileNotFoundError(2, 'The system cannot find the file specified.', None, 2)
2026-05-30 15:53:57,848 [ERROR] serial_handler: Serial error: could not open port 'COM5': FileNotFoundError(2, 'The system cannot find the file specified.', None, 2)
2026-05-30 15:53:59,850 [ERROR] serial_handler: Serial error: could not open port 'COM5': FileNotFoundError(2, 'The system cannot find the file specified.', None, 2)
2026-05-30 15:54:01,852 [ERROR] serial_handler: Serial error: could not open port 'COM5': FileNotFoundError(2, 'The system cannot find the file specified.', None, 2)
2026-05-30 15:54:03,854 [ERROR] serial_handler: Serial error: could not open port 'COM5': FileNotFoundError(2, 'The system cannot find the file specified.', None, 2)
2026-05-30 15:54:05,856 [ERROR] serial_handler: Serial error: could not open port 'COM5': FileNotFoundError(2, 'The system cannot find the file specified.', None, 2)
2026-05-30 15:54:07,859 [ERROR] serial_handler: Serial error: could not open port 'COM5': FileNotFoundError(2, 'The system cannot find the file specified.', None, 2)
2026-05-30 15:54:09,861 [ERROR] serial_handler: Serial error: could not open port 'COM5': FileNotFoundError(2, 'The system cannot find the file specified.', None, 2)
2026-05-30 15:54:11,863 [ERROR] serial_handler: Serial error: could not open port 'COM5': FileNotFoundError(2, 'The system cannot find the file specified.', None, 2)
2026-05-30 15:54:13,865 [ERROR] serial_handler: Serial error: could not open port 'COM5': FileNotFoundError(2, 'The system cannot find the file specified.', None, 2)
2026-05-30 15:54:15,867 [ERROR] serial_handler: Serial error: could not open port 'COM5': FileNotFoundError(2, 'The system cannot find the file specified.', None, 2)
2026-05-30 15:54:17,869 [ERROR] serial_handler: Serial error: could not open port 'COM5': FileNotFoundError(2, 'The system cannot find the file specified.', None, 2)
2026-05-30 15:54:19,871 [ERROR] serial_handler: Serial error: could not open port 'COM5': FileNotFoundError(2, 'The system cannot find the file specified.', None, 2)
2026-05-30 15:54:21,873 [ERROR] serial_handler: Serial error: could not open port 'COM5': FileNotFoundError(2, 'The system cannot find the file specified.', None, 2)
2026-05-30 15:54:23,875 [ERROR] serial_handler: Serial error: could not open port 'COM5': FileNotFoundError(2, 'The system cannot find the file specified.', None, 2)
2026-05-30 15:54:25,878 [ERROR] serial_handler: Serial error: could not open port 'COM5': FileNotFoundError(2, 'The system cannot find the file specified.', None, 2)
2026-05-30 15:54:27,880 [ERROR] serial_handler: Serial error: could not open port 'COM5': FileNotFoundError(2, 'The system cannot find the file specified.', None, 2)
2026-05-30 15:54:29,883 [ERROR] serial_handler: Serial error: could not open port 'COM5': FileNotFoundError(2, 'The system cannot find the file specified.', None, 2)
2026-05-30 15:54:31,885 [ERROR] serial_handler: Serial error: could not open port 'COM5': FileNotFoundError(2, 'The system cannot find the file specified.', None, 2)
2026-05-30 15:54:33,887 [ERROR] serial_handler: Serial error: could not open port 'COM5': FileNotFoundError(2, 'The system cannot find the file specified.', None, 2)
2026-05-30 15:54:35,889 [ERROR] serial_handler: Serial error: could not open port 'COM5': FileNotFoundError(2, 'The system cannot find the file specified.', None, 2)
2026-05-30 15:54:37,891 [ERROR] serial_handler: Serial error: could not open port 'COM5': FileNotFoundError(2, 'The system cannot find the file specified.', None, 2)
2026-05-30 15:54:39,893 [ERROR] serial_handler: Serial error: could not open port 'COM5': FileNotFoundError(2, 'The system cannot find the file specified.', None, 2)
2026-05-30 15:54:41,896 [ERROR] serial_handler: Serial error: could not open port 'COM5': FileNotFoundError(2, 'The system cannot find the file specified.', None, 2)
2026-05-30 15:54:43,898 [ERROR] serial_handler: Serial error: could not open port 'COM5': FileNotFoundError(2, 'The system cannot find the file specified.', None, 2)
2026-05-30 15:54:45,900 [ERROR] serial_handler: Serial error: could not open port 'COM5': FileNotFoundError(2, 'The system cannot find the file specified.', None, 2)
2026-05-30 15:54:47,902 [ERROR] serial_handler: Serial error: could not open port 'COM5': FileNotFoundError(2, 'The system cannot find the file specified.', None, 2)
2026-05-30 15:54:49,903 [ERROR] serial_handler: Serial error: could not open port 'COM5': FileNotFoundError(2, 'The system cannot find the file specified.', None, 2)
2026-05-30 15:54:51,904 [ERROR] serial_handler: Serial error: could not open port 'COM5': FileNotFoundError(2, 'The system cannot find the file specified.', None, 2)
2026-05-30 15:54:53,906 [ERROR] serial_handler: Serial error: could not open port 'COM5': FileNotFoundError(2, 'The system cannot find the file specified.', None, 2)
2026-05-30 15:54:54,077 [INFO] __main__: Shutting down...
2026-06-01 01:04:40,400 [INFO] logger: DataLogger initialised. CSV: logs\telemetry_20260601_010440.csv | Raw: logs\raw_20260601_010440.txt
2026-06-01 01:04:40,401 [INFO] __main__: SerialWorker started on COM3
2026-06-01 01:04:40,458 [ERROR] serial_handler: Serial error: could not open port 'COM3': FileNotFoundError(2, 'The system cannot find the file specified.', None, 2)
2026-06-01 01:04:42,461 [ERROR] serial_handler: Serial error: could not open port 'COM3': FileNotFoundError(2, 'The system cannot find the file specified.', None, 2)
2026-06-01 01:04:44,463 [ERROR] serial_handler: Serial error: could not open port 'COM3': FileNotFoundError(2, 'The system cannot find the file specified.', None, 2)
2026-06-01 01:04:46,465 [ERROR] serial_handler: Serial error: could not open port 'COM3': FileNotFoundError(2, 'The system cannot find the file specified.', None, 2)
2026-06-01 01:04:48,467 [ERROR] serial_handler: Serial error: could not open port 'COM3': FileNotFoundError(2, 'The system cannot find the file specified.', None, 2)
2026-06-01 01:04:50,469 [ERROR] serial_handler: Serial error: could not open port 'COM3': FileNotFoundError(2, 'The system cannot find the file specified.', None, 2)
2026-06-01 01:04:50,976 [INFO] __main__: Shutting down...
2026-06-01 02:46:06,396 [INFO] logger: DataLogger initialised. CSV: logs\telemetry_20260601_024606.csv | Raw: logs\raw_20260601_024606.txt
2026-06-01 02:46:06,398 [INFO] __main__: SerialWorker started on COM5
2026-06-01 02:46:06,641 [INFO] serial_handler: Serial port COM5 opened at 9600 baud
2026-06-01 02:46:27,767 [INFO] __main__: TX: CMD,1059,CX,ON
2026-06-01 02:46:27,767 [DEBUG] serial_handler: TX queued: CMD,1059,CX,ON
2026-06-01 02:46:28,693 [INFO] serial_handler: TX sent: CMD,1059,CX,ON
2026-06-01 02:46:38,487 [INFO] __main__: TX: CMD,1059,CX,OFF
2026-06-01 02:46:38,490 [DEBUG] serial_handler: TX queued: CMD,1059,CX,OFF
2026-06-01 02:46:38,725 [INFO] serial_handler: TX sent: CMD,1059,CX,OFF
2026-06-01 02:46:39,913 [INFO] __main__: TX: CMD,1059,CX,OFF
2026-06-01 02:46:39,914 [DEBUG] serial_handler: TX queued: CMD,1059,CX,OFF
2026-06-01 02:46:40,549 [INFO] __main__: TX: CMD,1059,CX,OFF
2026-06-01 02:46:40,550 [DEBUG] serial_handler: TX queued: CMD,1059,CX,OFF
2026-06-01 02:46:40,727 [INFO] serial_handler: TX sent: CMD,1059,CX,OFF
2026-06-01 02:46:40,727 [INFO] serial_handler: TX sent: CMD,1059,CX,OFF
2026-06-01 02:46:42,252 [INFO] __main__: TX: CMD,1059,CX,OFF
2026-06-01 02:46:42,252 [DEBUG] serial_handler: TX queued: CMD,1059,CX,OFF
2026-06-01 02:46:42,743 [INFO] serial_handler: TX sent: CMD,1059,CX,OFF
2026-06-01 02:46:44,091 [INFO] __main__: TX: CMD,1059,CX,ON
2026-06-01 02:46:44,091 [DEBUG] serial_handler: TX queued: CMD,1059,CX,ON
2026-06-01 02:46:44,756 [INFO] serial_handler: TX sent: CMD,1059,CX,ON
2026-06-01 02:46:44,842 [INFO] __main__: TX: CMD,1059,CX,OFF
2026-06-01 02:46:44,842 [DEBUG] serial_handler: TX queued: CMD,1059,CX,OFF
2026-06-01 02:46:45,995 [INFO] __main__: TX: CMD,1059,ST,01:46:45
2026-06-01 02:46:45,996 [DEBUG] serial_handler: TX queued: CMD,1059,ST,01:46:45
2026-06-01 02:46:45,996 [INFO] dashboard: SET UTC sent: 01:46:45
2026-06-01 02:46:46,820 [INFO] serial_handler: TX sent: CMD,1059,CX,OFF
2026-06-01 02:46:46,820 [INFO] serial_handler: TX sent: CMD,1059,ST,01:46:45
2026-06-01 02:46:47,232 [INFO] __main__: TX: CMD,1059,CAL
2026-06-01 02:46:47,232 [DEBUG] serial_handler: TX queued: CMD,1059,CAL
2026-06-01 02:46:48,791 [INFO] __main__: TX: CMD,1059,SIM,ENABLE
2026-06-01 02:46:48,791 [DEBUG] serial_handler: TX queued: CMD,1059,SIM,ENABLE
2026-06-01 02:46:48,791 [INFO] __main__: TX: CMD,1059,SIM,ENABLE
2026-06-01 02:46:48,791 [DEBUG] serial_handler: TX queued: CMD,1059,SIM,ENABLE
2026-06-01 02:46:48,821 [INFO] serial_handler: TX sent: CMD,1059,CAL
2026-06-01 02:46:48,884 [INFO] serial_handler: TX sent: CMD,1059,SIM,ENABLE
2026-06-01 02:46:48,884 [INFO] serial_handler: TX sent: CMD,1059,SIM,ENABLE
2026-06-01 02:46:49,949 [INFO] __main__: TX: CMD,1059,SIM,DISABLE
2026-06-01 02:46:49,950 [DEBUG] serial_handler: TX queued: CMD,1059,SIM,DISABLE
2026-06-01 02:46:49,950 [INFO] __main__: TX: CMD,1059,SIM,DISABLE
2026-06-01 02:46:49,950 [DEBUG] serial_handler: TX queued: CMD,1059,SIM,DISABLE
2026-06-01 02:46:50,894 [INFO] serial_handler: TX sent: CMD,1059,SIM,DISABLE
2026-06-01 02:46:50,894 [INFO] serial_handler: TX sent: CMD,1059,SIM,DISABLE
2026-06-01 02:46:52,525 [INFO] __main__: TX: CMD,1059,CX,OFF
2026-06-01 02:46:52,525 [DEBUG] serial_handler: TX queued: CMD,1059,CX,OFF
2026-06-01 02:46:52,896 [INFO] serial_handler: TX sent: CMD,1059,CX,OFF
2026-06-01 02:46:54,673 [INFO] __main__: Shutting down...
2026-06-01 02:47:44,461 [INFO] logger: DataLogger initialised. CSV: logs\telemetry_20260601_024744.csv | Raw: logs\raw_20260601_024744.txt
2026-06-01 02:47:44,462 [INFO] __main__: SerialWorker started on COM5
2026-06-01 02:47:44,657 [INFO] serial_handler: Serial port COM5 opened at 9600 baud
2026-06-01 02:47:46,811 [INFO] __main__: TX: CMD,1059,CX,ON
2026-06-01 02:47:46,812 [DEBUG] serial_handler: TX queued: CMD,1059,CX,ON
2026-06-01 02:47:48,679 [INFO] serial_handler: TX sent: CMD,1059,CX,ON
2026-06-01 02:47:56,678 [ERROR] serial_handler: Read error: ClearCommError failed (PermissionError(13, 'Access is denied.', None, 5))
2026-06-01 02:47:56,687 [ERROR] serial_handler: Serial error: could not open port 'COM5': FileNotFoundError(2, 'The system cannot find the file specified.', None, 2)
2026-06-01 02:47:58,689 [ERROR] serial_handler: Serial error: could not open port 'COM5': FileNotFoundError(2, 'The system cannot find the file specified.', None, 2)
2026-06-01 02:48:00,691 [ERROR] serial_handler: Serial error: could not open port 'COM5': FileNotFoundError(2, 'The system cannot find the file specified.', None, 2)
2026-06-01 02:48:02,693 [ERROR] serial_handler: Serial error: could not open port 'COM5': FileNotFoundError(2, 'The system cannot find the file specified.', None, 2)
2026-06-01 02:48:04,695 [ERROR] serial_handler: Serial error: could not open port 'COM5': FileNotFoundError(2, 'The system cannot find the file specified.', None, 2)
2026-06-01 02:48:06,697 [ERROR] serial_handler: Serial error: could not open port 'COM5': FileNotFoundError(2, 'The system cannot find the file specified.', None, 2)
2026-06-01 02:48:08,698 [ERROR] serial_handler: Serial error: could not open port 'COM5': FileNotFoundError(2, 'The system cannot find the file specified.', None, 2)
2026-06-01 02:48:10,700 [ERROR] serial_handler: Serial error: could not open port 'COM5': FileNotFoundError(2, 'The system cannot find the file specified.', None, 2)
2026-06-01 02:48:12,702 [ERROR] serial_handler: Serial error: could not open port 'COM5': FileNotFoundError(2, 'The system cannot find the file specified.', None, 2)
2026-06-01 02:48:14,703 [ERROR] serial_handler: Serial error: could not open port 'COM5': FileNotFoundError(2, 'The system cannot find the file specified.', None, 2)
2026-06-01 02:48:16,705 [ERROR] serial_handler: Serial error: could not open port 'COM5': FileNotFoundError(2, 'The system cannot find the file specified.', None, 2)
2026-06-01 02:48:18,708 [ERROR] serial_handler: Serial error: could not open port 'COM5': FileNotFoundError(2, 'The system cannot find the file specified.', None, 2)
2026-06-01 02:48:20,710 [ERROR] serial_handler: Serial error: could not open port 'COM5': FileNotFoundError(2, 'The system cannot find the file specified.', None, 2)
2026-06-01 02:48:22,713 [ERROR] serial_handler: Serial error: could not open port 'COM5': FileNotFoundError(2, 'The system cannot find the file specified.', None, 2)
2026-06-01 02:48:24,715 [ERROR] serial_handler: Serial error: could not open port 'COM5': FileNotFoundError(2, 'The system cannot find the file specified.', None, 2)
2026-06-01 02:48:26,717 [ERROR] serial_handler: Serial error: could not open port 'COM5': FileNotFoundError(2, 'The system cannot find the file specified.', None, 2)
2026-06-01 02:48:28,720 [ERROR] serial_handler: Serial error: could not open port 'COM5': FileNotFoundError(2, 'The system cannot find the file specified.', None, 2)
2026-06-01 02:48:30,722 [ERROR] serial_handler: Serial error: could not open port 'COM5': FileNotFoundError(2, 'The system cannot find the file specified.', None, 2)
2026-06-01 02:48:32,723 [ERROR] serial_handler: Serial error: could not open port 'COM5': FileNotFoundError(2, 'The system cannot find the file specified.', None, 2)
2026-06-01 02:48:34,725 [ERROR] serial_handler: Serial error: could not open port 'COM5': FileNotFoundError(2, 'The system cannot find the file specified.', None, 2)
2026-06-01 02:48:36,727 [ERROR] serial_handler: Serial error: could not open port 'COM5': FileNotFoundError(2, 'The system cannot find the file specified.', None, 2)
2026-06-01 02:48:38,730 [ERROR] serial_handler: Serial error: could not open port 'COM5': FileNotFoundError(2, 'The system cannot find the file specified.', None, 2)
2026-06-01 02:48:40,800 [INFO] serial_handler: Serial port COM5 opened at 9600 baud
2026-06-01 02:48:53,179 [INFO] __main__: Shutting down...
2026-06-01 02:49:03,313 [INFO] logger: DataLogger initialised. CSV: logs\telemetry_20260601_024903.csv | Raw: logs\raw_20260601_024903.txt
2026-06-01 02:49:03,314 [INFO] __main__: SerialWorker started on COM5
2026-06-01 02:49:03,490 [INFO] serial_handler: Serial port COM5 opened at 9600 baud
2026-06-01 02:49:07,153 [INFO] __main__: TX: CMD,1059,CX,ON
2026-06-01 02:49:07,155 [DEBUG] serial_handler: TX queued: CMD,1059,CX,ON
2026-06-01 02:49:07,507 [INFO] serial_handler: TX sent: CMD,1059,CX,ON
2026-06-01 03:01:27,089 [ERROR] serial_handler: Read error: ClearCommError failed (PermissionError(13, 'Access is denied.', None, 5))
2026-06-01 03:01:27,089 [ERROR] serial_handler: Serial error: could not open port 'COM5': FileNotFoundError(2, 'The system cannot find the file specified.', None, 2)
2026-06-01 03:01:29,107 [ERROR] serial_handler: Serial error: could not open port 'COM5': FileNotFoundError(2, 'The system cannot find the file specified.', None, 2)
2026-06-01 03:01:31,109 [ERROR] serial_handler: Serial error: could not open port 'COM5': FileNotFoundError(2, 'The system cannot find the file specified.', None, 2)
2026-06-01 03:01:33,111 [ERROR] serial_handler: Serial error: could not open port 'COM5': FileNotFoundError(2, 'The system cannot find the file specified.', None, 2)
2026-06-01 03:01:35,113 [ERROR] serial_handler: Serial error: could not open port 'COM5': FileNotFoundError(2, 'The system cannot find the file specified.', None, 2)
2026-06-01 03:01:37,115 [ERROR] serial_handler: Serial error: could not open port 'COM5': FileNotFoundError(2, 'The system cannot find the file specified.', None, 2)
2026-06-01 03:01:39,116 [ERROR] serial_handler: Serial error: could not open port 'COM5': FileNotFoundError(2, 'The system cannot find the file specified.', None, 2)
2026-06-01 03:01:41,118 [ERROR] serial_handler: Serial error: could not open port 'COM5': FileNotFoundError(2, 'The system cannot find the file specified.', None, 2)
2026-06-01 03:01:43,120 [ERROR] serial_handler: Serial error: could not open port 'COM5': FileNotFoundError(2, 'The system cannot find the file specified.', None, 2)
2026-06-01 03:01:45,123 [ERROR] serial_handler: Serial error: could not open port 'COM5': FileNotFoundError(2, 'The system cannot find the file specified.', None, 2)
2026-06-01 03:01:47,125 [ERROR] serial_handler: Serial error: could not open port 'COM5': FileNotFoundError(2, 'The system cannot find the file specified.', None, 2)
2026-06-01 03:01:49,127 [ERROR] serial_handler: Serial error: could not open port 'COM5': FileNotFoundError(2, 'The system cannot find the file specified.', None, 2)
2026-06-01 03:01:51,129 [ERROR] serial_handler: Serial error: could not open port 'COM5': FileNotFoundError(2, 'The system cannot find the file specified.', None, 2)
2026-06-01 03:01:53,132 [ERROR] serial_handler: Serial error: could not open port 'COM5': FileNotFoundError(2, 'The system cannot find the file specified.', None, 2)
2026-06-01 03:01:55,134 [ERROR] serial_handler: Serial error: could not open port 'COM5': FileNotFoundError(2, 'The system cannot find the file specified.', None, 2)
2026-06-01 03:01:57,136 [ERROR] serial_handler: Serial error: could not open port 'COM5': FileNotFoundError(2, 'The system cannot find the file specified.', None, 2)
2026-06-01 03:01:59,138 [ERROR] serial_handler: Serial error: could not open port 'COM5': FileNotFoundError(2, 'The system cannot find the file specified.', None, 2)
2026-06-01 03:02:01,140 [ERROR] serial_handler: Serial error: could not open port 'COM5': FileNotFoundError(2, 'The system cannot find the file specified.', None, 2)
2026-06-01 03:02:03,143 [ERROR] serial_handler: Serial error: could not open port 'COM5': FileNotFoundError(2, 'The system cannot find the file specified.', None, 2)
2026-06-01 03:02:05,145 [ERROR] serial_handler: Serial error: could not open port 'COM5': FileNotFoundError(2, 'The system cannot find the file specified.', None, 2)
2026-06-01 03:02:07,147 [ERROR] serial_handler: Serial error: could not open port 'COM5': FileNotFoundError(2, 'The system cannot find the file specified.', None, 2)
2026-06-01 03:02:09,149 [ERROR] serial_handler: Serial error: could not open port 'COM5': FileNotFoundError(2, 'The system cannot find the file specified.', None, 2)
2026-06-01 03:02:11,151 [ERROR] serial_handler: Serial error: could not open port 'COM5': FileNotFoundError(2, 'The system cannot find the file specified.', None, 2)
2026-06-01 03:02:13,154 [ERROR] serial_handler: Serial error: could not open port 'COM5': FileNotFoundError(2, 'The system cannot find the file specified.', None, 2)
2026-06-01 03:02:15,155 [ERROR] serial_handler: Serial error: could not open port 'COM5': FileNotFoundError(2, 'The system cannot find the file specified.', None, 2)
2026-06-01 03:02:17,157 [ERROR] serial_handler: Serial error: could not open port 'COM5': FileNotFoundError(2, 'The system cannot find the file specified.', None, 2)
2026-06-01 03:02:19,158 [ERROR] serial_handler: Serial error: could not open port 'COM5': FileNotFoundError(2, 'The system cannot find the file specified.', None, 2)
2026-06-01 03:02:21,160 [ERROR] serial_handler: Serial error: could not open port 'COM5': FileNotFoundError(2, 'The system cannot find the file specified.', None, 2)
2026-06-01 03:02:23,161 [ERROR] serial_handler: Serial error: could not open port 'COM5': FileNotFoundError(2, 'The system cannot find the file specified.', None, 2)
2026-06-01 03:02:25,163 [ERROR] serial_handler: Serial error: could not open port 'COM5': FileNotFoundError(2, 'The system cannot find the file specified.', None, 2)
2026-06-01 03:02:27,165 [ERROR] serial_handler: Serial error: could not open port 'COM5': FileNotFoundError(2, 'The system cannot find the file specified.', None, 2)
2026-06-01 03:02:29,167 [ERROR] serial_handler: Serial error: could not open port 'COM5': FileNotFoundError(2, 'The system cannot find the file specified.', None, 2)
2026-06-01 03:02:31,169 [ERROR] serial_handler: Serial error: could not open port 'COM5': FileNotFoundError(2, 'The system cannot find the file specified.', None, 2)
2026-06-01 03:02:33,172 [ERROR] serial_handler: Serial error: could not open port 'COM5': FileNotFoundError(2, 'The system cannot find the file specified.', None, 2)
2026-06-01 03:02:35,174 [ERROR] serial_handler: Serial error: could not open port 'COM5': FileNotFoundError(2, 'The system cannot find the file specified.', None, 2)
2026-06-01 03:02:37,177 [ERROR] serial_handler: Serial error: could not open port 'COM5': FileNotFoundError(2, 'The system cannot find the file specified.', None, 2)
2026-06-01 03:02:39,178 [ERROR] serial_handler: Serial error: could not open port 'COM5': FileNotFoundError(2, 'The system cannot find the file specified.', None, 2)
2026-06-01 03:02:41,180 [ERROR] serial_handler: Serial error: could not open port 'COM5': FileNotFoundError(2, 'The system cannot find the file specified.', None, 2)
2026-06-01 03:02:43,183 [ERROR] serial_handler: Serial error: could not open port 'COM5': FileNotFoundError(2, 'The system cannot find the file specified.', None, 2)
2026-06-01 03:02:45,184 [ERROR] serial_handler: Serial error: could not open port 'COM5': FileNotFoundError(2, 'The system cannot find the file specified.', None, 2)
2026-06-01 03:02:47,185 [ERROR] serial_handler: Serial error: could not open port 'COM5': FileNotFoundError(2, 'The system cannot find the file specified.', None, 2)
2026-06-01 03:02:49,187 [ERROR] serial_handler: Serial error: could not open port 'COM5': FileNotFoundError(2, 'The system cannot find the file specified.', None, 2)
2026-06-01 03:02:51,188 [ERROR] serial_handler: Serial error: could not open port 'COM5': FileNotFoundError(2, 'The system cannot find the file specified.', None, 2)
2026-06-01 03:02:53,189 [ERROR] serial_handler: Serial error: could not open port 'COM5': FileNotFoundError(2, 'The system cannot find the file specified.', None, 2)
2026-06-01 03:02:55,192 [ERROR] serial_handler: Serial error: could not open port 'COM5': FileNotFoundError(2, 'The system cannot find the file specified.', None, 2)
2026-06-01 03:02:57,196 [ERROR] serial_handler: Serial error: could not open port 'COM5': FileNotFoundError(2, 'The system cannot find the file specified.', None, 2)
2026-06-01 03:02:59,198 [ERROR] serial_handler: Serial error: could not open port 'COM5': FileNotFoundError(2, 'The system cannot find the file specified.', None, 2)
2026-06-01 03:03:01,199 [ERROR] serial_handler: Serial error: could not open port 'COM5': FileNotFoundError(2, 'The system cannot find the file specified.', None, 2)
2026-06-01 03:03:03,201 [ERROR] serial_handler: Serial error: could not open port 'COM5': FileNotFoundError(2, 'The system cannot find the file specified.', None, 2)
2026-06-01 03:03:05,203 [ERROR] serial_handler: Serial error: could not open port 'COM5': FileNotFoundError(2, 'The system cannot find the file specified.', None, 2)
2026-06-01 03:03:07,207 [ERROR] serial_handler: Serial error: could not open port 'COM5': FileNotFoundError(2, 'The system cannot find the file specified.', None, 2)
2026-06-01 03:03:09,208 [ERROR] serial_handler: Serial error: could not open port 'COM5': FileNotFoundError(2, 'The system cannot find the file specified.', None, 2)
2026-06-01 03:03:11,210 [ERROR] serial_handler: Serial error: could not open port 'COM5': FileNotFoundError(2, 'The system cannot find the file specified.', None, 2)
2026-06-01 03:03:13,212 [ERROR] serial_handler: Serial error: could not open port 'COM5': FileNotFoundError(2, 'The system cannot find the file specified.', None, 2)
2026-06-01 03:03:15,214 [ERROR] serial_handler: Serial error: could not open port 'COM5': FileNotFoundError(2, 'The system cannot find the file specified.', None, 2)
2026-06-01 03:03:17,216 [ERROR] serial_handler: Serial error: could not open port 'COM5': FileNotFoundError(2, 'The system cannot find the file specified.', None, 2)
2026-06-01 03:03:19,219 [ERROR] serial_handler: Serial error: could not open port 'COM5': FileNotFoundError(2, 'The system cannot find the file specified.', None, 2)
2026-06-01 03:03:21,221 [ERROR] serial_handler: Serial error: could not open port 'COM5': FileNotFoundError(2, 'The system cannot find the file specified.', None, 2)
2026-06-01 03:03:23,223 [ERROR] serial_handler: Serial error: could not open port 'COM5': FileNotFoundError(2, 'The system cannot find the file specified.', None, 2)
2026-06-01 03:03:25,225 [ERROR] serial_handler: Serial error: could not open port 'COM5': FileNotFoundError(2, 'The system cannot find the file specified.', None, 2)
2026-06-01 03:03:27,226 [ERROR] serial_handler: Serial error: could not open port 'COM5': FileNotFoundError(2, 'The system cannot find the file specified.', None, 2)
2026-06-01 03:03:29,228 [ERROR] serial_handler: Serial error: could not open port 'COM5': FileNotFoundError(2, 'The system cannot find the file specified.', None, 2)
2026-06-01 03:03:31,231 [ERROR] serial_handler: Serial error: could not open port 'COM5': FileNotFoundError(2, 'The system cannot find the file specified.', None, 2)
2026-06-01 03:03:33,233 [ERROR] serial_handler: Serial error: could not open port 'COM5': FileNotFoundError(2, 'The system cannot find the file specified.', None, 2)
2026-06-01 03:03:35,236 [ERROR] serial_handler: Serial error: could not open port 'COM5': FileNotFoundError(2, 'The system cannot find the file specified.', None, 2)
2026-06-01 03:03:37,238 [ERROR] serial_handler: Serial error: could not open port 'COM5': FileNotFoundError(2, 'The system cannot find the file specified.', None, 2)
2026-06-01 03:03:39,241 [ERROR] serial_handler: Serial error: could not open port 'COM5': FileNotFoundError(2, 'The system cannot find the file specified.', None, 2)
2026-06-01 03:03:41,243 [ERROR] serial_handler: Serial error: could not open port 'COM5': FileNotFoundError(2, 'The system cannot find the file specified.', None, 2)
2026-06-01 03:03:43,245 [ERROR] serial_handler: Serial error: could not open port 'COM5': FileNotFoundError(2, 'The system cannot find the file specified.', None, 2)
2026-06-01 03:03:45,248 [ERROR] serial_handler: Serial error: could not open port 'COM5': FileNotFoundError(2, 'The system cannot find the file specified.', None, 2)
2026-06-01 03:03:47,250 [ERROR] serial_handler: Serial error: could not open port 'COM5': FileNotFoundError(2, 'The system cannot find the file specified.', None, 2)
2026-06-01 03:03:49,252 [ERROR] serial_handler: Serial error: could not open port 'COM5': FileNotFoundError(2, 'The system cannot find the file specified.', None, 2)
2026-06-01 03:03:51,254 [ERROR] serial_handler: Serial error: could not open port 'COM5': FileNotFoundError(2, 'The system cannot find the file specified.', None, 2)
2026-06-01 03:03:53,257 [ERROR] serial_handler: Serial error: could not open port 'COM5': FileNotFoundError(2, 'The system cannot find the file specified.', None, 2)
2026-06-01 03:03:55,259 [ERROR] serial_handler: Serial error: could not open port 'COM5': FileNotFoundError(2, 'The system cannot find the file specified.', None, 2)
2026-06-01 03:03:57,261 [ERROR] serial_handler: Serial error: could not open port 'COM5': FileNotFoundError(2, 'The system cannot find the file specified.', None, 2)
2026-06-01 03:03:59,262 [ERROR] serial_handler: Serial error: could not open port 'COM5': FileNotFoundError(2, 'The system cannot find the file specified.', None, 2)
2026-06-01 03:04:01,265 [ERROR] serial_handler: Serial error: could not open port 'COM5': FileNotFoundError(2, 'The system cannot find the file specified.', None, 2)
2026-06-01 03:04:03,267 [ERROR] serial_handler: Serial error: could not open port 'COM5': FileNotFoundError(2, 'The system cannot find the file specified.', None, 2)
2026-06-01 03:04:05,268 [ERROR] serial_handler: Serial error: could not open port 'COM5': FileNotFoundError(2, 'The system cannot find the file specified.', None, 2)
2026-06-01 03:04:07,270 [ERROR] serial_handler: Serial error: could not open port 'COM5': FileNotFoundError(2, 'The system cannot find the file specified.', None, 2)
2026-06-01 03:04:09,272 [ERROR] serial_handler: Serial error: could not open port 'COM5': FileNotFoundError(2, 'The system cannot find the file specified.', None, 2)
2026-06-01 03:04:11,275 [ERROR] serial_handler: Serial error: could not open port 'COM5': FileNotFoundError(2, 'The system cannot find the file specified.', None, 2)
2026-06-01 03:04:13,277 [ERROR] serial_handler: Serial error: could not open port 'COM5': FileNotFoundError(2, 'The system cannot find the file specified.', None, 2)
2026-06-01 03:04:15,281 [ERROR] serial_handler: Serial error: could not open port 'COM5': FileNotFoundError(2, 'The system cannot find the file specified.', None, 2)
2026-06-01 03:04:17,283 [ERROR] serial_handler: Serial error: could not open port 'COM5': FileNotFoundError(2, 'The system cannot find the file specified.', None, 2)
2026-06-01 03:04:19,285 [ERROR] serial_handler: Serial error: could not open port 'COM5': FileNotFoundError(2, 'The system cannot find the file specified.', None, 2)
2026-06-01 03:04:21,288 [ERROR] serial_handler: Serial error: could not open port 'COM5': FileNotFoundError(2, 'The system cannot find the file specified.', None, 2)
2026-06-01 03:04:23,290 [ERROR] serial_handler: Serial error: could not open port 'COM5': FileNotFoundError(2, 'The system cannot find the file specified.', None, 2)
2026-06-01 03:04:25,293 [ERROR] serial_handler: Serial error: could not open port 'COM5': FileNotFoundError(2, 'The system cannot find the file specified.', None, 2)
2026-06-01 03:04:27,296 [ERROR] serial_handler: Serial error: could not open port 'COM5': FileNotFoundError(2, 'The system cannot find the file specified.', None, 2)
2026-06-01 03:04:29,297 [ERROR] serial_handler: Serial error: could not open port 'COM5': FileNotFoundError(2, 'The system cannot find the file specified.', None, 2)
2026-06-01 03:04:31,301 [ERROR] serial_handler: Serial error: could not open port 'COM5': FileNotFoundError(2, 'The system cannot find the file specified.', None, 2)
2026-06-01 03:04:33,304 [ERROR] serial_handler: Serial error: could not open port 'COM5': FileNotFoundError(2, 'The system cannot find the file specified.', None, 2)
2026-06-01 03:04:35,306 [ERROR] serial_handler: Serial error: could not open port 'COM5': FileNotFoundError(2, 'The system cannot find the file specified.', None, 2)
2026-06-01 03:04:37,308 [ERROR] serial_handler: Serial error: could not open port 'COM5': FileNotFoundError(2, 'The system cannot find the file specified.', None, 2)
2026-06-01 03:04:39,311 [ERROR] serial_handler: Serial error: could not open port 'COM5': FileNotFoundError(2, 'The system cannot find the file specified.', None, 2)
2026-06-01 03:04:41,313 [ERROR] serial_handler: Serial error: could not open port 'COM5': FileNotFoundError(2, 'The system cannot find the file specified.', None, 2)
2026-06-01 03:04:43,316 [ERROR] serial_handler: Serial error: could not open port 'COM5': FileNotFoundError(2, 'The system cannot find the file specified.', None, 2)
2026-06-01 03:04:45,318 [ERROR] serial_handler: Serial error: could not open port 'COM5': FileNotFoundError(2, 'The system cannot find the file specified.', None, 2)
2026-06-01 03:04:47,320 [ERROR] serial_handler: Serial error: could not open port 'COM5': FileNotFoundError(2, 'The system cannot find the file specified.', None, 2)
2026-06-01 03:04:49,322 [ERROR] serial_handler: Serial error: could not open port 'COM5': FileNotFoundError(2, 'The system cannot find the file specified.', None, 2)
2026-06-01 03:04:51,324 [ERROR] serial_handler: Serial error: could not open port 'COM5': FileNotFoundError(2, 'The system cannot find the file specified.', None, 2)
2026-06-01 03:04:53,326 [ERROR] serial_handler: Serial error: could not open port 'COM5': FileNotFoundError(2, 'The system cannot find the file specified.', None, 2)
2026-06-01 03:04:55,328 [ERROR] serial_handler: Serial error: could not open port 'COM5': FileNotFoundError(2, 'The system cannot find the file specified.', None, 2)
2026-06-01 03:04:57,330 [ERROR] serial_handler: Serial error: could not open port 'COM5': FileNotFoundError(2, 'The system cannot find the file specified.', None, 2)
2026-06-01 03:04:59,332 [ERROR] serial_handler: Serial error: could not open port 'COM5': FileNotFoundError(2, 'The system cannot find the file specified.', None, 2)
2026-06-01 03:05:01,335 [ERROR] serial_handler: Serial error: could not open port 'COM5': FileNotFoundError(2, 'The system cannot find the file specified.', None, 2)
2026-06-01 03:05:03,336 [ERROR] serial_handler: Serial error: could not open port 'COM5': FileNotFoundError(2, 'The system cannot find the file specified.', None, 2)
2026-06-01 03:05:05,339 [ERROR] serial_handler: Serial error: could not open port 'COM5': FileNotFoundError(2, 'The system cannot find the file specified.', None, 2)
2026-06-01 03:05:07,341 [ERROR] serial_handler: Serial error: could not open port 'COM5': FileNotFoundError(2, 'The system cannot find the file specified.', None, 2)
2026-06-01 03:05:09,343 [ERROR] serial_handler: Serial error: could not open port 'COM5': FileNotFoundError(2, 'The system cannot find the file specified.', None, 2)
2026-06-01 03:05:11,345 [ERROR] serial_handler: Serial error: could not open port 'COM5': FileNotFoundError(2, 'The system cannot find the file specified.', None, 2)
2026-06-01 03:05:13,348 [ERROR] serial_handler: Serial error: could not open port 'COM5': FileNotFoundError(2, 'The system cannot find the file specified.', None, 2)
2026-06-01 03:05:15,350 [ERROR] serial_handler: Serial error: could not open port 'COM5': FileNotFoundError(2, 'The system cannot find the file specified.', None, 2)
2026-06-01 03:05:17,352 [ERROR] serial_handler: Serial error: could not open port 'COM5': FileNotFoundError(2, 'The system cannot find the file specified.', None, 2)
2026-06-01 03:05:19,355 [ERROR] serial_handler: Serial error: could not open port 'COM5': FileNotFoundError(2, 'The system cannot find the file specified.', None, 2)
2026-06-01 03:05:21,357 [ERROR] serial_handler: Serial error: could not open port 'COM5': FileNotFoundError(2, 'The system cannot find the file specified.', None, 2)
2026-06-01 03:05:23,358 [ERROR] serial_handler: Serial error: could not open port 'COM5': FileNotFoundError(2, 'The system cannot find the file specified.', None, 2)
2026-06-01 03:05:25,361 [ERROR] serial_handler: Serial error: could not open port 'COM5': FileNotFoundError(2, 'The system cannot find the file specified.', None, 2)
2026-06-01 03:05:27,363 [ERROR] serial_handler: Serial error: could not open port 'COM5': FileNotFoundError(2, 'The system cannot find the file specified.', None, 2)
2026-06-01 03:05:29,366 [ERROR] serial_handler: Serial error: could not open port 'COM5': FileNotFoundError(2, 'The system cannot find the file specified.', None, 2)
2026-06-01 03:05:31,368 [ERROR] serial_handler: Serial error: could not open port 'COM5': FileNotFoundError(2, 'The system cannot find the file specified.', None, 2)
2026-06-01 03:05:33,370 [ERROR] serial_handler: Serial error: could not open port 'COM5': FileNotFoundError(2, 'The system cannot find the file specified.', None, 2)
2026-06-01 03:05:35,372 [ERROR] serial_handler: Serial error: could not open port 'COM5': FileNotFoundError(2, 'The system cannot find the file specified.', None, 2)
2026-06-01 03:05:37,373 [ERROR] serial_handler: Serial error: could not open port 'COM5': FileNotFoundError(2, 'The system cannot find the file specified.', None, 2)
2026-06-01 03:05:39,376 [ERROR] serial_handler: Serial error: could not open port 'COM5': FileNotFoundError(2, 'The system cannot find the file specified.', None, 2)
2026-06-01 03:05:41,377 [ERROR] serial_handler: Serial error: could not open port 'COM5': FileNotFoundError(2, 'The system cannot find the file specified.', None, 2)
2026-06-01 03:05:43,380 [ERROR] serial_handler: Serial error: could not open port 'COM5': FileNotFoundError(2, 'The system cannot find the file specified.', None, 2)
2026-06-01 03:05:45,381 [ERROR] serial_handler: Serial error: could not open port 'COM5': FileNotFoundError(2, 'The system cannot find the file specified.', None, 2)
2026-06-01 03:05:47,383 [ERROR] serial_handler: Serial error: could not open port 'COM5': FileNotFoundError(2, 'The system cannot find the file specified.', None, 2)
2026-06-01 03:05:49,385 [ERROR] serial_handler: Serial error: could not open port 'COM5': FileNotFoundError(2, 'The system cannot find the file specified.', None, 2)
2026-06-01 03:05:51,388 [ERROR] serial_handler: Serial error: could not open port 'COM5': FileNotFoundError(2, 'The system cannot find the file specified.', None, 2)
2026-06-01 03:05:53,395 [ERROR] serial_handler: Serial error: could not open port 'COM5': FileNotFoundError(2, 'The system cannot find the file specified.', None, 2)
2026-06-01 03:05:55,397 [ERROR] serial_handler: Serial error: could not open port 'COM5': FileNotFoundError(2, 'The system cannot find the file specified.', None, 2)
2026-06-01 03:05:57,399 [ERROR] serial_handler: Serial error: could not open port 'COM5': FileNotFoundError(2, 'The system cannot find the file specified.', None, 2)
2026-06-01 03:05:59,401 [ERROR] serial_handler: Serial error: could not open port 'COM5': FileNotFoundError(2, 'The system cannot find the file specified.', None, 2)
2026-06-01 03:06:01,403 [ERROR] serial_handler: Serial error: could not open port 'COM5': FileNotFoundError(2, 'The system cannot find the file specified.', None, 2)
2026-06-01 03:06:03,406 [ERROR] serial_handler: Serial error: could not open port 'COM5': FileNotFoundError(2, 'The system cannot find the file specified.', None, 2)
2026-06-01 03:06:05,408 [ERROR] serial_handler: Serial error: could not open port 'COM5': FileNotFoundError(2, 'The system cannot find the file specified.', None, 2)
2026-06-01 03:06:07,410 [ERROR] serial_handler: Serial error: could not open port 'COM5': FileNotFoundError(2, 'The system cannot find the file specified.', None, 2)
2026-06-01 03:06:09,413 [ERROR] serial_handler: Serial error: could not open port 'COM5': FileNotFoundError(2, 'The system cannot find the file specified.', None, 2)
2026-06-01 03:06:11,414 [ERROR] serial_handler: Serial error: could not open port 'COM5': FileNotFoundError(2, 'The system cannot find the file specified.', None, 2)
2026-06-01 03:06:13,417 [ERROR] serial_handler: Serial error: could not open port 'COM5': FileNotFoundError(2, 'The system cannot find the file specified.', None, 2)
2026-06-01 03:06:15,419 [ERROR] serial_handler: Serial error: could not open port 'COM5': FileNotFoundError(2, 'The system cannot find the file specified.', None, 2)
2026-06-01 03:06:17,421 [ERROR] serial_handler: Serial error: could not open port 'COM5': FileNotFoundError(2, 'The system cannot find the file specified.', None, 2)
2026-06-01 03:06:19,423 [ERROR] serial_handler: Serial error: could not open port 'COM5': FileNotFoundError(2, 'The system cannot find the file specified.', None, 2)
2026-06-01 03:06:21,425 [ERROR] serial_handler: Serial error: could not open port 'COM5': FileNotFoundError(2, 'The system cannot find the file specified.', None, 2)
2026-06-01 03:06:23,427 [ERROR] serial_handler: Serial error: could not open port 'COM5': FileNotFoundError(2, 'The system cannot find the file specified.', None, 2)
2026-06-01 03:06:25,429 [ERROR] serial_handler: Serial error: could not open port 'COM5': FileNotFoundError(2, 'The system cannot find the file specified.', None, 2)
2026-06-01 03:06:27,430 [ERROR] serial_handler: Serial error: could not open port 'COM5': FileNotFoundError(2, 'The system cannot find the file specified.', None, 2)
2026-06-01 03:06:29,433 [ERROR] serial_handler: Serial error: could not open port 'COM5': FileNotFoundError(2, 'The system cannot find the file specified.', None, 2)
2026-06-01 03:06:31,435 [ERROR] serial_handler: Serial error: could not open port 'COM5': FileNotFoundError(2, 'The system cannot find the file specified.', None, 2)
2026-06-01 03:06:33,438 [ERROR] serial_handler: Serial error: could not open port 'COM5': FileNotFoundError(2, 'The system cannot find the file specified.', None, 2)
2026-06-01 03:06:35,440 [ERROR] serial_handler: Serial error: could not open port 'COM5': FileNotFoundError(2, 'The system cannot find the file specified.', None, 2)
2026-06-01 03:06:37,442 [ERROR] serial_handler: Serial error: could not open port 'COM5': FileNotFoundError(2, 'The system cannot find the file specified.', None, 2)
2026-06-01 03:06:39,444 [ERROR] serial_handler: Serial error: could not open port 'COM5': FileNotFoundError(2, 'The system cannot find the file specified.', None, 2)
2026-06-01 03:06:41,446 [ERROR] serial_handler: Serial error: could not open port 'COM5': FileNotFoundError(2, 'The system cannot find the file specified.', None, 2)
2026-06-01 03:06:43,448 [ERROR] serial_handler: Serial error: could not open port 'COM5': FileNotFoundError(2, 'The system cannot find the file specified.', None, 2)
2026-06-01 03:06:45,450 [ERROR] serial_handler: Serial error: could not open port 'COM5': FileNotFoundError(2, 'The system cannot find the file specified.', None, 2)
2026-06-01 03:06:47,452 [ERROR] serial_handler: Serial error: could not open port 'COM5': FileNotFoundError(2, 'The system cannot find the file specified.', None, 2)
2026-06-01 03:06:49,455 [ERROR] serial_handler: Serial error: could not open port 'COM5': FileNotFoundError(2, 'The system cannot find the file specified.', None, 2)
2026-06-01 03:06:51,458 [ERROR] serial_handler: Serial error: could not open port 'COM5': FileNotFoundError(2, 'The system cannot find the file specified.', None, 2)
2026-06-01 03:06:53,460 [ERROR] serial_handler: Serial error: could not open port 'COM5': FileNotFoundError(2, 'The system cannot find the file specified.', None, 2)
2026-06-01 03:06:55,462 [ERROR] serial_handler: Serial error: could not open port 'COM5': FileNotFoundError(2, 'The system cannot find the file specified.', None, 2)
2026-06-01 03:06:57,465 [ERROR] serial_handler: Serial error: could not open port 'COM5': FileNotFoundError(2, 'The system cannot find the file specified.', None, 2)
2026-06-01 03:06:59,467 [ERROR] serial_handler: Serial error: could not open port 'COM5': FileNotFoundError(2, 'The system cannot find the file specified.', None, 2)
2026-06-01 03:07:01,470 [ERROR] serial_handler: Serial error: could not open port 'COM5': FileNotFoundError(2, 'The system cannot find the file specified.', None, 2)
2026-06-01 03:07:03,471 [ERROR] serial_handler: Serial error: could not open port 'COM5': FileNotFoundError(2, 'The system cannot find the file specified.', None, 2)
2026-06-01 03:07:05,473 [ERROR] serial_handler: Serial error: could not open port 'COM5': FileNotFoundError(2, 'The system cannot find the file specified.', None, 2)
2026-06-01 03:07:07,475 [ERROR] serial_handler: Serial error: could not open port 'COM5': FileNotFoundError(2, 'The system cannot find the file specified.', None, 2)
2026-06-01 03:07:09,479 [ERROR] serial_handler: Serial error: could not open port 'COM5': FileNotFoundError(2, 'The system cannot find the file specified.', None, 2)
2026-06-01 03:07:11,480 [ERROR] serial_handler: Serial error: could not open port 'COM5': FileNotFoundError(2, 'The system cannot find the file specified.', None, 2)
2026-06-01 03:07:13,482 [ERROR] serial_handler: Serial error: could not open port 'COM5': FileNotFoundError(2, 'The system cannot find the file specified.', None, 2)
2026-06-01 03:07:15,485 [ERROR] serial_handler: Serial error: could not open port 'COM5': FileNotFoundError(2, 'The system cannot find the file specified.', None, 2)
2026-06-01 03:07:17,487 [ERROR] serial_handler: Serial error: could not open port 'COM5': FileNotFoundError(2, 'The system cannot find the file specified.', None, 2)
2026-06-01 03:07:19,489 [ERROR] serial_handler: Serial error: could not open port 'COM5': FileNotFoundError(2, 'The system cannot find the file specified.', None, 2)
2026-06-01 03:07:21,491 [ERROR] serial_handler: Serial error: could not open port 'COM5': FileNotFoundError(2, 'The system cannot find the file specified.', None, 2)
2026-06-01 03:07:23,493 [ERROR] serial_handler: Serial error: could not open port 'COM5': FileNotFoundError(2, 'The system cannot find the file specified.', None, 2)
2026-06-01 03:07:25,496 [ERROR] serial_handler: Serial error: could not open port 'COM5': FileNotFoundError(2, 'The system cannot find the file specified.', None, 2)
2026-06-01 03:07:27,498 [ERROR] serial_handler: Serial error: could not open port 'COM5': FileNotFoundError(2, 'The system cannot find the file specified.', None, 2)
2026-06-01 03:07:29,501 [ERROR] serial_handler: Serial error: could not open port 'COM5': FileNotFoundError(2, 'The system cannot find the file specified.', None, 2)
2026-06-01 03:07:31,502 [ERROR] serial_handler: Serial error: could not open port 'COM5': FileNotFoundError(2, 'The system cannot find the file specified.', None, 2)
2026-06-01 03:07:33,505 [ERROR] serial_handler: Serial error: could not open port 'COM5': FileNotFoundError(2, 'The system cannot find the file specified.', None, 2)
2026-06-01 03:07:35,507 [ERROR] serial_handler: Serial error: could not open port 'COM5': FileNotFoundError(2, 'The system cannot find the file specified.', None, 2)
2026-06-01 03:07:37,510 [ERROR] serial_handler: Serial error: could not open port 'COM5': FileNotFoundError(2, 'The system cannot find the file specified.', None, 2)
2026-06-01 03:07:39,512 [ERROR] serial_handler: Serial error: could not open port 'COM5': FileNotFoundError(2, 'The system cannot find the file specified.', None, 2)
2026-06-01 03:07:41,515 [ERROR] serial_handler: Serial error: could not open port 'COM5': FileNotFoundError(2, 'The system cannot find the file specified.', None, 2)
2026-06-01 03:07:43,517 [ERROR] serial_handler: Serial error: could not open port 'COM5': FileNotFoundError(2, 'The system cannot find the file specified.', None, 2)
2026-06-01 03:07:45,519 [ERROR] serial_handler: Serial error: could not open port 'COM5': FileNotFoundError(2, 'The system cannot find the file specified.', None, 2)
2026-06-01 03:07:47,521 [ERROR] serial_handler: Serial error: could not open port 'COM5': FileNotFoundError(2, 'The system cannot find the file specified.', None, 2)
2026-06-01 03:07:49,523 [ERROR] serial_handler: Serial error: could not open port 'COM5': FileNotFoundError(2, 'The system cannot find the file specified.', None, 2)
2026-06-01 03:07:51,524 [ERROR] serial_handler: Serial error: could not open port 'COM5': FileNotFoundError(2, 'The system cannot find the file specified.', None, 2)
2026-06-01 03:07:53,527 [ERROR] serial_handler: Serial error: could not open port 'COM5': FileNotFoundError(2, 'The system cannot find the file specified.', None, 2)
2026-06-01 03:07:55,529 [ERROR] serial_handler: Serial error: could not open port 'COM5': FileNotFoundError(2, 'The system cannot find the file specified.', None, 2)
2026-06-01 03:07:57,532 [ERROR] serial_handler: Serial error: could not open port 'COM5': FileNotFoundError(2, 'The system cannot find the file specified.', None, 2)
2026-06-01 03:07:59,535 [ERROR] serial_handler: Serial error: could not open port 'COM5': FileNotFoundError(2, 'The system cannot find the file specified.', None, 2)
2026-06-01 03:08:01,537 [ERROR] serial_handler: Serial error: could not open port 'COM5': FileNotFoundError(2, 'The system cannot find the file specified.', None, 2)
2026-06-01 03:08:03,539 [ERROR] serial_handler: Serial error: could not open port 'COM5': FileNotFoundError(2, 'The system cannot find the file specified.', None, 2)
2026-06-01 03:08:05,541 [ERROR] serial_handler: Serial error: could not open port 'COM5': FileNotFoundError(2, 'The system cannot find the file specified.', None, 2)
2026-06-01 03:08:07,543 [ERROR] serial_handler: Serial error: could not open port 'COM5': FileNotFoundError(2, 'The system cannot find the file specified.', None, 2)
2026-06-01 03:08:09,545 [ERROR] serial_handler: Serial error: could not open port 'COM5': FileNotFoundError(2, 'The system cannot find the file specified.', None, 2)
2026-06-01 03:08:11,549 [ERROR] serial_handler: Serial error: could not open port 'COM5': FileNotFoundError(2, 'The system cannot find the file specified.', None, 2)
2026-06-01 03:08:13,551 [ERROR] serial_handler: Serial error: could not open port 'COM5': FileNotFoundError(2, 'The system cannot find the file specified.', None, 2)
2026-06-01 03:08:15,553 [ERROR] serial_handler: Serial error: could not open port 'COM5': FileNotFoundError(2, 'The system cannot find the file specified.', None, 2)
2026-06-01 03:08:17,555 [ERROR] serial_handler: Serial error: could not open port 'COM5': FileNotFoundError(2, 'The system cannot find the file specified.', None, 2)
2026-06-01 03:08:19,558 [ERROR] serial_handler: Serial error: could not open port 'COM5': FileNotFoundError(2, 'The system cannot find the file specified.', None, 2)
2026-06-01 03:08:21,560 [ERROR] serial_handler: Serial error: could not open port 'COM5': FileNotFoundError(2, 'The system cannot find the file specified.', None, 2)
2026-06-01 03:08:23,563 [ERROR] serial_handler: Serial error: could not open port 'COM5': FileNotFoundError(2, 'The system cannot find the file specified.', None, 2)
2026-06-01 03:08:25,564 [ERROR] serial_handler: Serial error: could not open port 'COM5': FileNotFoundError(2, 'The system cannot find the file specified.', None, 2)
2026-06-01 03:08:27,567 [ERROR] serial_handler: Serial error: could not open port 'COM5': FileNotFoundError(2, 'The system cannot find the file specified.', None, 2)
2026-06-01 03:08:29,569 [ERROR] serial_handler: Serial error: could not open port 'COM5': FileNotFoundError(2, 'The system cannot find the file specified.', None, 2)
2026-06-01 03:08:31,571 [ERROR] serial_handler: Serial error: could not open port 'COM5': FileNotFoundError(2, 'The system cannot find the file specified.', None, 2)
2026-06-01 03:08:33,573 [ERROR] serial_handler: Serial error: could not open port 'COM5': FileNotFoundError(2, 'The system cannot find the file specified.', None, 2)
2026-06-01 03:08:35,575 [ERROR] serial_handler: Serial error: could not open port 'COM5': FileNotFoundError(2, 'The system cannot find the file specified.', None, 2)
2026-06-01 03:08:37,577 [ERROR] serial_handler: Serial error: could not open port 'COM5': FileNotFoundError(2, 'The system cannot find the file specified.', None, 2)
2026-06-01 03:08:39,579 [ERROR] serial_handler: Serial error: could not open port 'COM5': FileNotFoundError(2, 'The system cannot find the file specified.', None, 2)
2026-06-01 03:08:41,581 [ERROR] serial_handler: Serial error: could not open port 'COM5': FileNotFoundError(2, 'The system cannot find the file specified.', None, 2)
2026-06-01 03:08:43,583 [ERROR] serial_handler: Serial error: could not open port 'COM5': FileNotFoundError(2, 'The system cannot find the file specified.', None, 2)
2026-06-01 03:08:45,585 [ERROR] serial_handler: Serial error: could not open port 'COM5': FileNotFoundError(2, 'The system cannot find the file specified.', None, 2)
2026-06-01 03:08:47,588 [ERROR] serial_handler: Serial error: could not open port 'COM5': FileNotFoundError(2, 'The system cannot find the file specified.', None, 2)
2026-06-01 03:08:49,590 [ERROR] serial_handler: Serial error: could not open port 'COM5': FileNotFoundError(2, 'The system cannot find the file specified.', None, 2)
2026-06-01 03:08:51,592 [ERROR] serial_handler: Serial error: could not open port 'COM5': FileNotFoundError(2, 'The system cannot find the file specified.', None, 2)
2026-06-01 03:08:53,594 [ERROR] serial_handler: Serial error: could not open port 'COM5': FileNotFoundError(2, 'The system cannot find the file specified.', None, 2)
2026-06-01 03:08:55,597 [ERROR] serial_handler: Serial error: could not open port 'COM5': FileNotFoundError(2, 'The system cannot find the file specified.', None, 2)
2026-06-01 03:08:57,599 [ERROR] serial_handler: Serial error: could not open port 'COM5': FileNotFoundError(2, 'The system cannot find the file specified.', None, 2)
2026-06-01 03:08:59,602 [ERROR] serial_handler: Serial error: could not open port 'COM5': FileNotFoundError(2, 'The system cannot find the file specified.', None, 2)
2026-06-01 03:09:01,605 [ERROR] serial_handler: Serial error: could not open port 'COM5': FileNotFoundError(2, 'The system cannot find the file specified.', None, 2)
2026-06-01 03:09:03,606 [ERROR] serial_handler: Serial error: could not open port 'COM5': FileNotFoundError(2, 'The system cannot find the file specified.', None, 2)
2026-06-01 03:09:05,608 [ERROR] serial_handler: Serial error: could not open port 'COM5': FileNotFoundError(2, 'The system cannot find the file specified.', None, 2)
2026-06-01 03:09:07,610 [ERROR] serial_handler: Serial error: could not open port 'COM5': FileNotFoundError(2, 'The system cannot find the file specified.', None, 2)
2026-06-01 03:09:09,612 [ERROR] serial_handler: Serial error: could not open port 'COM5': FileNotFoundError(2, 'The system cannot find the file specified.', None, 2)
2026-06-01 03:09:11,614 [ERROR] serial_handler: Serial error: could not open port 'COM5': FileNotFoundError(2, 'The system cannot find the file specified.', None, 2)
2026-06-01 03:09:13,616 [ERROR] serial_handler: Serial error: could not open port 'COM5': FileNotFoundError(2, 'The system cannot find the file specified.', None, 2)
2026-06-01 03:09:15,618 [ERROR] serial_handler: Serial error: could not open port 'COM5': FileNotFoundError(2, 'The system cannot find the file specified.', None, 2)
2026-06-01 03:09:17,620 [ERROR] serial_handler: Serial error: could not open port 'COM5': FileNotFoundError(2, 'The system cannot find the file specified.', None, 2)
2026-06-01 03:09:19,622 [ERROR] serial_handler: Serial error: could not open port 'COM5': FileNotFoundError(2, 'The system cannot find the file specified.', None, 2)
2026-06-01 03:09:21,624 [ERROR] serial_handler: Serial error: could not open port 'COM5': FileNotFoundError(2, 'The system cannot find the file specified.', None, 2)
2026-06-01 03:09:23,625 [ERROR] serial_handler: Serial error: could not open port 'COM5': FileNotFoundError(2, 'The system cannot find the file specified.', None, 2)
2026-06-01 03:09:25,627 [ERROR] serial_handler: Serial error: could not open port 'COM5': FileNotFoundError(2, 'The system cannot find the file specified.', None, 2)
2026-06-01 03:09:27,630 [ERROR] serial_handler: Serial error: could not open port 'COM5': FileNotFoundError(2, 'The system cannot find the file specified.', None, 2)
2026-06-01 03:09:29,632 [ERROR] serial_handler: Serial error: could not open port 'COM5': FileNotFoundError(2, 'The system cannot find the file specified.', None, 2)
2026-06-01 03:09:31,634 [ERROR] serial_handler: Serial error: could not open port 'COM5': FileNotFoundError(2, 'The system cannot find the file specified.', None, 2)
2026-06-01 03:09:33,638 [ERROR] serial_handler: Serial error: could not open port 'COM5': FileNotFoundError(2, 'The system cannot find the file specified.', None, 2)
2026-06-01 03:09:35,639 [ERROR] serial_handler: Serial error: could not open port 'COM5': FileNotFoundError(2, 'The system cannot find the file specified.', None, 2)
2026-06-01 03:09:37,642 [ERROR] serial_handler: Serial error: could not open port 'COM5': FileNotFoundError(2, 'The system cannot find the file specified.', None, 2)
2026-06-01 03:09:39,644 [ERROR] serial_handler: Serial error: could not open port 'COM5': FileNotFoundError(2, 'The system cannot find the file specified.', None, 2)
2026-06-01 03:09:41,647 [ERROR] serial_handler: Serial error: could not open port 'COM5': FileNotFoundError(2, 'The system cannot find the file specified.', None, 2)
2026-06-01 03:09:43,649 [ERROR] serial_handler: Serial error: could not open port 'COM5': FileNotFoundError(2, 'The system cannot find the file specified.', None, 2)
2026-06-01 03:09:45,651 [ERROR] serial_handler: Serial error: could not open port 'COM5': FileNotFoundError(2, 'The system cannot find the file specified.', None, 2)
2026-06-01 03:09:47,653 [ERROR] serial_handler: Serial error: could not open port 'COM5': FileNotFoundError(2, 'The system cannot find the file specified.', None, 2)
2026-06-01 03:09:49,655 [ERROR] serial_handler: Serial error: could not open port 'COM5': FileNotFoundError(2, 'The system cannot find the file specified.', None, 2)
2026-06-01 03:09:51,657 [ERROR] serial_handler: Serial error: could not open port 'COM5': FileNotFoundError(2, 'The system cannot find the file specified.', None, 2)
2026-06-01 03:09:53,659 [ERROR] serial_handler: Serial error: could not open port 'COM5': FileNotFoundError(2, 'The system cannot find the file specified.', None, 2)
2026-06-01 03:09:55,663 [ERROR] serial_handler: Serial error: could not open port 'COM5': FileNotFoundError(2, 'The system cannot find the file specified.', None, 2)
2026-06-01 03:09:57,666 [ERROR] serial_handler: Serial error: could not open port 'COM5': FileNotFoundError(2, 'The system cannot find the file specified.', None, 2)
2026-06-01 03:09:59,669 [ERROR] serial_handler: Serial error: could not open port 'COM5': FileNotFoundError(2, 'The system cannot find the file specified.', None, 2)
2026-06-01 03:10:01,672 [ERROR] serial_handler: Serial error: could not open port 'COM5': FileNotFoundError(2, 'The system cannot find the file specified.', None, 2)
2026-06-01 03:10:03,675 [ERROR] serial_handler: Serial error: could not open port 'COM5': FileNotFoundError(2, 'The system cannot find the file specified.', None, 2)
2026-06-01 03:10:05,678 [ERROR] serial_handler: Serial error: could not open port 'COM5': FileNotFoundError(2, 'The system cannot find the file specified.', None, 2)
2026-06-01 03:10:07,681 [ERROR] serial_handler: Serial error: could not open port 'COM5': FileNotFoundError(2, 'The system cannot find the file specified.', None, 2)
2026-06-01 03:10:09,684 [ERROR] serial_handler: Serial error: could not open port 'COM5': FileNotFoundError(2, 'The system cannot find the file specified.', None, 2)
2026-06-01 03:10:11,689 [ERROR] serial_handler: Serial error: could not open port 'COM5': FileNotFoundError(2, 'The system cannot find the file specified.', None, 2)
2026-06-01 03:10:13,691 [ERROR] serial_handler: Serial error: could not open port 'COM5': FileNotFoundError(2, 'The system cannot find the file specified.', None, 2)
2026-06-01 03:10:15,695 [ERROR] serial_handler: Serial error: could not open port 'COM5': FileNotFoundError(2, 'The system cannot find the file specified.', None, 2)
2026-06-01 03:10:17,698 [ERROR] serial_handler: Serial error: could not open port 'COM5': FileNotFoundError(2, 'The system cannot find the file specified.', None, 2)
2026-06-01 03:10:19,701 [ERROR] serial_handler: Serial error: could not open port 'COM5': FileNotFoundError(2, 'The system cannot find the file specified.', None, 2)
2026-06-01 03:10:21,702 [ERROR] serial_handler: Serial error: could not open port 'COM5': FileNotFoundError(2, 'The system cannot find the file specified.', None, 2)
2026-06-01 03:10:23,706 [ERROR] serial_handler: Serial error: could not open port 'COM5': FileNotFoundError(2, 'The system cannot find the file specified.', None, 2)
2026-06-01 03:10:25,708 [ERROR] serial_handler: Serial error: could not open port 'COM5': FileNotFoundError(2, 'The system cannot find the file specified.', None, 2)
2026-06-01 03:10:27,710 [ERROR] serial_handler: Serial error: could not open port 'COM5': FileNotFoundError(2, 'The system cannot find the file specified.', None, 2)
2026-06-01 03:10:29,712 [ERROR] serial_handler: Serial error: could not open port 'COM5': FileNotFoundError(2, 'The system cannot find the file specified.', None, 2)
2026-06-01 03:10:31,715 [ERROR] serial_handler: Serial error: could not open port 'COM5': FileNotFoundError(2, 'The system cannot find the file specified.', None, 2)
2026-06-01 03:10:33,719 [ERROR] serial_handler: Serial error: could not open port 'COM5': FileNotFoundError(2, 'The system cannot find the file specified.', None, 2)
2026-06-01 03:10:35,721 [ERROR] serial_handler: Serial error: could not open port 'COM5': FileNotFoundError(2, 'The system cannot find the file specified.', None, 2)
2026-06-01 03:10:37,723 [ERROR] serial_handler: Serial error: could not open port 'COM5': FileNotFoundError(2, 'The system cannot find the file specified.', None, 2)
2026-06-01 03:10:39,725 [ERROR] serial_handler: Serial error: could not open port 'COM5': FileNotFoundError(2, 'The system cannot find the file specified.', None, 2)
2026-06-01 03:10:41,728 [ERROR] serial_handler: Serial error: could not open port 'COM5': FileNotFoundError(2, 'The system cannot find the file specified.', None, 2)
2026-06-01 03:10:43,731 [ERROR] serial_handler: Serial error: could not open port 'COM5': FileNotFoundError(2, 'The system cannot find the file specified.', None, 2)
2026-06-01 03:10:45,733 [ERROR] serial_handler: Serial error: could not open port 'COM5': FileNotFoundError(2, 'The system cannot find the file specified.', None, 2)
2026-06-01 03:10:47,735 [ERROR] serial_handler: Serial error: could not open port 'COM5': FileNotFoundError(2, 'The system cannot find the file specified.', None, 2)
2026-06-01 03:10:49,738 [ERROR] serial_handler: Serial error: could not open port 'COM5': FileNotFoundError(2, 'The system cannot find the file specified.', None, 2)
2026-06-01 03:10:51,740 [ERROR] serial_handler: Serial error: could not open port 'COM5': FileNotFoundError(2, 'The system cannot find the file specified.', None, 2)
2026-06-01 03:10:53,742 [ERROR] serial_handler: Serial error: could not open port 'COM5': FileNotFoundError(2, 'The system cannot find the file specified.', None, 2)
2026-06-01 03:10:55,745 [ERROR] serial_handler: Serial error: could not open port 'COM5': FileNotFoundError(2, 'The system cannot find the file specified.', None, 2)
2026-06-01 03:10:57,747 [ERROR] serial_handler: Serial error: could not open port 'COM5': FileNotFoundError(2, 'The system cannot find the file specified.', None, 2)
2026-06-01 03:10:59,749 [ERROR] serial_handler: Serial error: could not open port 'COM5': FileNotFoundError(2, 'The system cannot find the file specified.', None, 2)
2026-06-01 03:11:01,751 [ERROR] serial_handler: Serial error: could not open port 'COM5': FileNotFoundError(2, 'The system cannot find the file specified.', None, 2)
2026-06-01 03:11:03,757 [ERROR] serial_handler: Serial error: could not open port 'COM5': FileNotFoundError(2, 'The system cannot find the file specified.', None, 2)
2026-06-01 03:11:05,759 [ERROR] serial_handler: Serial error: could not open port 'COM5': FileNotFoundError(2, 'The system cannot find the file specified.', None, 2)
2026-06-01 03:11:07,763 [ERROR] serial_handler: Serial error: could not open port 'COM5': FileNotFoundError(2, 'The system cannot find the file specified.', None, 2)
2026-06-01 03:11:09,765 [ERROR] serial_handler: Serial error: could not open port 'COM5': FileNotFoundError(2, 'The system cannot find the file specified.', None, 2)
2026-06-01 03:11:11,766 [ERROR] serial_handler: Serial error: could not open port 'COM5': FileNotFoundError(2, 'The system cannot find the file specified.', None, 2)
2026-06-01 03:11:13,768 [ERROR] serial_handler: Serial error: could not open port 'COM5': FileNotFoundError(2, 'The system cannot find the file specified.', None, 2)
2026-06-01 03:11:15,769 [ERROR] serial_handler: Serial error: could not open port 'COM5': FileNotFoundError(2, 'The system cannot find the file specified.', None, 2)
2026-06-01 03:11:17,771 [ERROR] serial_handler: Serial error: could not open port 'COM5': FileNotFoundError(2, 'The system cannot find the file specified.', None, 2)
2026-06-01 03:11:19,775 [ERROR] serial_handler: Serial error: could not open port 'COM5': FileNotFoundError(2, 'The system cannot find the file specified.', None, 2)
2026-06-01 03:11:21,778 [ERROR] serial_handler: Serial error: could not open port 'COM5': FileNotFoundError(2, 'The system cannot find the file specified.', None, 2)
2026-06-01 03:11:23,779 [ERROR] serial_handler: Serial error: could not open port 'COM5': FileNotFoundError(2, 'The system cannot find the file specified.', None, 2)
2026-06-01 03:11:25,782 [ERROR] serial_handler: Serial error: could not open port 'COM5': FileNotFoundError(2, 'The system cannot find the file specified.', None, 2)
2026-06-01 03:11:27,784 [ERROR] serial_handler: Serial error: could not open port 'COM5': FileNotFoundError(2, 'The system cannot find the file specified.', None, 2)
2026-06-01 03:11:29,785 [ERROR] serial_handler: Serial error: could not open port 'COM5': FileNotFoundError(2, 'The system cannot find the file specified.', None, 2)
2026-06-01 03:11:31,787 [ERROR] serial_handler: Serial error: could not open port 'COM5': FileNotFoundError(2, 'The system cannot find the file specified.', None, 2)
2026-06-01 03:11:33,789 [ERROR] serial_handler: Serial error: could not open port 'COM5': FileNotFoundError(2, 'The system cannot find the file specified.', None, 2)
2026-06-01 03:11:35,791 [ERROR] serial_handler: Serial error: could not open port 'COM5': FileNotFoundError(2, 'The system cannot find the file specified.', None, 2)
2026-06-01 03:11:37,793 [ERROR] serial_handler: Serial error: could not open port 'COM5': FileNotFoundError(2, 'The system cannot find the file specified.', None, 2)
2026-06-01 03:11:39,795 [ERROR] serial_handler: Serial error: could not open port 'COM5': FileNotFoundError(2, 'The system cannot find the file specified.', None, 2)
2026-06-01 03:11:41,798 [ERROR] serial_handler: Serial error: could not open port 'COM5': FileNotFoundError(2, 'The system cannot find the file specified.', None, 2)
2026-06-01 03:11:43,800 [ERROR] serial_handler: Serial error: could not open port 'COM5': FileNotFoundError(2, 'The system cannot find the file specified.', None, 2)
2026-06-01 03:11:45,802 [ERROR] serial_handler: Serial error: could not open port 'COM5': FileNotFoundError(2, 'The system cannot find the file specified.', None, 2)
2026-06-01 03:11:47,803 [ERROR] serial_handler: Serial error: could not open port 'COM5': FileNotFoundError(2, 'The system cannot find the file specified.', None, 2)
2026-06-01 03:11:49,805 [ERROR] serial_handler: Serial error: could not open port 'COM5': FileNotFoundError(2, 'The system cannot find the file specified.', None, 2)
2026-06-01 03:11:51,807 [ERROR] serial_handler: Serial error: could not open port 'COM5': FileNotFoundError(2, 'The system cannot find the file specified.', None, 2)
2026-06-01 03:11:53,809 [ERROR] serial_handler: Serial error: could not open port 'COM5': FileNotFoundError(2, 'The system cannot find the file specified.', None, 2)
2026-06-01 03:11:55,811 [ERROR] serial_handler: Serial error: could not open port 'COM5': FileNotFoundError(2, 'The system cannot find the file specified.', None, 2)
2026-06-01 03:11:57,816 [ERROR] serial_handler: Serial error: could not open port 'COM5': FileNotFoundError(2, 'The system cannot find the file specified.', None, 2)
2026-06-01 03:11:59,819 [ERROR] serial_handler: Serial error: could not open port 'COM5': FileNotFoundError(2, 'The system cannot find the file specified.', None, 2)
2026-06-01 03:12:01,822 [ERROR] serial_handler: Serial error: could not open port 'COM5': FileNotFoundError(2, 'The system cannot find the file specified.', None, 2)
2026-06-01 03:12:03,824 [ERROR] serial_handler: Serial error: could not open port 'COM5': FileNotFoundError(2, 'The system cannot find the file specified.', None, 2)
2026-06-01 03:12:05,826 [ERROR] serial_handler: Serial error: could not open port 'COM5': FileNotFoundError(2, 'The system cannot find the file specified.', None, 2)
2026-06-01 03:12:07,830 [ERROR] serial_handler: Serial error: could not open port 'COM5': FileNotFoundError(2, 'The system cannot find the file specified.', None, 2)
2026-06-01 03:12:09,833 [ERROR] serial_handler: Serial error: could not open port 'COM5': FileNotFoundError(2, 'The system cannot find the file specified.', None, 2)
2026-06-01 03:12:11,835 [ERROR] serial_handler: Serial error: could not open port 'COM5': FileNotFoundError(2, 'The system cannot find the file specified.', None, 2)
2026-06-01 03:12:13,840 [ERROR] serial_handler: Serial error: could not open port 'COM5': FileNotFoundError(2, 'The system cannot find the file specified.', None, 2)
2026-06-01 03:12:15,843 [ERROR] serial_handler: Serial error: could not open port 'COM5': FileNotFoundError(2, 'The system cannot find the file specified.', None, 2)
2026-06-01 03:12:17,844 [ERROR] serial_handler: Serial error: could not open port 'COM5': FileNotFoundError(2, 'The system cannot find the file specified.', None, 2)
2026-06-01 03:12:19,846 [ERROR] serial_handler: Serial error: could not open port 'COM5': FileNotFoundError(2, 'The system cannot find the file specified.', None, 2)
2026-06-01 03:12:21,849 [ERROR] serial_handler: Serial error: could not open port 'COM5': FileNotFoundError(2, 'The system cannot find the file specified.', None, 2)
2026-06-01 03:12:23,851 [ERROR] serial_handler: Serial error: could not open port 'COM5': FileNotFoundError(2, 'The system cannot find the file specified.', None, 2)
2026-06-01 03:12:25,854 [ERROR] serial_handler: Serial error: could not open port 'COM5': FileNotFoundError(2, 'The system cannot find the file specified.', None, 2)
2026-06-01 03:12:27,856 [ERROR] serial_handler: Serial error: could not open port 'COM5': FileNotFoundError(2, 'The system cannot find the file specified.', None, 2)
2026-06-01 03:12:29,859 [ERROR] serial_handler: Serial error: could not open port 'COM5': FileNotFoundError(2, 'The system cannot find the file specified.', None, 2)
2026-06-01 03:12:31,860 [ERROR] serial_handler: Serial error: could not open port 'COM5': FileNotFoundError(2, 'The system cannot find the file specified.', None, 2)
2026-06-01 03:12:33,862 [ERROR] serial_handler: Serial error: could not open port 'COM5': FileNotFoundError(2, 'The system cannot find the file specified.', None, 2)
2026-06-01 03:12:35,865 [ERROR] serial_handler: Serial error: could not open port 'COM5': FileNotFoundError(2, 'The system cannot find the file specified.', None, 2)
2026-06-01 03:12:37,867 [ERROR] serial_handler: Serial error: could not open port 'COM5': FileNotFoundError(2, 'The system cannot find the file specified.', None, 2)
2026-06-01 03:12:39,870 [ERROR] serial_handler: Serial error: could not open port 'COM5': FileNotFoundError(2, 'The system cannot find the file specified.', None, 2)
2026-06-01 03:12:41,872 [ERROR] serial_handler: Serial error: could not open port 'COM5': FileNotFoundError(2, 'The system cannot find the file specified.', None, 2)
2026-06-01 03:12:43,874 [ERROR] serial_handler: Serial error: could not open port 'COM5': FileNotFoundError(2, 'The system cannot find the file specified.', None, 2)
2026-06-01 03:12:45,876 [ERROR] serial_handler: Serial error: could not open port 'COM5': FileNotFoundError(2, 'The system cannot find the file specified.', None, 2)
2026-06-01 03:12:47,878 [ERROR] serial_handler: Serial error: could not open port 'COM5': FileNotFoundError(2, 'The system cannot find the file specified.', None, 2)
2026-06-01 03:12:49,880 [ERROR] serial_handler: Serial error: could not open port 'COM5': FileNotFoundError(2, 'The system cannot find the file specified.', None, 2)
2026-06-01 03:12:51,882 [ERROR] serial_handler: Serial error: could not open port 'COM5': FileNotFoundError(2, 'The system cannot find the file specified.', None, 2)
2026-06-01 03:12:53,884 [ERROR] serial_handler: Serial error: could not open port 'COM5': FileNotFoundError(2, 'The system cannot find the file specified.', None, 2)
2026-06-01 03:12:55,887 [ERROR] serial_handler: Serial error: could not open port 'COM5': FileNotFoundError(2, 'The system cannot find the file specified.', None, 2)
2026-06-01 03:12:57,889 [ERROR] serial_handler: Serial error: could not open port 'COM5': FileNotFoundError(2, 'The system cannot find the file specified.', None, 2)
2026-06-01 03:12:59,891 [ERROR] serial_handler: Serial error: could not open port 'COM5': FileNotFoundError(2, 'The system cannot find the file specified.', None, 2)
2026-06-01 03:13:01,895 [ERROR] serial_handler: Serial error: could not open port 'COM5': FileNotFoundError(2, 'The system cannot find the file specified.', None, 2)
2026-06-01 03:13:03,897 [ERROR] serial_handler: Serial error: could not open port 'COM5': FileNotFoundError(2, 'The system cannot find the file specified.', None, 2)
2026-06-01 03:13:05,900 [ERROR] serial_handler: Serial error: could not open port 'COM5': FileNotFoundError(2, 'The system cannot find the file specified.', None, 2)
2026-06-01 03:13:07,902 [ERROR] serial_handler: Serial error: could not open port 'COM5': FileNotFoundError(2, 'The system cannot find the file specified.', None, 2)
2026-06-01 03:13:09,905 [ERROR] serial_handler: Serial error: could not open port 'COM5': FileNotFoundError(2, 'The system cannot find the file specified.', None, 2)
2026-06-01 03:13:11,907 [ERROR] serial_handler: Serial error: could not open port 'COM5': FileNotFoundError(2, 'The system cannot find the file specified.', None, 2)
2026-06-01 03:13:13,909 [ERROR] serial_handler: Serial error: could not open port 'COM5': FileNotFoundError(2, 'The system cannot find the file specified.', None, 2)
2026-06-01 03:13:15,911 [ERROR] serial_handler: Serial error: could not open port 'COM5': FileNotFoundError(2, 'The system cannot find the file specified.', None, 2)
2026-06-01 03:13:17,913 [ERROR] serial_handler: Serial error: could not open port 'COM5': FileNotFoundError(2, 'The system cannot find the file specified.', None, 2)
2026-06-01 03:13:19,914 [ERROR] serial_handler: Serial error: could not open port 'COM5': FileNotFoundError(2, 'The system cannot find the file specified.', None, 2)
2026-06-01 03:13:21,916 [ERROR] serial_handler: Serial error: could not open port 'COM5': FileNotFoundError(2, 'The system cannot find the file specified.', None, 2)
2026-06-01 03:13:23,918 [ERROR] serial_handler: Serial error: could not open port 'COM5': FileNotFoundError(2, 'The system cannot find the file specified.', None, 2)
2026-06-01 03:13:25,921 [ERROR] serial_handler: Serial error: could not open port 'COM5': FileNotFoundError(2, 'The system cannot find the file specified.', None, 2)
2026-06-01 03:13:27,923 [ERROR] serial_handler: Serial error: could not open port 'COM5': FileNotFoundError(2, 'The system cannot find the file specified.', None, 2)
2026-06-01 03:13:29,924 [ERROR] serial_handler: Serial error: could not open port 'COM5': FileNotFoundError(2, 'The system cannot find the file specified.', None, 2)
2026-06-01 03:13:31,927 [ERROR] serial_handler: Serial error: could not open port 'COM5': FileNotFoundError(2, 'The system cannot find the file specified.', None, 2)
2026-06-01 03:13:33,928 [ERROR] serial_handler: Serial error: could not open port 'COM5': FileNotFoundError(2, 'The system cannot find the file specified.', None, 2)
2026-06-01 03:13:35,930 [ERROR] serial_handler: Serial error: could not open port 'COM5': FileNotFoundError(2, 'The system cannot find the file specified.', None, 2)
2026-06-01 03:13:37,932 [ERROR] serial_handler: Serial error: could not open port 'COM5': FileNotFoundError(2, 'The system cannot find the file specified.', None, 2)
2026-06-01 03:13:39,934 [ERROR] serial_handler: Serial error: could not open port 'COM5': FileNotFoundError(2, 'The system cannot find the file specified.', None, 2)
2026-06-01 03:13:41,937 [ERROR] serial_handler: Serial error: could not open port 'COM5': FileNotFoundError(2, 'The system cannot find the file specified.', None, 2)
2026-06-01 03:13:43,940 [ERROR] serial_handler: Serial error: could not open port 'COM5': FileNotFoundError(2, 'The system cannot find the file specified.', None, 2)
2026-06-01 03:13:45,945 [ERROR] serial_handler: Serial error: could not open port 'COM5': FileNotFoundError(2, 'The system cannot find the file specified.', None, 2)
2026-06-01 03:13:47,947 [ERROR] serial_handler: Serial error: could not open port 'COM5': FileNotFoundError(2, 'The system cannot find the file specified.', None, 2)
2026-06-01 03:13:49,950 [ERROR] serial_handler: Serial error: could not open port 'COM5': FileNotFoundError(2, 'The system cannot find the file specified.', None, 2)
2026-06-01 03:13:51,954 [ERROR] serial_handler: Serial error: could not open port 'COM5': FileNotFoundError(2, 'The system cannot find the file specified.', None, 2)
2026-06-01 03:13:53,955 [ERROR] serial_handler: Serial error: could not open port 'COM5': FileNotFoundError(2, 'The system cannot find the file specified.', None, 2)
2026-06-01 03:13:55,958 [ERROR] serial_handler: Serial error: could not open port 'COM5': FileNotFoundError(2, 'The system cannot find the file specified.', None, 2)
2026-06-01 03:13:57,960 [ERROR] serial_handler: Serial error: could not open port 'COM5': FileNotFoundError(2, 'The system cannot find the file specified.', None, 2)
2026-06-01 03:13:59,962 [ERROR] serial_handler: Serial error: could not open port 'COM5': FileNotFoundError(2, 'The system cannot find the file specified.', None, 2)
2026-06-01 03:14:01,963 [ERROR] serial_handler: Serial error: could not open port 'COM5': FileNotFoundError(2, 'The system cannot find the file specified.', None, 2)
2026-06-01 03:14:03,965 [ERROR] serial_handler: Serial error: could not open port 'COM5': FileNotFoundError(2, 'The system cannot find the file specified.', None, 2)
2026-06-01 03:14:05,967 [ERROR] serial_handler: Serial error: could not open port 'COM5': FileNotFoundError(2, 'The system cannot find the file specified.', None, 2)
2026-06-01 03:14:07,970 [ERROR] serial_handler: Serial error: could not open port 'COM5': FileNotFoundError(2, 'The system cannot find the file specified.', None, 2)
2026-06-01 03:14:09,972 [ERROR] serial_handler: Serial error: could not open port 'COM5': FileNotFoundError(2, 'The system cannot find the file specified.', None, 2)
2026-06-01 03:14:11,974 [ERROR] serial_handler: Serial error: could not open port 'COM5': FileNotFoundError(2, 'The system cannot find the file specified.', None, 2)
2026-06-01 03:14:13,977 [ERROR] serial_handler: Serial error: could not open port 'COM5': FileNotFoundError(2, 'The system cannot find the file specified.', None, 2)
2026-06-01 03:14:15,979 [ERROR] serial_handler: Serial error: could not open port 'COM5': FileNotFoundError(2, 'The system cannot find the file specified.', None, 2)
2026-06-01 03:14:17,987 [ERROR] serial_handler: Serial error: could not open port 'COM5': FileNotFoundError(2, 'The system cannot find the file specified.', None, 2)
2026-06-01 03:14:19,989 [ERROR] serial_handler: Serial error: could not open port 'COM5': FileNotFoundError(2, 'The system cannot find the file specified.', None, 2)
2026-06-01 03:14:21,992 [ERROR] serial_handler: Serial error: could not open port 'COM5': FileNotFoundError(2, 'The system cannot find the file specified.', None, 2)
2026-06-01 03:14:23,993 [ERROR] serial_handler: Serial error: could not open port 'COM5': FileNotFoundError(2, 'The system cannot find the file specified.', None, 2)
2026-06-01 03:14:25,995 [ERROR] serial_handler: Serial error: could not open port 'COM5': FileNotFoundError(2, 'The system cannot find the file specified.', None, 2)
2026-06-01 03:14:27,997 [ERROR] serial_handler: Serial error: could not open port 'COM5': FileNotFoundError(2, 'The system cannot find the file specified.', None, 2)
2026-06-01 03:14:29,999 [ERROR] serial_handler: Serial error: could not open port 'COM5': FileNotFoundError(2, 'The system cannot find the file specified.', None, 2)
2026-06-01 03:14:32,001 [ERROR] serial_handler: Serial error: could not open port 'COM5': FileNotFoundError(2, 'The system cannot find the file specified.', None, 2)
2026-06-01 03:14:34,003 [ERROR] serial_handler: Serial error: could not open port 'COM5': FileNotFoundError(2, 'The system cannot find the file specified.', None, 2)
2026-06-01 03:14:36,006 [ERROR] serial_handler: Serial error: could not open port 'COM5': FileNotFoundError(2, 'The system cannot find the file specified.', None, 2)
2026-06-01 03:14:38,009 [ERROR] serial_handler: Serial error: could not open port 'COM5': FileNotFoundError(2, 'The system cannot find the file specified.', None, 2)
2026-06-01 03:14:40,011 [ERROR] serial_handler: Serial error: could not open port 'COM5': FileNotFoundError(2, 'The system cannot find the file specified.', None, 2)
2026-06-01 03:14:42,013 [ERROR] serial_handler: Serial error: could not open port 'COM5': FileNotFoundError(2, 'The system cannot find the file specified.', None, 2)
2026-06-01 03:14:44,015 [ERROR] serial_handler: Serial error: could not open port 'COM5': FileNotFoundError(2, 'The system cannot find the file specified.', None, 2)
2026-06-01 03:14:46,019 [ERROR] serial_handler: Serial error: could not open port 'COM5': FileNotFoundError(2, 'The system cannot find the file specified.', None, 2)
2026-06-01 03:14:48,021 [ERROR] serial_handler: Serial error: could not open port 'COM5': FileNotFoundError(2, 'The system cannot find the file specified.', None, 2)
2026-06-01 03:14:50,024 [ERROR] serial_handler: Serial error: could not open port 'COM5': FileNotFoundError(2, 'The system cannot find the file specified.', None, 2)
2026-06-01 03:14:52,026 [ERROR] serial_handler: Serial error: could not open port 'COM5': FileNotFoundError(2, 'The system cannot find the file specified.', None, 2)
2026-06-01 03:14:54,029 [ERROR] serial_handler: Serial error: could not open port 'COM5': FileNotFoundError(2, 'The system cannot find the file specified.', None, 2)
2026-06-01 03:14:56,031 [ERROR] serial_handler: Serial error: could not open port 'COM5': FileNotFoundError(2, 'The system cannot find the file specified.', None, 2)
2026-06-01 03:14:58,033 [ERROR] serial_handler: Serial error: could not open port 'COM5': FileNotFoundError(2, 'The system cannot find the file specified.', None, 2)
2026-06-01 03:15:00,035 [ERROR] serial_handler: Serial error: could not open port 'COM5': FileNotFoundError(2, 'The system cannot find the file specified.', None, 2)
2026-06-01 03:15:02,037 [ERROR] serial_handler: Serial error: could not open port 'COM5': FileNotFoundError(2, 'The system cannot find the file specified.', None, 2)
2026-06-01 03:15:04,041 [ERROR] serial_handler: Serial error: could not open port 'COM5': FileNotFoundError(2, 'The system cannot find the file specified.', None, 2)
2026-06-01 03:15:06,044 [ERROR] serial_handler: Serial error: could not open port 'COM5': FileNotFoundError(2, 'The system cannot find the file specified.', None, 2)
2026-06-01 03:15:08,046 [ERROR] serial_handler: Serial error: could not open port 'COM5': FileNotFoundError(2, 'The system cannot find the file specified.', None, 2)
2026-06-01 03:15:10,049 [ERROR] serial_handler: Serial error: could not open port 'COM5': FileNotFoundError(2, 'The system cannot find the file specified.', None, 2)
2026-06-01 03:15:12,051 [ERROR] serial_handler: Serial error: could not open port 'COM5': FileNotFoundError(2, 'The system cannot find the file specified.', None, 2)
2026-06-01 03:15:14,054 [ERROR] serial_handler: Serial error: could not open port 'COM5': FileNotFoundError(2, 'The system cannot find the file specified.', None, 2)
2026-06-01 03:15:16,056 [ERROR] serial_handler: Serial error: could not open port 'COM5': FileNotFoundError(2, 'The system cannot find the file specified.', None, 2)
2026-06-01 03:15:18,059 [ERROR] serial_handler: Serial error: could not open port 'COM5': FileNotFoundError(2, 'The system cannot find the file specified.', None, 2)
2026-06-01 03:15:20,061 [ERROR] serial_handler: Serial error: could not open port 'COM5': FileNotFoundError(2, 'The system cannot find the file specified.', None, 2)
2026-06-01 03:15:22,064 [ERROR] serial_handler: Serial error: could not open port 'COM5': FileNotFoundError(2, 'The system cannot find the file specified.', None, 2)
2026-06-01 03:15:24,066 [ERROR] serial_handler: Serial error: could not open port 'COM5': FileNotFoundError(2, 'The system cannot find the file specified.', None, 2)
2026-06-01 03:15:26,069 [ERROR] serial_handler: Serial error: could not open port 'COM5': FileNotFoundError(2, 'The system cannot find the file specified.', None, 2)
2026-06-01 03:15:28,071 [ERROR] serial_handler: Serial error: could not open port 'COM5': FileNotFoundError(2, 'The system cannot find the file specified.', None, 2)
2026-06-01 03:15:30,073 [ERROR] serial_handler: Serial error: could not open port 'COM5': FileNotFoundError(2, 'The system cannot find the file specified.', None, 2)
2026-06-01 03:15:32,075 [ERROR] serial_handler: Serial error: could not open port 'COM5': FileNotFoundError(2, 'The system cannot find the file specified.', None, 2)
2026-06-01 03:15:34,077 [ERROR] serial_handler: Serial error: could not open port 'COM5': FileNotFoundError(2, 'The system cannot find the file specified.', None, 2)
2026-06-01 03:15:36,079 [ERROR] serial_handler: Serial error: could not open port 'COM5': FileNotFoundError(2, 'The system cannot find the file specified.', None, 2)
2026-06-01 03:15:38,080 [ERROR] serial_handler: Serial error: could not open port 'COM5': FileNotFoundError(2, 'The system cannot find the file specified.', None, 2)
2026-06-01 03:15:40,084 [ERROR] serial_handler: Serial error: could not open port 'COM5': FileNotFoundError(2, 'The system cannot find the file specified.', None, 2)
2026-06-01 03:15:42,086 [ERROR] serial_handler: Serial error: could not open port 'COM5': FileNotFoundError(2, 'The system cannot find the file specified.', None, 2)
2026-06-01 03:15:44,089 [ERROR] serial_handler: Serial error: could not open port 'COM5': FileNotFoundError(2, 'The system cannot find the file specified.', None, 2)
2026-06-01 03:15:46,092 [ERROR] serial_handler: Serial error: could not open port 'COM5': FileNotFoundError(2, 'The system cannot find the file specified.', None, 2)
2026-06-01 03:15:48,094 [ERROR] serial_handler: Serial error: could not open port 'COM5': FileNotFoundError(2, 'The system cannot find the file specified.', None, 2)
2026-06-01 03:15:50,096 [ERROR] serial_handler: Serial error: could not open port 'COM5': FileNotFoundError(2, 'The system cannot find the file specified.', None, 2)
2026-06-01 03:15:52,098 [ERROR] serial_handler: Serial error: could not open port 'COM5': FileNotFoundError(2, 'The system cannot find the file specified.', None, 2)
2026-06-01 03:15:54,101 [ERROR] serial_handler: Serial error: could not open port 'COM5': FileNotFoundError(2, 'The system cannot find the file specified.', None, 2)
2026-06-01 03:15:56,103 [ERROR] serial_handler: Serial error: could not open port 'COM5': FileNotFoundError(2, 'The system cannot find the file specified.', None, 2)
2026-06-01 03:15:58,106 [ERROR] serial_handler: Serial error: could not open port 'COM5': FileNotFoundError(2, 'The system cannot find the file specified.', None, 2)
2026-06-01 03:16:00,108 [ERROR] serial_handler: Serial error: could not open port 'COM5': FileNotFoundError(2, 'The system cannot find the file specified.', None, 2)
2026-06-01 03:16:02,111 [ERROR] serial_handler: Serial error: could not open port 'COM5': FileNotFoundError(2, 'The system cannot find the file specified.', None, 2)
2026-06-01 03:16:04,113 [ERROR] serial_handler: Serial error: could not open port 'COM5': FileNotFoundError(2, 'The system cannot find the file specified.', None, 2)
2026-06-01 03:16:06,115 [ERROR] serial_handler: Serial error: could not open port 'COM5': FileNotFoundError(2, 'The system cannot find the file specified.', None, 2)
2026-06-01 03:16:08,118 [ERROR] serial_handler: Serial error: could not open port 'COM5': FileNotFoundError(2, 'The system cannot find the file specified.', None, 2)
2026-06-01 03:16:10,120 [ERROR] serial_handler: Serial error: could not open port 'COM5': FileNotFoundError(2, 'The system cannot find the file specified.', None, 2)
2026-06-01 03:16:12,122 [ERROR] serial_handler: Serial error: could not open port 'COM5': FileNotFoundError(2, 'The system cannot find the file specified.', None, 2)
2026-06-01 03:16:14,123 [ERROR] serial_handler: Serial error: could not open port 'COM5': FileNotFoundError(2, 'The system cannot find the file specified.', None, 2)
2026-06-01 03:16:16,125 [ERROR] serial_handler: Serial error: could not open port 'COM5': FileNotFoundError(2, 'The system cannot find the file specified.', None, 2)
2026-06-01 03:16:18,127 [ERROR] serial_handler: Serial error: could not open port 'COM5': FileNotFoundError(2, 'The system cannot find the file specified.', None, 2)
2026-06-01 03:16:20,129 [ERROR] serial_handler: Serial error: could not open port 'COM5': FileNotFoundError(2, 'The system cannot find the file specified.', None, 2)
2026-06-01 03:16:22,131 [ERROR] serial_handler: Serial error: could not open port 'COM5': FileNotFoundError(2, 'The system cannot find the file specified.', None, 2)
2026-06-01 03:16:24,133 [ERROR] serial_handler: Serial error: could not open port 'COM5': FileNotFoundError(2, 'The system cannot find the file specified.', None, 2)
2026-06-01 03:16:26,135 [ERROR] serial_handler: Serial error: could not open port 'COM5': FileNotFoundError(2, 'The system cannot find the file specified.', None, 2)
2026-06-01 03:16:28,138 [ERROR] serial_handler: Serial error: could not open port 'COM5': FileNotFoundError(2, 'The system cannot find the file specified.', None, 2)
2026-06-01 03:16:30,141 [ERROR] serial_handler: Serial error: could not open port 'COM5': FileNotFoundError(2, 'The system cannot find the file specified.', None, 2)
2026-06-01 03:16:32,143 [ERROR] serial_handler: Serial error: could not open port 'COM5': FileNotFoundError(2, 'The system cannot find the file specified.', None, 2)
2026-06-01 03:16:34,145 [ERROR] serial_handler: Serial error: could not open port 'COM5': FileNotFoundError(2, 'The system cannot find the file specified.', None, 2)
2026-06-01 03:16:36,148 [ERROR] serial_handler: Serial error: could not open port 'COM5': FileNotFoundError(2, 'The system cannot find the file specified.', None, 2)
2026-06-01 03:16:38,152 [ERROR] serial_handler: Serial error: could not open port 'COM5': FileNotFoundError(2, 'The system cannot find the file specified.', None, 2)
2026-06-01 03:16:40,154 [ERROR] serial_handler: Serial error: could not open port 'COM5': FileNotFoundError(2, 'The system cannot find the file specified.', None, 2)
2026-06-01 03:16:42,157 [ERROR] serial_handler: Serial error: could not open port 'COM5': FileNotFoundError(2, 'The system cannot find the file specified.', None, 2)
2026-06-01 03:16:44,159 [ERROR] serial_handler: Serial error: could not open port 'COM5': FileNotFoundError(2, 'The system cannot find the file specified.', None, 2)
2026-06-01 03:16:46,161 [ERROR] serial_handler: Serial error: could not open port 'COM5': FileNotFoundError(2, 'The system cannot find the file specified.', None, 2)
2026-06-01 03:16:48,164 [ERROR] serial_handler: Serial error: could not open port 'COM5': FileNotFoundError(2, 'The system cannot find the file specified.', None, 2)
2026-06-01 03:16:50,166 [ERROR] serial_handler: Serial error: could not open port 'COM5': FileNotFoundError(2, 'The system cannot find the file specified.', None, 2)
2026-06-01 03:16:52,168 [ERROR] serial_handler: Serial error: could not open port 'COM5': FileNotFoundError(2, 'The system cannot find the file specified.', None, 2)
2026-06-01 03:16:54,170 [ERROR] serial_handler: Serial error: could not open port 'COM5': FileNotFoundError(2, 'The system cannot find the file specified.', None, 2)
2026-06-01 03:16:56,173 [ERROR] serial_handler: Serial error: could not open port 'COM5': FileNotFoundError(2, 'The system cannot find the file specified.', None, 2)
2026-06-01 03:16:58,175 [ERROR] serial_handler: Serial error: could not open port 'COM5': FileNotFoundError(2, 'The system cannot find the file specified.', None, 2)
2026-06-01 03:17:00,178 [ERROR] serial_handler: Serial error: could not open port 'COM5': FileNotFoundError(2, 'The system cannot find the file specified.', None, 2)
2026-06-01 03:17:02,180 [ERROR] serial_handler: Serial error: could not open port 'COM5': FileNotFoundError(2, 'The system cannot find the file specified.', None, 2)
2026-06-01 03:17:04,182 [ERROR] serial_handler: Serial error: could not open port 'COM5': FileNotFoundError(2, 'The system cannot find the file specified.', None, 2)
2026-06-01 03:17:06,184 [ERROR] serial_handler: Serial error: could not open port 'COM5': FileNotFoundError(2, 'The system cannot find the file specified.', None, 2)
2026-06-01 03:17:08,186 [ERROR] serial_handler: Serial error: could not open port 'COM5': FileNotFoundError(2, 'The system cannot find the file specified.', None, 2)
2026-06-01 03:17:10,188 [ERROR] serial_handler: Serial error: could not open port 'COM5': FileNotFoundError(2, 'The system cannot find the file specified.', None, 2)
2026-06-01 03:17:12,190 [ERROR] serial_handler: Serial error: could not open port 'COM5': FileNotFoundError(2, 'The system cannot find the file specified.', None, 2)
2026-06-01 03:17:14,192 [ERROR] serial_handler: Serial error: could not open port 'COM5': FileNotFoundError(2, 'The system cannot find the file specified.', None, 2)
2026-06-01 03:17:16,195 [ERROR] serial_handler: Serial error: could not open port 'COM5': FileNotFoundError(2, 'The system cannot find the file specified.', None, 2)
2026-06-01 03:17:18,197 [ERROR] serial_handler: Serial error: could not open port 'COM5': FileNotFoundError(2, 'The system cannot find the file specified.', None, 2)
2026-06-01 03:17:20,198 [ERROR] serial_handler: Serial error: could not open port 'COM5': FileNotFoundError(2, 'The system cannot find the file specified.', None, 2)
2026-06-01 03:17:22,201 [ERROR] serial_handler: Serial error: could not open port 'COM5': FileNotFoundError(2, 'The system cannot find the file specified.', None, 2)
2026-06-01 03:17:24,203 [ERROR] serial_handler: Serial error: could not open port 'COM5': FileNotFoundError(2, 'The system cannot find the file specified.', None, 2)
2026-06-01 03:17:26,206 [ERROR] serial_handler: Serial error: could not open port 'COM5': FileNotFoundError(2, 'The system cannot find the file specified.', None, 2)
2026-06-01 03:17:28,208 [ERROR] serial_handler: Serial error: could not open port 'COM5': FileNotFoundError(2, 'The system cannot find the file specified.', None, 2)
2026-06-01 03:17:30,212 [ERROR] serial_handler: Serial error: could not open port 'COM5': FileNotFoundError(2, 'The system cannot find the file specified.', None, 2)
2026-06-01 03:17:32,214 [ERROR] serial_handler: Serial error: could not open port 'COM5': FileNotFoundError(2, 'The system cannot find the file specified.', None, 2)
2026-06-01 03:17:34,216 [ERROR] serial_handler: Serial error: could not open port 'COM5': FileNotFoundError(2, 'The system cannot find the file specified.', None, 2)
2026-06-01 03:17:36,218 [ERROR] serial_handler: Serial error: could not open port 'COM5': FileNotFoundError(2, 'The system cannot find the file specified.', None, 2)
2026-06-01 03:17:38,221 [ERROR] serial_handler: Serial error: could not open port 'COM5': FileNotFoundError(2, 'The system cannot find the file specified.', None, 2)
2026-06-01 03:17:40,223 [ERROR] serial_handler: Serial error: could not open port 'COM5': FileNotFoundError(2, 'The system cannot find the file specified.', None, 2)
2026-06-01 03:17:42,226 [ERROR] serial_handler: Serial error: could not open port 'COM5': FileNotFoundError(2, 'The system cannot find the file specified.', None, 2)
2026-06-01 03:17:44,228 [ERROR] serial_handler: Serial error: could not open port 'COM5': FileNotFoundError(2, 'The system cannot find the file specified.', None, 2)
2026-06-01 03:17:46,230 [ERROR] serial_handler: Serial error: could not open port 'COM5': FileNotFoundError(2, 'The system cannot find the file specified.', None, 2)
2026-06-01 03:17:48,233 [ERROR] serial_handler: Serial error: could not open port 'COM5': FileNotFoundError(2, 'The system cannot find the file specified.', None, 2)
2026-06-01 03:17:50,235 [ERROR] serial_handler: Serial error: could not open port 'COM5': FileNotFoundError(2, 'The system cannot find the file specified.', None, 2)
2026-06-01 03:17:52,237 [ERROR] serial_handler: Serial error: could not open port 'COM5': FileNotFoundError(2, 'The system cannot find the file specified.', None, 2)
2026-06-01 03:17:54,239 [ERROR] serial_handler: Serial error: could not open port 'COM5': FileNotFoundError(2, 'The system cannot find the file specified.', None, 2)
2026-06-01 03:17:56,241 [ERROR] serial_handler: Serial error: could not open port 'COM5': FileNotFoundError(2, 'The system cannot find the file specified.', None, 2)
2026-06-01 03:17:58,243 [ERROR] serial_handler: Serial error: could not open port 'COM5': FileNotFoundError(2, 'The system cannot find the file specified.', None, 2)
2026-06-01 03:18:00,245 [ERROR] serial_handler: Serial error: could not open port 'COM5': FileNotFoundError(2, 'The system cannot find the file specified.', None, 2)
2026-06-01 03:18:02,248 [ERROR] serial_handler: Serial error: could not open port 'COM5': FileNotFoundError(2, 'The system cannot find the file specified.', None, 2)
2026-06-01 03:18:04,250 [ERROR] serial_handler: Serial error: could not open port 'COM5': FileNotFoundError(2, 'The system cannot find the file specified.', None, 2)
2026-06-01 03:18:06,252 [ERROR] serial_handler: Serial error: could not open port 'COM5': FileNotFoundError(2, 'The system cannot find the file specified.', None, 2)
2026-06-01 03:18:08,254 [ERROR] serial_handler: Serial error: could not open port 'COM5': FileNotFoundError(2, 'The system cannot find the file specified.', None, 2)
2026-06-01 03:18:10,256 [ERROR] serial_handler: Serial error: could not open port 'COM5': FileNotFoundError(2, 'The system cannot find the file specified.', None, 2)
2026-06-01 03:18:12,259 [ERROR] serial_handler: Serial error: could not open port 'COM5': FileNotFoundError(2, 'The system cannot find the file specified.', None, 2)
2026-06-01 03:18:14,261 [ERROR] serial_handler: Serial error: could not open port 'COM5': FileNotFoundError(2, 'The system cannot find the file specified.', None, 2)
2026-06-01 03:18:16,264 [ERROR] serial_handler: Serial error: could not open port 'COM5': FileNotFoundError(2, 'The system cannot find the file specified.', None, 2)
2026-06-01 03:18:18,267 [ERROR] serial_handler: Serial error: could not open port 'COM5': FileNotFoundError(2, 'The system cannot find the file specified.', None, 2)
2026-06-01 03:18:20,269 [ERROR] serial_handler: Serial error: could not open port 'COM5': FileNotFoundError(2, 'The system cannot find the file specified.', None, 2)
2026-06-01 03:18:22,271 [ERROR] serial_handler: Serial error: could not open port 'COM5': FileNotFoundError(2, 'The system cannot find the file specified.', None, 2)
2026-06-01 03:18:24,273 [ERROR] serial_handler: Serial error: could not open port 'COM5': FileNotFoundError(2, 'The system cannot find the file specified.', None, 2)
2026-06-01 03:18:26,276 [ERROR] serial_handler: Serial error: could not open port 'COM5': FileNotFoundError(2, 'The system cannot find the file specified.', None, 2)
2026-06-01 03:18:28,278 [ERROR] serial_handler: Serial error: could not open port 'COM5': FileNotFoundError(2, 'The system cannot find the file specified.', None, 2)
2026-06-01 03:18:30,292 [ERROR] serial_handler: Serial error: could not open port 'COM5': FileNotFoundError(2, 'The system cannot find the file specified.', None, 2)
2026-06-01 03:18:32,297 [ERROR] serial_handler: Serial error: could not open port 'COM5': FileNotFoundError(2, 'The system cannot find the file specified.', None, 2)
2026-06-01 03:18:34,299 [ERROR] serial_handler: Serial error: could not open port 'COM5': FileNotFoundError(2, 'The system cannot find the file specified.', None, 2)
2026-06-01 03:18:36,301 [ERROR] serial_handler: Serial error: could not open port 'COM5': FileNotFoundError(2, 'The system cannot find the file specified.', None, 2)
2026-06-01 03:18:38,303 [ERROR] serial_handler: Serial error: could not open port 'COM5': FileNotFoundError(2, 'The system cannot find the file specified.', None, 2)
2026-06-01 03:18:40,306 [ERROR] serial_handler: Serial error: could not open port 'COM5': FileNotFoundError(2, 'The system cannot find the file specified.', None, 2)
2026-06-01 03:18:42,309 [ERROR] serial_handler: Serial error: could not open port 'COM5': FileNotFoundError(2, 'The system cannot find the file specified.', None, 2)
2026-06-01 03:18:44,312 [ERROR] serial_handler: Serial error: could not open port 'COM5': FileNotFoundError(2, 'The system cannot find the file specified.', None, 2)
2026-06-01 03:18:46,314 [ERROR] serial_handler: Serial error: could not open port 'COM5': FileNotFoundError(2, 'The system cannot find the file specified.', None, 2)
2026-06-01 03:18:48,317 [ERROR] serial_handler: Serial error: could not open port 'COM5': FileNotFoundError(2, 'The system cannot find the file specified.', None, 2)
2026-06-01 03:18:50,319 [ERROR] serial_handler: Serial error: could not open port 'COM5': FileNotFoundError(2, 'The system cannot find the file specified.', None, 2)
2026-06-01 03:18:52,321 [ERROR] serial_handler: Serial error: could not open port 'COM5': FileNotFoundError(2, 'The system cannot find the file specified.', None, 2)
2026-06-01 03:18:54,323 [ERROR] serial_handler: Serial error: could not open port 'COM5': FileNotFoundError(2, 'The system cannot find the file specified.', None, 2)
2026-06-01 03:18:56,325 [ERROR] serial_handler: Serial error: could not open port 'COM5': FileNotFoundError(2, 'The system cannot find the file specified.', None, 2)
2026-06-01 03:18:58,327 [ERROR] serial_handler: Serial error: could not open port 'COM5': FileNotFoundError(2, 'The system cannot find the file specified.', None, 2)
2026-06-01 03:19:00,329 [ERROR] serial_handler: Serial error: could not open port 'COM5': FileNotFoundError(2, 'The system cannot find the file specified.', None, 2)
2026-06-01 03:19:02,330 [ERROR] serial_handler: Serial error: could not open port 'COM5': FileNotFoundError(2, 'The system cannot find the file specified.', None, 2)
2026-06-01 03:19:04,333 [ERROR] serial_handler: Serial error: could not open port 'COM5': FileNotFoundError(2, 'The system cannot find the file specified.', None, 2)
2026-06-01 03:19:06,335 [ERROR] serial_handler: Serial error: could not open port 'COM5': FileNotFoundError(2, 'The system cannot find the file specified.', None, 2)
2026-06-01 03:19:08,337 [ERROR] serial_handler: Serial error: could not open port 'COM5': FileNotFoundError(2, 'The system cannot find the file specified.', None, 2)
2026-06-01 03:19:10,339 [ERROR] serial_handler: Serial error: could not open port 'COM5': FileNotFoundError(2, 'The system cannot find the file specified.', None, 2)
2026-06-01 03:19:12,341 [ERROR] serial_handler: Serial error: could not open port 'COM5': FileNotFoundError(2, 'The system cannot find the file specified.', None, 2)
2026-06-01 03:19:14,342 [ERROR] serial_handler: Serial error: could not open port 'COM5': FileNotFoundError(2, 'The system cannot find the file specified.', None, 2)
2026-06-01 03:19:16,345 [ERROR] serial_handler: Serial error: could not open port 'COM5': FileNotFoundError(2, 'The system cannot find the file specified.', None, 2)
2026-06-01 03:19:18,347 [ERROR] serial_handler: Serial error: could not open port 'COM5': FileNotFoundError(2, 'The system cannot find the file specified.', None, 2)
2026-06-01 03:19:20,350 [ERROR] serial_handler: Serial error: could not open port 'COM5': FileNotFoundError(2, 'The system cannot find the file specified.', None, 2)
2026-06-01 03:19:22,352 [ERROR] serial_handler: Serial error: could not open port 'COM5': FileNotFoundError(2, 'The system cannot find the file specified.', None, 2)
2026-06-01 03:19:24,363 [ERROR] serial_handler: Serial error: could not open port 'COM5': FileNotFoundError(2, 'The system cannot find the file specified.', None, 2)
2026-06-01 03:19:26,364 [ERROR] serial_handler: Serial error: could not open port 'COM5': FileNotFoundError(2, 'The system cannot find the file specified.', None, 2)
2026-06-01 03:19:28,367 [ERROR] serial_handler: Serial error: could not open port 'COM5': FileNotFoundError(2, 'The system cannot find the file specified.', None, 2)
2026-06-01 03:19:30,369 [ERROR] serial_handler: Serial error: could not open port 'COM5': FileNotFoundError(2, 'The system cannot find the file specified.', None, 2)
2026-06-01 03:19:32,371 [ERROR] serial_handler: Serial error: could not open port 'COM5': FileNotFoundError(2, 'The system cannot find the file specified.', None, 2)
2026-06-01 03:19:34,373 [ERROR] serial_handler: Serial error: could not open port 'COM5': FileNotFoundError(2, 'The system cannot find the file specified.', None, 2)
2026-06-01 03:19:36,375 [ERROR] serial_handler: Serial error: could not open port 'COM5': FileNotFoundError(2, 'The system cannot find the file specified.', None, 2)
2026-06-01 03:19:38,377 [ERROR] serial_handler: Serial error: could not open port 'COM5': FileNotFoundError(2, 'The system cannot find the file specified.', None, 2)
2026-06-01 03:19:40,379 [ERROR] serial_handler: Serial error: could not open port 'COM5': FileNotFoundError(2, 'The system cannot find the file specified.', None, 2)
2026-06-01 03:19:42,381 [ERROR] serial_handler: Serial error: could not open port 'COM5': FileNotFoundError(2, 'The system cannot find the file specified.', None, 2)
2026-06-01 03:19:44,384 [ERROR] serial_handler: Serial error: could not open port 'COM5': FileNotFoundError(2, 'The system cannot find the file specified.', None, 2)
2026-06-01 03:19:46,386 [ERROR] serial_handler: Serial error: could not open port 'COM5': FileNotFoundError(2, 'The system cannot find the file specified.', None, 2)
2026-06-01 03:19:48,388 [ERROR] serial_handler: Serial error: could not open port 'COM5': FileNotFoundError(2, 'The system cannot find the file specified.', None, 2)
2026-06-01 03:19:50,391 [ERROR] serial_handler: Serial error: could not open port 'COM5': FileNotFoundError(2, 'The system cannot find the file specified.', None, 2)
2026-06-01 03:19:52,393 [ERROR] serial_handler: Serial error: could not open port 'COM5': FileNotFoundError(2, 'The system cannot find the file specified.', None, 2)
2026-06-01 03:19:54,395 [ERROR] serial_handler: Serial error: could not open port 'COM5': FileNotFoundError(2, 'The system cannot find the file specified.', None, 2)
2026-06-01 03:19:56,398 [ERROR] serial_handler: Serial error: could not open port 'COM5': FileNotFoundError(2, 'The system cannot find the file specified.', None, 2)
2026-06-01 03:19:58,400 [ERROR] serial_handler: Serial error: could not open port 'COM5': FileNotFoundError(2, 'The system cannot find the file specified.', None, 2)
2026-06-01 03:20:00,403 [ERROR] serial_handler: Serial error: could not open port 'COM5': FileNotFoundError(2, 'The system cannot find the file specified.', None, 2)
2026-06-01 03:20:02,405 [ERROR] serial_handler: Serial error: could not open port 'COM5': FileNotFoundError(2, 'The system cannot find the file specified.', None, 2)
2026-06-01 03:20:04,407 [ERROR] serial_handler: Serial error: could not open port 'COM5': FileNotFoundError(2, 'The system cannot find the file specified.', None, 2)
2026-06-01 03:20:06,410 [ERROR] serial_handler: Serial error: could not open port 'COM5': FileNotFoundError(2, 'The system cannot find the file specified.', None, 2)
2026-06-01 03:20:08,412 [ERROR] serial_handler: Serial error: could not open port 'COM5': FileNotFoundError(2, 'The system cannot find the file specified.', None, 2)
2026-06-01 03:20:10,415 [ERROR] serial_handler: Serial error: could not open port 'COM5': FileNotFoundError(2, 'The system cannot find the file specified.', None, 2)
2026-06-01 03:20:12,416 [ERROR] serial_handler: Serial error: could not open port 'COM5': FileNotFoundError(2, 'The system cannot find the file specified.', None, 2)
2026-06-01 03:20:14,418 [ERROR] serial_handler: Serial error: could not open port 'COM5': FileNotFoundError(2, 'The system cannot find the file specified.', None, 2)
2026-06-01 03:20:16,420 [ERROR] serial_handler: Serial error: could not open port 'COM5': FileNotFoundError(2, 'The system cannot find the file specified.', None, 2)
2026-06-01 03:20:18,422 [ERROR] serial_handler: Serial error: could not open port 'COM5': FileNotFoundError(2, 'The system cannot find the file specified.', None, 2)
2026-06-01 03:20:20,424 [ERROR] serial_handler: Serial error: could not open port 'COM5': FileNotFoundError(2, 'The system cannot find the file specified.', None, 2)
2026-06-01 03:20:22,427 [ERROR] serial_handler: Serial error: could not open port 'COM5': FileNotFoundError(2, 'The system cannot find the file specified.', None, 2)
2026-06-01 03:20:24,429 [ERROR] serial_handler: Serial error: could not open port 'COM5': FileNotFoundError(2, 'The system cannot find the file specified.', None, 2)
2026-06-01 03:20:26,432 [ERROR] serial_handler: Serial error: could not open port 'COM5': FileNotFoundError(2, 'The system cannot find the file specified.', None, 2)
2026-06-01 03:20:28,434 [ERROR] serial_handler: Serial error: could not open port 'COM5': FileNotFoundError(2, 'The system cannot find the file specified.', None, 2)
2026-06-01 03:20:30,436 [ERROR] serial_handler: Serial error: could not open port 'COM5': FileNotFoundError(2, 'The system cannot find the file specified.', None, 2)
2026-06-01 03:20:32,438 [ERROR] serial_handler: Serial error: could not open port 'COM5': FileNotFoundError(2, 'The system cannot find the file specified.', None, 2)
2026-06-01 03:20:34,440 [ERROR] serial_handler: Serial error: could not open port 'COM5': FileNotFoundError(2, 'The system cannot find the file specified.', None, 2)
2026-06-01 03:20:36,442 [ERROR] serial_handler: Serial error: could not open port 'COM5': FileNotFoundError(2, 'The system cannot find the file specified.', None, 2)
2026-06-01 03:20:38,444 [ERROR] serial_handler: Serial error: could not open port 'COM5': FileNotFoundError(2, 'The system cannot find the file specified.', None, 2)
2026-06-01 03:20:40,446 [ERROR] serial_handler: Serial error: could not open port 'COM5': FileNotFoundError(2, 'The system cannot find the file specified.', None, 2)
2026-06-01 03:20:42,449 [ERROR] serial_handler: Serial error: could not open port 'COM5': FileNotFoundError(2, 'The system cannot find the file specified.', None, 2)
2026-06-01 03:20:44,451 [ERROR] serial_handler: Serial error: could not open port 'COM5': FileNotFoundError(2, 'The system cannot find the file specified.', None, 2)
2026-06-01 03:20:46,453 [ERROR] serial_handler: Serial error: could not open port 'COM5': FileNotFoundError(2, 'The system cannot find the file specified.', None, 2)
2026-06-01 03:20:48,455 [ERROR] serial_handler: Serial error: could not open port 'COM5': FileNotFoundError(2, 'The system cannot find the file specified.', None, 2)
2026-06-01 03:20:50,457 [ERROR] serial_handler: Serial error: could not open port 'COM5': FileNotFoundError(2, 'The system cannot find the file specified.', None, 2)
2026-06-01 03:20:52,459 [ERROR] serial_handler: Serial error: could not open port 'COM5': FileNotFoundError(2, 'The system cannot find the file specified.', None, 2)
2026-06-01 03:20:54,462 [ERROR] serial_handler: Serial error: could not open port 'COM5': FileNotFoundError(2, 'The system cannot find the file specified.', None, 2)
2026-06-01 03:20:56,463 [ERROR] serial_handler: Serial error: could not open port 'COM5': FileNotFoundError(2, 'The system cannot find the file specified.', None, 2)
2026-06-01 03:20:58,466 [ERROR] serial_handler: Serial error: could not open port 'COM5': FileNotFoundError(2, 'The system cannot find the file specified.', None, 2)
2026-06-01 03:21:00,468 [ERROR] serial_handler: Serial error: could not open port 'COM5': FileNotFoundError(2, 'The system cannot find the file specified.', None, 2)
2026-06-01 03:21:02,470 [ERROR] serial_handler: Serial error: could not open port 'COM5': FileNotFoundError(2, 'The system cannot find the file specified.', None, 2)
2026-06-01 03:21:04,473 [ERROR] serial_handler: Serial error: could not open port 'COM5': FileNotFoundError(2, 'The system cannot find the file specified.', None, 2)
2026-06-01 03:21:06,475 [ERROR] serial_handler: Serial error: could not open port 'COM5': FileNotFoundError(2, 'The system cannot find the file specified.', None, 2)
2026-06-01 03:21:08,477 [ERROR] serial_handler: Serial error: could not open port 'COM5': FileNotFoundError(2, 'The system cannot find the file specified.', None, 2)
2026-06-01 03:21:10,479 [ERROR] serial_handler: Serial error: could not open port 'COM5': FileNotFoundError(2, 'The system cannot find the file specified.', None, 2)
2026-06-01 03:21:12,481 [ERROR] serial_handler: Serial error: could not open port 'COM5': FileNotFoundError(2, 'The system cannot find the file specified.', None, 2)
2026-06-01 03:21:14,483 [ERROR] serial_handler: Serial error: could not open port 'COM5': FileNotFoundError(2, 'The system cannot find the file specified.', None, 2)
2026-06-01 03:21:16,485 [ERROR] serial_handler: Serial error: could not open port 'COM5': FileNotFoundError(2, 'The system cannot find the file specified.', None, 2)
2026-06-01 03:21:18,488 [ERROR] serial_handler: Serial error: could not open port 'COM5': FileNotFoundError(2, 'The system cannot find the file specified.', None, 2)
2026-06-01 03:21:20,490 [ERROR] serial_handler: Serial error: could not open port 'COM5': FileNotFoundError(2, 'The system cannot find the file specified.', None, 2)
2026-06-01 03:21:22,492 [ERROR] serial_handler: Serial error: could not open port 'COM5': FileNotFoundError(2, 'The system cannot find the file specified.', None, 2)
2026-06-01 03:21:24,494 [ERROR] serial_handler: Serial error: could not open port 'COM5': FileNotFoundError(2, 'The system cannot find the file specified.', None, 2)
2026-06-01 03:21:26,496 [ERROR] serial_handler: Serial error: could not open port 'COM5': FileNotFoundError(2, 'The system cannot find the file specified.', None, 2)
2026-06-01 03:21:28,499 [ERROR] serial_handler: Serial error: could not open port 'COM5': FileNotFoundError(2, 'The system cannot find the file specified.', None, 2)
2026-06-01 03:21:30,501 [ERROR] serial_handler: Serial error: could not open port 'COM5': FileNotFoundError(2, 'The system cannot find the file specified.', None, 2)
2026-06-01 03:21:32,503 [ERROR] serial_handler: Serial error: could not open port 'COM5': FileNotFoundError(2, 'The system cannot find the file specified.', None, 2)
2026-06-01 03:21:34,505 [ERROR] serial_handler: Serial error: could not open port 'COM5': FileNotFoundError(2, 'The system cannot find the file specified.', None, 2)
2026-06-01 03:21:36,507 [ERROR] serial_handler: Serial error: could not open port 'COM5': FileNotFoundError(2, 'The system cannot find the file specified.', None, 2)
2026-06-01 03:21:38,509 [ERROR] serial_handler: Serial error: could not open port 'COM5': FileNotFoundError(2, 'The system cannot find the file specified.', None, 2)
2026-06-01 03:21:40,512 [ERROR] serial_handler: Serial error: could not open port 'COM5': FileNotFoundError(2, 'The system cannot find the file specified.', None, 2)
2026-06-01 03:21:42,514 [ERROR] serial_handler: Serial error: could not open port 'COM5': FileNotFoundError(2, 'The system cannot find the file specified.', None, 2)
2026-06-01 03:21:44,517 [ERROR] serial_handler: Serial error: could not open port 'COM5': FileNotFoundError(2, 'The system cannot find the file specified.', None, 2)
2026-06-01 03:21:46,518 [ERROR] serial_handler: Serial error: could not open port 'COM5': FileNotFoundError(2, 'The system cannot find the file specified.', None, 2)
2026-06-01 03:21:48,521 [ERROR] serial_handler: Serial error: could not open port 'COM5': FileNotFoundError(2, 'The system cannot find the file specified.', None, 2)
2026-06-01 03:21:50,523 [ERROR] serial_handler: Serial error: could not open port 'COM5': FileNotFoundError(2, 'The system cannot find the file specified.', None, 2)
2026-06-01 03:21:52,526 [ERROR] serial_handler: Serial error: could not open port 'COM5': FileNotFoundError(2, 'The system cannot find the file specified.', None, 2)
2026-06-01 03:21:54,528 [ERROR] serial_handler: Serial error: could not open port 'COM5': FileNotFoundError(2, 'The system cannot find the file specified.', None, 2)
2026-06-01 03:21:56,530 [ERROR] serial_handler: Serial error: could not open port 'COM5': FileNotFoundError(2, 'The system cannot find the file specified.', None, 2)
2026-06-01 03:21:58,532 [ERROR] serial_handler: Serial error: could not open port 'COM5': FileNotFoundError(2, 'The system cannot find the file specified.', None, 2)
2026-06-01 03:22:00,534 [ERROR] serial_handler: Serial error: could not open port 'COM5': FileNotFoundError(2, 'The system cannot find the file specified.', None, 2)
2026-06-01 03:22:02,537 [ERROR] serial_handler: Serial error: could not open port 'COM5': FileNotFoundError(2, 'The system cannot find the file specified.', None, 2)
2026-06-01 03:22:04,539 [ERROR] serial_handler: Serial error: could not open port 'COM5': FileNotFoundError(2, 'The system cannot find the file specified.', None, 2)
2026-06-01 03:22:06,542 [ERROR] serial_handler: Serial error: could not open port 'COM5': FileNotFoundError(2, 'The system cannot find the file specified.', None, 2)
2026-06-01 03:22:08,544 [ERROR] serial_handler: Serial error: could not open port 'COM5': FileNotFoundError(2, 'The system cannot find the file specified.', None, 2)
2026-06-01 03:22:10,547 [ERROR] serial_handler: Serial error: could not open port 'COM5': FileNotFoundError(2, 'The system cannot find the file specified.', None, 2)
2026-06-01 03:22:12,549 [ERROR] serial_handler: Serial error: could not open port 'COM5': FileNotFoundError(2, 'The system cannot find the file specified.', None, 2)
2026-06-01 03:22:14,552 [ERROR] serial_handler: Serial error: could not open port 'COM5': FileNotFoundError(2, 'The system cannot find the file specified.', None, 2)
2026-06-01 03:22:16,554 [ERROR] serial_handler: Serial error: could not open port 'COM5': FileNotFoundError(2, 'The system cannot find the file specified.', None, 2)
2026-06-01 03:22:18,556 [ERROR] serial_handler: Serial error: could not open port 'COM5': FileNotFoundError(2, 'The system cannot find the file specified.', None, 2)
2026-06-01 03:22:20,558 [ERROR] serial_handler: Serial error: could not open port 'COM5': FileNotFoundError(2, 'The system cannot find the file specified.', None, 2)
2026-06-01 03:22:22,560 [ERROR] serial_handler: Serial error: could not open port 'COM5': FileNotFoundError(2, 'The system cannot find the file specified.', None, 2)
2026-06-01 03:22:24,562 [ERROR] serial_handler: Serial error: could not open port 'COM5': FileNotFoundError(2, 'The system cannot find the file specified.', None, 2)
2026-06-01 03:22:26,564 [ERROR] serial_handler: Serial error: could not open port 'COM5': FileNotFoundError(2, 'The system cannot find the file specified.', None, 2)
2026-06-01 03:22:28,565 [ERROR] serial_handler: Serial error: could not open port 'COM5': FileNotFoundError(2, 'The system cannot find the file specified.', None, 2)
2026-06-01 03:22:30,567 [ERROR] serial_handler: Serial error: could not open port 'COM5': FileNotFoundError(2, 'The system cannot find the file specified.', None, 2)
2026-06-01 03:26:54,193 [ERROR] serial_handler: Serial error: could not open port 'COM5': FileNotFoundError(2, 'The system cannot find the file specified.', None, 2)
2026-06-01 03:26:56,210 [ERROR] serial_handler: Serial error: could not open port 'COM5': FileNotFoundError(2, 'The system cannot find the file specified.', None, 2)
2026-06-01 03:26:58,212 [ERROR] serial_handler: Serial error: could not open port 'COM5': FileNotFoundError(2, 'The system cannot find the file specified.', None, 2)
2026-06-01 03:27:00,213 [ERROR] serial_handler: Serial error: could not open port 'COM5': FileNotFoundError(2, 'The system cannot find the file specified.', None, 2)
2026-06-01 03:27:02,218 [ERROR] serial_handler: Serial error: could not open port 'COM5': FileNotFoundError(2, 'The system cannot find the file specified.', None, 2)
2026-06-01 03:27:04,220 [ERROR] serial_handler: Serial error: could not open port 'COM5': FileNotFoundError(2, 'The system cannot find the file specified.', None, 2)
2026-06-01 03:27:06,222 [ERROR] serial_handler: Serial error: could not open port 'COM5': FileNotFoundError(2, 'The system cannot find the file specified.', None, 2)
2026-06-01 03:27:08,224 [ERROR] serial_handler: Serial error: could not open port 'COM5': FileNotFoundError(2, 'The system cannot find the file specified.', None, 2)
2026-06-01 03:27:10,226 [ERROR] serial_handler: Serial error: could not open port 'COM5': FileNotFoundError(2, 'The system cannot find the file specified.', None, 2)
2026-06-01 03:27:12,228 [ERROR] serial_handler: Serial error: could not open port 'COM5': FileNotFoundError(2, 'The system cannot find the file specified.', None, 2)
2026-06-01 03:27:14,231 [ERROR] serial_handler: Serial error: could not open port 'COM5': FileNotFoundError(2, 'The system cannot find the file specified.', None, 2)
2026-06-01 03:27:16,233 [ERROR] serial_handler: Serial error: could not open port 'COM5': FileNotFoundError(2, 'The system cannot find the file specified.', None, 2)
2026-06-01 03:27:18,236 [ERROR] serial_handler: Serial error: could not open port 'COM5': FileNotFoundError(2, 'The system cannot find the file specified.', None, 2)
2026-06-01 03:27:20,239 [ERROR] serial_handler: Serial error: could not open port 'COM5': FileNotFoundError(2, 'The system cannot find the file specified.', None, 2)
2026-06-01 03:27:22,240 [ERROR] serial_handler: Serial error: could not open port 'COM5': FileNotFoundError(2, 'The system cannot find the file specified.', None, 2)
2026-06-01 03:27:24,241 [ERROR] serial_handler: Serial error: could not open port 'COM5': FileNotFoundError(2, 'The system cannot find the file specified.', None, 2)
2026-06-01 03:27:26,243 [ERROR] serial_handler: Serial error: could not open port 'COM5': FileNotFoundError(2, 'The system cannot find the file specified.', None, 2)
2026-06-01 03:27:28,245 [ERROR] serial_handler: Serial error: could not open port 'COM5': FileNotFoundError(2, 'The system cannot find the file specified.', None, 2)
2026-06-01 03:27:30,247 [ERROR] serial_handler: Serial error: could not open port 'COM5': FileNotFoundError(2, 'The system cannot find the file specified.', None, 2)
2026-06-01 03:27:32,249 [ERROR] serial_handler: Serial error: could not open port 'COM5': FileNotFoundError(2, 'The system cannot find the file specified.', None, 2)
2026-06-01 03:27:34,251 [ERROR] serial_handler: Serial error: could not open port 'COM5': FileNotFoundError(2, 'The system cannot find the file specified.', None, 2)
2026-06-01 03:27:36,252 [ERROR] serial_handler: Serial error: could not open port 'COM5': FileNotFoundError(2, 'The system cannot find the file specified.', None, 2)
2026-06-01 03:27:38,254 [ERROR] serial_handler: Serial error: could not open port 'COM5': FileNotFoundError(2, 'The system cannot find the file specified.', None, 2)
2026-06-01 03:27:40,255 [ERROR] serial_handler: Serial error: could not open port 'COM5': FileNotFoundError(2, 'The system cannot find the file specified.', None, 2)
2026-06-01 03:27:42,257 [ERROR] serial_handler: Serial error: could not open port 'COM5': FileNotFoundError(2, 'The system cannot find the file specified.', None, 2)
2026-06-01 03:27:44,261 [ERROR] serial_handler: Serial error: could not open port 'COM5': FileNotFoundError(2, 'The system cannot find the file specified.', None, 2)
2026-06-01 03:27:46,263 [ERROR] serial_handler: Serial error: could not open port 'COM5': FileNotFoundError(2, 'The system cannot find the file specified.', None, 2)
2026-06-01 03:27:48,265 [ERROR] serial_handler: Serial error: could not open port 'COM5': FileNotFoundError(2, 'The system cannot find the file specified.', None, 2)
2026-06-01 03:27:50,268 [ERROR] serial_handler: Serial error: could not open port 'COM5': FileNotFoundError(2, 'The system cannot find the file specified.', None, 2)
2026-06-01 03:27:52,269 [ERROR] serial_handler: Serial error: could not open port 'COM5': FileNotFoundError(2, 'The system cannot find the file specified.', None, 2)
2026-06-01 03:27:54,271 [ERROR] serial_handler: Serial error: could not open port 'COM5': FileNotFoundError(2, 'The system cannot find the file specified.', None, 2)
2026-06-01 03:27:56,272 [ERROR] serial_handler: Serial error: could not open port 'COM5': FileNotFoundError(2, 'The system cannot find the file specified.', None, 2)
2026-06-01 03:27:58,274 [ERROR] serial_handler: Serial error: could not open port 'COM5': FileNotFoundError(2, 'The system cannot find the file specified.', None, 2)
2026-06-01 03:28:00,276 [ERROR] serial_handler: Serial error: could not open port 'COM5': FileNotFoundError(2, 'The system cannot find the file specified.', None, 2)
2026-06-01 03:28:02,278 [ERROR] serial_handler: Serial error: could not open port 'COM5': FileNotFoundError(2, 'The system cannot find the file specified.', None, 2)
2026-06-01 03:28:04,279 [ERROR] serial_handler: Serial error: could not open port 'COM5': FileNotFoundError(2, 'The system cannot find the file specified.', None, 2)
2026-06-01 03:28:06,282 [ERROR] serial_handler: Serial error: could not open port 'COM5': FileNotFoundError(2, 'The system cannot find the file specified.', None, 2)
2026-06-01 03:28:08,283 [ERROR] serial_handler: Serial error: could not open port 'COM5': FileNotFoundError(2, 'The system cannot find the file specified.', None, 2)
2026-06-01 03:28:10,285 [ERROR] serial_handler: Serial error: could not open port 'COM5': FileNotFoundError(2, 'The system cannot find the file specified.', None, 2)
2026-06-01 03:28:12,287 [ERROR] serial_handler: Serial error: could not open port 'COM5': FileNotFoundError(2, 'The system cannot find the file specified.', None, 2)
2026-06-01 03:28:14,290 [ERROR] serial_handler: Serial error: could not open port 'COM5': FileNotFoundError(2, 'The system cannot find the file specified.', None, 2)
2026-06-01 03:28:16,292 [ERROR] serial_handler: Serial error: could not open port 'COM5': FileNotFoundError(2, 'The system cannot find the file specified.', None, 2)
2026-06-01 03:28:18,295 [ERROR] serial_handler: Serial error: could not open port 'COM5': FileNotFoundError(2, 'The system cannot find the file specified.', None, 2)
2026-06-01 03:28:20,298 [ERROR] serial_handler: Serial error: could not open port 'COM5': FileNotFoundError(2, 'The system cannot find the file specified.', None, 2)
2026-06-01 03:28:22,300 [ERROR] serial_handler: Serial error: could not open port 'COM5': FileNotFoundError(2, 'The system cannot find the file specified.', None, 2)
2026-06-01 03:28:24,302 [ERROR] serial_handler: Serial error: could not open port 'COM5': FileNotFoundError(2, 'The system cannot find the file specified.', None, 2)
2026-06-01 03:28:26,305 [ERROR] serial_handler: Serial error: could not open port 'COM5': FileNotFoundError(2, 'The system cannot find the file specified.', None, 2)
2026-06-01 03:28:28,306 [ERROR] serial_handler: Serial error: could not open port 'COM5': FileNotFoundError(2, 'The system cannot find the file specified.', None, 2)
2026-06-01 03:28:30,308 [ERROR] serial_handler: Serial error: could not open port 'COM5': FileNotFoundError(2, 'The system cannot find the file specified.', None, 2)
2026-06-01 03:28:32,310 [ERROR] serial_handler: Serial error: could not open port 'COM5': FileNotFoundError(2, 'The system cannot find the file specified.', None, 2)
2026-06-01 03:28:34,313 [ERROR] serial_handler: Serial error: could not open port 'COM5': FileNotFoundError(2, 'The system cannot find the file specified.', None, 2)
2026-06-01 03:28:36,314 [ERROR] serial_handler: Serial error: could not open port 'COM5': FileNotFoundError(2, 'The system cannot find the file specified.', None, 2)
2026-06-01 03:28:38,317 [ERROR] serial_handler: Serial error: could not open port 'COM5': FileNotFoundError(2, 'The system cannot find the file specified.', None, 2)
2026-06-01 03:28:40,319 [ERROR] serial_handler: Serial error: could not open port 'COM5': FileNotFoundError(2, 'The system cannot find the file specified.', None, 2)
2026-06-01 03:28:42,322 [ERROR] serial_handler: Serial error: could not open port 'COM5': FileNotFoundError(2, 'The system cannot find the file specified.', None, 2)
2026-06-01 03:28:44,324 [ERROR] serial_handler: Serial error: could not open port 'COM5': FileNotFoundError(2, 'The system cannot find the file specified.', None, 2)
2026-06-01 03:28:46,327 [ERROR] serial_handler: Serial error: could not open port 'COM5': FileNotFoundError(2, 'The system cannot find the file specified.', None, 2)
2026-06-01 03:28:48,329 [ERROR] serial_handler: Serial error: could not open port 'COM5': FileNotFoundError(2, 'The system cannot find the file specified.', None, 2)
2026-06-01 03:28:50,331 [ERROR] serial_handler: Serial error: could not open port 'COM5': FileNotFoundError(2, 'The system cannot find the file specified.', None, 2)
2026-06-01 03:28:52,333 [ERROR] serial_handler: Serial error: could not open port 'COM5': FileNotFoundError(2, 'The system cannot find the file specified.', None, 2)
2026-06-01 03:28:54,335 [ERROR] serial_handler: Serial error: could not open port 'COM5': FileNotFoundError(2, 'The system cannot find the file specified.', None, 2)
2026-06-01 03:28:56,338 [ERROR] serial_handler: Serial error: could not open port 'COM5': FileNotFoundError(2, 'The system cannot find the file specified.', None, 2)
2026-06-01 03:28:58,340 [ERROR] serial_handler: Serial error: could not open port 'COM5': FileNotFoundError(2, 'The system cannot find the file specified.', None, 2)
2026-06-01 03:29:00,342 [ERROR] serial_handler: Serial error: could not open port 'COM5': FileNotFoundError(2, 'The system cannot find the file specified.', None, 2)
2026-06-01 03:29:02,344 [ERROR] serial_handler: Serial error: could not open port 'COM5': FileNotFoundError(2, 'The system cannot find the file specified.', None, 2)
2026-06-01 03:29:04,346 [ERROR] serial_handler: Serial error: could not open port 'COM5': FileNotFoundError(2, 'The system cannot find the file specified.', None, 2)
2026-06-01 03:29:06,349 [ERROR] serial_handler: Serial error: could not open port 'COM5': FileNotFoundError(2, 'The system cannot find the file specified.', None, 2)
2026-06-01 03:29:08,351 [ERROR] serial_handler: Serial error: could not open port 'COM5': FileNotFoundError(2, 'The system cannot find the file specified.', None, 2)
2026-06-01 03:29:10,353 [ERROR] serial_handler: Serial error: could not open port 'COM5': FileNotFoundError(2, 'The system cannot find the file specified.', None, 2)
2026-06-01 03:29:12,356 [ERROR] serial_handler: Serial error: could not open port 'COM5': FileNotFoundError(2, 'The system cannot find the file specified.', None, 2)
2026-06-01 03:29:14,359 [ERROR] serial_handler: Serial error: could not open port 'COM5': FileNotFoundError(2, 'The system cannot find the file specified.', None, 2)
2026-06-01 03:29:16,360 [ERROR] serial_handler: Serial error: could not open port 'COM5': FileNotFoundError(2, 'The system cannot find the file specified.', None, 2)
2026-06-01 03:29:18,362 [ERROR] serial_handler: Serial error: could not open port 'COM5': FileNotFoundError(2, 'The system cannot find the file specified.', None, 2)
2026-06-01 03:29:20,365 [ERROR] serial_handler: Serial error: could not open port 'COM5': FileNotFoundError(2, 'The system cannot find the file specified.', None, 2)
2026-06-01 03:29:22,367 [ERROR] serial_handler: Serial error: could not open port 'COM5': FileNotFoundError(2, 'The system cannot find the file specified.', None, 2)
2026-06-01 03:29:24,369 [ERROR] serial_handler: Serial error: could not open port 'COM5': FileNotFoundError(2, 'The system cannot find the file specified.', None, 2)
2026-06-01 03:29:26,371 [ERROR] serial_handler: Serial error: could not open port 'COM5': FileNotFoundError(2, 'The system cannot find the file specified.', None, 2)
2026-06-01 03:29:28,373 [ERROR] serial_handler: Serial error: could not open port 'COM5': FileNotFoundError(2, 'The system cannot find the file specified.', None, 2)
2026-06-01 03:29:30,375 [ERROR] serial_handler: Serial error: could not open port 'COM5': FileNotFoundError(2, 'The system cannot find the file specified.', None, 2)
2026-06-01 03:29:32,377 [ERROR] serial_handler: Serial error: could not open port 'COM5': FileNotFoundError(2, 'The system cannot find the file specified.', None, 2)
2026-06-01 03:29:34,378 [ERROR] serial_handler: Serial error: could not open port 'COM5': FileNotFoundError(2, 'The system cannot find the file specified.', None, 2)
2026-06-01 03:29:36,380 [ERROR] serial_handler: Serial error: could not open port 'COM5': FileNotFoundError(2, 'The system cannot find the file specified.', None, 2)
2026-06-01 03:29:38,382 [ERROR] serial_handler: Serial error: could not open port 'COM5': FileNotFoundError(2, 'The system cannot find the file specified.', None, 2)
2026-06-01 03:29:40,384 [ERROR] serial_handler: Serial error: could not open port 'COM5': FileNotFoundError(2, 'The system cannot find the file specified.', None, 2)
2026-06-01 03:29:42,386 [ERROR] serial_handler: Serial error: could not open port 'COM5': FileNotFoundError(2, 'The system cannot find the file specified.', None, 2)
2026-06-01 03:29:44,389 [ERROR] serial_handler: Serial error: could not open port 'COM5': FileNotFoundError(2, 'The system cannot find the file specified.', None, 2)
2026-06-01 03:29:46,392 [ERROR] serial_handler: Serial error: could not open port 'COM5': FileNotFoundError(2, 'The system cannot find the file specified.', None, 2)
2026-06-01 03:29:48,394 [ERROR] serial_handler: Serial error: could not open port 'COM5': FileNotFoundError(2, 'The system cannot find the file specified.', None, 2)
2026-06-01 03:29:50,396 [ERROR] serial_handler: Serial error: could not open port 'COM5': FileNotFoundError(2, 'The system cannot find the file specified.', None, 2)
2026-06-01 03:29:52,399 [ERROR] serial_handler: Serial error: could not open port 'COM5': FileNotFoundError(2, 'The system cannot find the file specified.', None, 2)
2026-06-01 03:29:54,400 [ERROR] serial_handler: Serial error: could not open port 'COM5': FileNotFoundError(2, 'The system cannot find the file specified.', None, 2)
2026-06-01 03:29:56,403 [ERROR] serial_handler: Serial error: could not open port 'COM5': FileNotFoundError(2, 'The system cannot find the file specified.', None, 2)
2026-06-01 03:29:58,405 [ERROR] serial_handler: Serial error: could not open port 'COM5': FileNotFoundError(2, 'The system cannot find the file specified.', None, 2)
2026-06-01 03:30:00,408 [ERROR] serial_handler: Serial error: could not open port 'COM5': FileNotFoundError(2, 'The system cannot find the file specified.', None, 2)
2026-06-01 03:30:02,410 [ERROR] serial_handler: Serial error: could not open port 'COM5': FileNotFoundError(2, 'The system cannot find the file specified.', None, 2)
2026-06-01 03:30:04,412 [ERROR] serial_handler: Serial error: could not open port 'COM5': FileNotFoundError(2, 'The system cannot find the file specified.', None, 2)
2026-06-01 03:30:06,414 [ERROR] serial_handler: Serial error: could not open port 'COM5': FileNotFoundError(2, 'The system cannot find the file specified.', None, 2)
2026-06-01 03:30:08,416 [ERROR] serial_handler: Serial error: could not open port 'COM5': FileNotFoundError(2, 'The system cannot find the file specified.', None, 2)
2026-06-01 03:30:10,418 [ERROR] serial_handler: Serial error: could not open port 'COM5': FileNotFoundError(2, 'The system cannot find the file specified.', None, 2)
2026-06-01 03:30:12,420 [ERROR] serial_handler: Serial error: could not open port 'COM5': FileNotFoundError(2, 'The system cannot find the file specified.', None, 2)
2026-06-01 03:30:14,423 [ERROR] serial_handler: Serial error: could not open port 'COM5': FileNotFoundError(2, 'The system cannot find the file specified.', None, 2)
2026-06-01 03:30:16,424 [ERROR] serial_handler: Serial error: could not open port 'COM5': FileNotFoundError(2, 'The system cannot find the file specified.', None, 2)
2026-06-01 03:30:18,426 [ERROR] serial_handler: Serial error: could not open port 'COM5': FileNotFoundError(2, 'The system cannot find the file specified.', None, 2)
2026-06-01 03:30:20,429 [ERROR] serial_handler: Serial error: could not open port 'COM5': FileNotFoundError(2, 'The system cannot find the file specified.', None, 2)
2026-06-01 03:30:22,431 [ERROR] serial_handler: Serial error: could not open port 'COM5': FileNotFoundError(2, 'The system cannot find the file specified.', None, 2)
2026-06-01 03:30:24,433 [ERROR] serial_handler: Serial error: could not open port 'COM5': FileNotFoundError(2, 'The system cannot find the file specified.', None, 2)
2026-06-01 03:30:26,436 [ERROR] serial_handler: Serial error: could not open port 'COM5': FileNotFoundError(2, 'The system cannot find the file specified.', None, 2)
2026-06-01 03:30:28,438 [ERROR] serial_handler: Serial error: could not open port 'COM5': FileNotFoundError(2, 'The system cannot find the file specified.', None, 2)
2026-06-01 03:30:30,441 [ERROR] serial_handler: Serial error: could not open port 'COM5': FileNotFoundError(2, 'The system cannot find the file specified.', None, 2)
2026-06-01 03:30:32,443 [ERROR] serial_handler: Serial error: could not open port 'COM5': FileNotFoundError(2, 'The system cannot find the file specified.', None, 2)
2026-06-01 03:30:34,445 [ERROR] serial_handler: Serial error: could not open port 'COM5': FileNotFoundError(2, 'The system cannot find the file specified.', None, 2)
2026-06-01 03:30:36,447 [ERROR] serial_handler: Serial error: could not open port 'COM5': FileNotFoundError(2, 'The system cannot find the file specified.', None, 2)
2026-06-01 03:30:38,449 [ERROR] serial_handler: Serial error: could not open port 'COM5': FileNotFoundError(2, 'The system cannot find the file specified.', None, 2)
2026-06-01 03:30:40,451 [ERROR] serial_handler: Serial error: could not open port 'COM5': FileNotFoundError(2, 'The system cannot find the file specified.', None, 2)
2026-06-01 03:30:42,453 [ERROR] serial_handler: Serial error: could not open port 'COM5': FileNotFoundError(2, 'The system cannot find the file specified.', None, 2)
2026-06-01 03:30:44,455 [ERROR] serial_handler: Serial error: could not open port 'COM5': FileNotFoundError(2, 'The system cannot find the file specified.', None, 2)
2026-06-01 03:30:46,457 [ERROR] serial_handler: Serial error: could not open port 'COM5': FileNotFoundError(2, 'The system cannot find the file specified.', None, 2)
2026-06-01 03:30:48,459 [ERROR] serial_handler: Serial error: could not open port 'COM5': FileNotFoundError(2, 'The system cannot find the file specified.', None, 2)
2026-06-01 03:30:50,460 [ERROR] serial_handler: Serial error: could not open port 'COM5': FileNotFoundError(2, 'The system cannot find the file specified.', None, 2)
2026-06-01 03:30:52,463 [ERROR] serial_handler: Serial error: could not open port 'COM5': FileNotFoundError(2, 'The system cannot find the file specified.', None, 2)
2026-06-01 03:30:54,466 [ERROR] serial_handler: Serial error: could not open port 'COM5': FileNotFoundError(2, 'The system cannot find the file specified.', None, 2)
2026-06-01 03:30:56,468 [ERROR] serial_handler: Serial error: could not open port 'COM5': FileNotFoundError(2, 'The system cannot find the file specified.', None, 2)
2026-06-01 03:30:58,470 [ERROR] serial_handler: Serial error: could not open port 'COM5': FileNotFoundError(2, 'The system cannot find the file specified.', None, 2)
2026-06-01 03:31:00,473 [ERROR] serial_handler: Serial error: could not open port 'COM5': FileNotFoundError(2, 'The system cannot find the file specified.', None, 2)
2026-06-01 03:31:02,476 [ERROR] serial_handler: Serial error: could not open port 'COM5': FileNotFoundError(2, 'The system cannot find the file specified.', None, 2)
2026-06-01 03:31:04,478 [ERROR] serial_handler: Serial error: could not open port 'COM5': FileNotFoundError(2, 'The system cannot find the file specified.', None, 2)
2026-06-01 03:31:06,480 [ERROR] serial_handler: Serial error: could not open port 'COM5': FileNotFoundError(2, 'The system cannot find the file specified.', None, 2)
2026-06-01 03:31:08,481 [ERROR] serial_handler: Serial error: could not open port 'COM5': FileNotFoundError(2, 'The system cannot find the file specified.', None, 2)
2026-06-01 03:31:10,483 [ERROR] serial_handler: Serial error: could not open port 'COM5': FileNotFoundError(2, 'The system cannot find the file specified.', None, 2)
2026-06-01 03:31:12,485 [ERROR] serial_handler: Serial error: could not open port 'COM5': FileNotFoundError(2, 'The system cannot find the file specified.', None, 2)
2026-06-01 03:31:14,487 [ERROR] serial_handler: Serial error: could not open port 'COM5': FileNotFoundError(2, 'The system cannot find the file specified.', None, 2)
2026-06-01 03:31:16,490 [ERROR] serial_handler: Serial error: could not open port 'COM5': FileNotFoundError(2, 'The system cannot find the file specified.', None, 2)
2026-06-01 03:31:18,492 [ERROR] serial_handler: Serial error: could not open port 'COM5': FileNotFoundError(2, 'The system cannot find the file specified.', None, 2)
2026-06-01 03:31:20,493 [ERROR] serial_handler: Serial error: could not open port 'COM5': FileNotFoundError(2, 'The system cannot find the file specified.', None, 2)
2026-06-01 03:31:22,494 [ERROR] serial_handler: Serial error: could not open port 'COM5': FileNotFoundError(2, 'The system cannot find the file specified.', None, 2)
2026-06-01 03:31:24,501 [ERROR] serial_handler: Serial error: could not open port 'COM5': FileNotFoundError(2, 'The system cannot find the file specified.', None, 2)
2026-06-01 03:31:26,504 [ERROR] serial_handler: Serial error: could not open port 'COM5': FileNotFoundError(2, 'The system cannot find the file specified.', None, 2)
2026-06-01 03:33:15,967 [ERROR] serial_handler: Serial error: could not open port 'COM5': FileNotFoundError(2, 'The system cannot find the file specified.', None, 2)
2026-06-01 03:33:17,969 [ERROR] serial_handler: Serial error: could not open port 'COM5': FileNotFoundError(2, 'The system cannot find the file specified.', None, 2)
2026-06-01 03:33:19,971 [ERROR] serial_handler: Serial error: could not open port 'COM5': FileNotFoundError(2, 'The system cannot find the file specified.', None, 2)
2026-06-01 03:33:21,972 [ERROR] serial_handler: Serial error: could not open port 'COM5': FileNotFoundError(2, 'The system cannot find the file specified.', None, 2)
2026-06-01 03:33:23,974 [ERROR] serial_handler: Serial error: could not open port 'COM5': FileNotFoundError(2, 'The system cannot find the file specified.', None, 2)
2026-06-01 03:33:25,976 [ERROR] serial_handler: Serial error: could not open port 'COM5': FileNotFoundError(2, 'The system cannot find the file specified.', None, 2)
2026-06-01 03:33:27,978 [ERROR] serial_handler: Serial error: could not open port 'COM5': FileNotFoundError(2, 'The system cannot find the file specified.', None, 2)
2026-06-01 03:33:29,981 [ERROR] serial_handler: Serial error: could not open port 'COM5': FileNotFoundError(2, 'The system cannot find the file specified.', None, 2)
2026-06-01 03:33:31,983 [ERROR] serial_handler: Serial error: could not open port 'COM5': FileNotFoundError(2, 'The system cannot find the file specified.', None, 2)
2026-06-01 03:33:33,985 [ERROR] serial_handler: Serial error: could not open port 'COM5': FileNotFoundError(2, 'The system cannot find the file specified.', None, 2)
2026-06-01 03:33:35,987 [ERROR] serial_handler: Serial error: could not open port 'COM5': FileNotFoundError(2, 'The system cannot find the file specified.', None, 2)
2026-06-01 03:33:37,989 [ERROR] serial_handler: Serial error: could not open port 'COM5': FileNotFoundError(2, 'The system cannot find the file specified.', None, 2)
2026-06-01 03:33:39,992 [ERROR] serial_handler: Serial error: could not open port 'COM5': FileNotFoundError(2, 'The system cannot find the file specified.', None, 2)
2026-06-01 03:33:41,994 [ERROR] serial_handler: Serial error: could not open port 'COM5': FileNotFoundError(2, 'The system cannot find the file specified.', None, 2)
2026-06-01 03:33:43,997 [ERROR] serial_handler: Serial error: could not open port 'COM5': FileNotFoundError(2, 'The system cannot find the file specified.', None, 2)
2026-06-01 03:33:45,999 [ERROR] serial_handler: Serial error: could not open port 'COM5': FileNotFoundError(2, 'The system cannot find the file specified.', None, 2)
2026-06-01 03:33:48,001 [ERROR] serial_handler: Serial error: could not open port 'COM5': FileNotFoundError(2, 'The system cannot find the file specified.', None, 2)
2026-06-01 03:33:50,003 [ERROR] serial_handler: Serial error: could not open port 'COM5': FileNotFoundError(2, 'The system cannot find the file specified.', None, 2)
2026-06-01 03:33:52,005 [ERROR] serial_handler: Serial error: could not open port 'COM5': FileNotFoundError(2, 'The system cannot find the file specified.', None, 2)
2026-06-01 03:33:54,007 [ERROR] serial_handler: Serial error: could not open port 'COM5': FileNotFoundError(2, 'The system cannot find the file specified.', None, 2)
2026-06-01 03:33:56,010 [ERROR] serial_handler: Serial error: could not open port 'COM5': FileNotFoundError(2, 'The system cannot find the file specified.', None, 2)
2026-06-01 03:33:58,012 [ERROR] serial_handler: Serial error: could not open port 'COM5': FileNotFoundError(2, 'The system cannot find the file specified.', None, 2)
2026-06-01 03:34:00,014 [ERROR] serial_handler: Serial error: could not open port 'COM5': FileNotFoundError(2, 'The system cannot find the file specified.', None, 2)
2026-06-01 03:34:02,017 [ERROR] serial_handler: Serial error: could not open port 'COM5': FileNotFoundError(2, 'The system cannot find the file specified.', None, 2)
2026-06-01 03:34:04,020 [ERROR] serial_handler: Serial error: could not open port 'COM5': FileNotFoundError(2, 'The system cannot find the file specified.', None, 2)
2026-06-01 03:34:06,022 [ERROR] serial_handler: Serial error: could not open port 'COM5': FileNotFoundError(2, 'The system cannot find the file specified.', None, 2)
2026-06-01 03:34:08,024 [ERROR] serial_handler: Serial error: could not open port 'COM5': FileNotFoundError(2, 'The system cannot find the file specified.', None, 2)
2026-06-01 03:34:10,027 [ERROR] serial_handler: Serial error: could not open port 'COM5': FileNotFoundError(2, 'The system cannot find the file specified.', None, 2)
2026-06-01 03:34:12,029 [ERROR] serial_handler: Serial error: could not open port 'COM5': FileNotFoundError(2, 'The system cannot find the file specified.', None, 2)
2026-06-01 03:34:14,031 [ERROR] serial_handler: Serial error: could not open port 'COM5': FileNotFoundError(2, 'The system cannot find the file specified.', None, 2)
2026-06-01 03:34:16,035 [ERROR] serial_handler: Serial error: could not open port 'COM5': FileNotFoundError(2, 'The system cannot find the file specified.', None, 2)
2026-06-01 03:34:18,037 [ERROR] serial_handler: Serial error: could not open port 'COM5': FileNotFoundError(2, 'The system cannot find the file specified.', None, 2)
2026-06-01 03:34:20,039 [ERROR] serial_handler: Serial error: could not open port 'COM5': FileNotFoundError(2, 'The system cannot find the file specified.', None, 2)
2026-06-01 03:34:22,041 [ERROR] serial_handler: Serial error: could not open port 'COM5': FileNotFoundError(2, 'The system cannot find the file specified.', None, 2)
2026-06-01 03:34:24,043 [ERROR] serial_handler: Serial error: could not open port 'COM5': FileNotFoundError(2, 'The system cannot find the file specified.', None, 2)
2026-06-01 03:34:26,045 [ERROR] serial_handler: Serial error: could not open port 'COM5': FileNotFoundError(2, 'The system cannot find the file specified.', None, 2)
2026-06-01 03:34:28,048 [ERROR] serial_handler: Serial error: could not open port 'COM5': FileNotFoundError(2, 'The system cannot find the file specified.', None, 2)
2026-06-01 03:34:30,051 [ERROR] serial_handler: Serial error: could not open port 'COM5': FileNotFoundError(2, 'The system cannot find the file specified.', None, 2)
2026-06-01 03:34:32,053 [ERROR] serial_handler: Serial error: could not open port 'COM5': FileNotFoundError(2, 'The system cannot find the file specified.', None, 2)
2026-06-01 03:34:34,056 [ERROR] serial_handler: Serial error: could not open port 'COM5': FileNotFoundError(2, 'The system cannot find the file specified.', None, 2)
2026-06-01 03:34:36,059 [ERROR] serial_handler: Serial error: could not open port 'COM5': FileNotFoundError(2, 'The system cannot find the file specified.', None, 2)
2026-06-01 03:34:38,061 [ERROR] serial_handler: Serial error: could not open port 'COM5': FileNotFoundError(2, 'The system cannot find the file specified.', None, 2)
2026-06-01 03:34:40,064 [ERROR] serial_handler: Serial error: could not open port 'COM5': FileNotFoundError(2, 'The system cannot find the file specified.', None, 2)
2026-06-01 03:34:42,066 [ERROR] serial_handler: Serial error: could not open port 'COM5': FileNotFoundError(2, 'The system cannot find the file specified.', None, 2)
2026-06-01 03:34:44,068 [ERROR] serial_handler: Serial error: could not open port 'COM5': FileNotFoundError(2, 'The system cannot find the file specified.', None, 2)
2026-06-01 03:34:46,071 [ERROR] serial_handler: Serial error: could not open port 'COM5': FileNotFoundError(2, 'The system cannot find the file specified.', None, 2)
2026-06-01 03:34:48,073 [ERROR] serial_handler: Serial error: could not open port 'COM5': FileNotFoundError(2, 'The system cannot find the file specified.', None, 2)
2026-06-01 03:34:50,075 [ERROR] serial_handler: Serial error: could not open port 'COM5': FileNotFoundError(2, 'The system cannot find the file specified.', None, 2)
2026-06-01 03:34:52,078 [ERROR] serial_handler: Serial error: could not open port 'COM5': FileNotFoundError(2, 'The system cannot find the file specified.', None, 2)
2026-06-01 03:34:54,081 [ERROR] serial_handler: Serial error: could not open port 'COM5': FileNotFoundError(2, 'The system cannot find the file specified.', None, 2)
2026-06-01 03:34:56,083 [ERROR] serial_handler: Serial error: could not open port 'COM5': FileNotFoundError(2, 'The system cannot find the file specified.', None, 2)
2026-06-01 03:34:58,085 [ERROR] serial_handler: Serial error: could not open port 'COM5': FileNotFoundError(2, 'The system cannot find the file specified.', None, 2)
2026-06-01 03:35:00,087 [ERROR] serial_handler: Serial error: could not open port 'COM5': FileNotFoundError(2, 'The system cannot find the file specified.', None, 2)
2026-06-01 03:35:02,089 [ERROR] serial_handler: Serial error: could not open port 'COM5': FileNotFoundError(2, 'The system cannot find the file specified.', None, 2)
2026-06-01 03:35:04,091 [ERROR] serial_handler: Serial error: could not open port 'COM5': FileNotFoundError(2, 'The system cannot find the file specified.', None, 2)
2026-06-01 03:35:06,093 [ERROR] serial_handler: Serial error: could not open port 'COM5': FileNotFoundError(2, 'The system cannot find the file specified.', None, 2)
2026-06-01 03:35:08,095 [ERROR] serial_handler: Serial error: could not open port 'COM5': FileNotFoundError(2, 'The system cannot find the file specified.', None, 2)
2026-06-01 03:35:10,097 [ERROR] serial_handler: Serial error: could not open port 'COM5': FileNotFoundError(2, 'The system cannot find the file specified.', None, 2)
2026-06-01 03:35:12,099 [ERROR] serial_handler: Serial error: could not open port 'COM5': FileNotFoundError(2, 'The system cannot find the file specified.', None, 2)
2026-06-01 03:35:14,102 [ERROR] serial_handler: Serial error: could not open port 'COM5': FileNotFoundError(2, 'The system cannot find the file specified.', None, 2)
2026-06-01 03:35:16,104 [ERROR] serial_handler: Serial error: could not open port 'COM5': FileNotFoundError(2, 'The system cannot find the file specified.', None, 2)
2026-06-01 03:35:18,106 [ERROR] serial_handler: Serial error: could not open port 'COM5': FileNotFoundError(2, 'The system cannot find the file specified.', None, 2)
2026-06-01 03:35:20,109 [ERROR] serial_handler: Serial error: could not open port 'COM5': FileNotFoundError(2, 'The system cannot find the file specified.', None, 2)
2026-06-01 03:35:22,111 [ERROR] serial_handler: Serial error: could not open port 'COM5': FileNotFoundError(2, 'The system cannot find the file specified.', None, 2)
2026-06-01 03:35:24,113 [ERROR] serial_handler: Serial error: could not open port 'COM5': FileNotFoundError(2, 'The system cannot find the file specified.', None, 2)
2026-06-01 03:35:26,114 [ERROR] serial_handler: Serial error: could not open port 'COM5': FileNotFoundError(2, 'The system cannot find the file specified.', None, 2)
2026-06-01 03:35:28,117 [ERROR] serial_handler: Serial error: could not open port 'COM5': FileNotFoundError(2, 'The system cannot find the file specified.', None, 2)
2026-06-01 03:35:30,119 [ERROR] serial_handler: Serial error: could not open port 'COM5': FileNotFoundError(2, 'The system cannot find the file specified.', None, 2)
2026-06-01 03:35:32,122 [ERROR] serial_handler: Serial error: could not open port 'COM5': FileNotFoundError(2, 'The system cannot find the file specified.', None, 2)
2026-06-01 03:35:34,124 [ERROR] serial_handler: Serial error: could not open port 'COM5': FileNotFoundError(2, 'The system cannot find the file specified.', None, 2)
2026-06-01 03:35:36,127 [ERROR] serial_handler: Serial error: could not open port 'COM5': FileNotFoundError(2, 'The system cannot find the file specified.', None, 2)
2026-06-01 03:35:38,129 [ERROR] serial_handler: Serial error: could not open port 'COM5': FileNotFoundError(2, 'The system cannot find the file specified.', None, 2)
2026-06-01 03:35:40,132 [ERROR] serial_handler: Serial error: could not open port 'COM5': FileNotFoundError(2, 'The system cannot find the file specified.', None, 2)
2026-06-01 03:35:42,134 [ERROR] serial_handler: Serial error: could not open port 'COM5': FileNotFoundError(2, 'The system cannot find the file specified.', None, 2)
2026-06-01 03:35:44,136 [ERROR] serial_handler: Serial error: could not open port 'COM5': FileNotFoundError(2, 'The system cannot find the file specified.', None, 2)
2026-06-01 03:35:46,138 [ERROR] serial_handler: Serial error: could not open port 'COM5': FileNotFoundError(2, 'The system cannot find the file specified.', None, 2)
2026-06-01 03:35:48,140 [ERROR] serial_handler: Serial error: could not open port 'COM5': FileNotFoundError(2, 'The system cannot find the file specified.', None, 2)
2026-06-01 03:35:50,142 [ERROR] serial_handler: Serial error: could not open port 'COM5': FileNotFoundError(2, 'The system cannot find the file specified.', None, 2)
2026-06-01 03:35:52,144 [ERROR] serial_handler: Serial error: could not open port 'COM5': FileNotFoundError(2, 'The system cannot find the file specified.', None, 2)
2026-06-01 03:35:54,146 [ERROR] serial_handler: Serial error: could not open port 'COM5': FileNotFoundError(2, 'The system cannot find the file specified.', None, 2)
2026-06-01 03:35:56,148 [ERROR] serial_handler: Serial error: could not open port 'COM5': FileNotFoundError(2, 'The system cannot find the file specified.', None, 2)
2026-06-01 03:35:58,151 [ERROR] serial_handler: Serial error: could not open port 'COM5': FileNotFoundError(2, 'The system cannot find the file specified.', None, 2)
2026-06-01 03:36:00,154 [ERROR] serial_handler: Serial error: could not open port 'COM5': FileNotFoundError(2, 'The system cannot find the file specified.', None, 2)
2026-06-01 03:36:02,156 [ERROR] serial_handler: Serial error: could not open port 'COM5': FileNotFoundError(2, 'The system cannot find the file specified.', None, 2)
2026-06-01 03:36:04,158 [ERROR] serial_handler: Serial error: could not open port 'COM5': FileNotFoundError(2, 'The system cannot find the file specified.', None, 2)
2026-06-01 03:36:06,160 [ERROR] serial_handler: Serial error: could not open port 'COM5': FileNotFoundError(2, 'The system cannot find the file specified.', None, 2)
2026-06-01 03:36:08,162 [ERROR] serial_handler: Serial error: could not open port 'COM5': FileNotFoundError(2, 'The system cannot find the file specified.', None, 2)
2026-06-01 03:36:10,165 [ERROR] serial_handler: Serial error: could not open port 'COM5': FileNotFoundError(2, 'The system cannot find the file specified.', None, 2)
2026-06-01 03:36:12,167 [ERROR] serial_handler: Serial error: could not open port 'COM5': FileNotFoundError(2, 'The system cannot find the file specified.', None, 2)
2026-06-01 03:36:14,172 [ERROR] serial_handler: Serial error: could not open port 'COM5': FileNotFoundError(2, 'The system cannot find the file specified.', None, 2)
2026-06-01 03:37:53,699 [ERROR] serial_handler: Serial error: could not open port 'COM5': FileNotFoundError(2, 'The system cannot find the file specified.', None, 2)
2026-06-01 03:37:55,701 [ERROR] serial_handler: Serial error: could not open port 'COM5': FileNotFoundError(2, 'The system cannot find the file specified.', None, 2)
2026-06-01 03:37:57,704 [ERROR] serial_handler: Serial error: could not open port 'COM5': FileNotFoundError(2, 'The system cannot find the file specified.', None, 2)
2026-06-01 03:37:59,705 [ERROR] serial_handler: Serial error: could not open port 'COM5': FileNotFoundError(2, 'The system cannot find the file specified.', None, 2)
2026-06-01 03:38:01,707 [ERROR] serial_handler: Serial error: could not open port 'COM5': FileNotFoundError(2, 'The system cannot find the file specified.', None, 2)
2026-06-01 03:38:03,709 [ERROR] serial_handler: Serial error: could not open port 'COM5': FileNotFoundError(2, 'The system cannot find the file specified.', None, 2)
2026-06-01 03:38:05,711 [ERROR] serial_handler: Serial error: could not open port 'COM5': FileNotFoundError(2, 'The system cannot find the file specified.', None, 2)
2026-06-01 03:38:07,714 [ERROR] serial_handler: Serial error: could not open port 'COM5': FileNotFoundError(2, 'The system cannot find the file specified.', None, 2)
2026-06-01 03:38:09,716 [ERROR] serial_handler: Serial error: could not open port 'COM5': FileNotFoundError(2, 'The system cannot find the file specified.', None, 2)
2026-06-01 03:38:11,717 [ERROR] serial_handler: Serial error: could not open port 'COM5': FileNotFoundError(2, 'The system cannot find the file specified.', None, 2)
2026-06-01 03:38:13,719 [ERROR] serial_handler: Serial error: could not open port 'COM5': FileNotFoundError(2, 'The system cannot find the file specified.', None, 2)
2026-06-01 03:38:15,721 [ERROR] serial_handler: Serial error: could not open port 'COM5': FileNotFoundError(2, 'The system cannot find the file specified.', None, 2)
2026-06-01 03:38:17,723 [ERROR] serial_handler: Serial error: could not open port 'COM5': FileNotFoundError(2, 'The system cannot find the file specified.', None, 2)
2026-06-01 03:38:19,726 [ERROR] serial_handler: Serial error: could not open port 'COM5': FileNotFoundError(2, 'The system cannot find the file specified.', None, 2)
2026-06-01 03:38:21,728 [ERROR] serial_handler: Serial error: could not open port 'COM5': FileNotFoundError(2, 'The system cannot find the file specified.', None, 2)
2026-06-01 03:38:23,731 [ERROR] serial_handler: Serial error: could not open port 'COM5': FileNotFoundError(2, 'The system cannot find the file specified.', None, 2)
2026-06-01 03:38:25,733 [ERROR] serial_handler: Serial error: could not open port 'COM5': FileNotFoundError(2, 'The system cannot find the file specified.', None, 2)
2026-06-01 03:38:27,736 [ERROR] serial_handler: Serial error: could not open port 'COM5': FileNotFoundError(2, 'The system cannot find the file specified.', None, 2)
2026-06-01 03:38:29,738 [ERROR] serial_handler: Serial error: could not open port 'COM5': FileNotFoundError(2, 'The system cannot find the file specified.', None, 2)
2026-06-01 03:38:31,740 [ERROR] serial_handler: Serial error: could not open port 'COM5': FileNotFoundError(2, 'The system cannot find the file specified.', None, 2)
2026-06-01 03:38:33,743 [ERROR] serial_handler: Serial error: could not open port 'COM5': FileNotFoundError(2, 'The system cannot find the file specified.', None, 2)
2026-06-01 03:38:35,746 [ERROR] serial_handler: Serial error: could not open port 'COM5': FileNotFoundError(2, 'The system cannot find the file specified.', None, 2)
2026-06-01 03:38:37,748 [ERROR] serial_handler: Serial error: could not open port 'COM5': FileNotFoundError(2, 'The system cannot find the file specified.', None, 2)
2026-06-01 03:38:39,751 [ERROR] serial_handler: Serial error: could not open port 'COM5': FileNotFoundError(2, 'The system cannot find the file specified.', None, 2)
2026-06-01 03:38:41,753 [ERROR] serial_handler: Serial error: could not open port 'COM5': FileNotFoundError(2, 'The system cannot find the file specified.', None, 2)
2026-06-01 03:38:43,755 [ERROR] serial_handler: Serial error: could not open port 'COM5': FileNotFoundError(2, 'The system cannot find the file specified.', None, 2)
2026-06-01 03:38:45,757 [ERROR] serial_handler: Serial error: could not open port 'COM5': FileNotFoundError(2, 'The system cannot find the file specified.', None, 2)
2026-06-01 03:38:47,759 [ERROR] serial_handler: Serial error: could not open port 'COM5': FileNotFoundError(2, 'The system cannot find the file specified.', None, 2)
2026-06-01 03:38:49,762 [ERROR] serial_handler: Serial error: could not open port 'COM5': FileNotFoundError(2, 'The system cannot find the file specified.', None, 2)
2026-06-01 03:38:51,764 [ERROR] serial_handler: Serial error: could not open port 'COM5': FileNotFoundError(2, 'The system cannot find the file specified.', None, 2)
2026-06-01 03:38:53,766 [ERROR] serial_handler: Serial error: could not open port 'COM5': FileNotFoundError(2, 'The system cannot find the file specified.', None, 2)
2026-06-01 03:38:55,768 [ERROR] serial_handler: Serial error: could not open port 'COM5': FileNotFoundError(2, 'The system cannot find the file specified.', None, 2)
2026-06-01 03:38:57,771 [ERROR] serial_handler: Serial error: could not open port 'COM5': FileNotFoundError(2, 'The system cannot find the file specified.', None, 2)
2026-06-01 03:38:59,772 [ERROR] serial_handler: Serial error: could not open port 'COM5': FileNotFoundError(2, 'The system cannot find the file specified.', None, 2)
2026-06-01 03:39:01,774 [ERROR] serial_handler: Serial error: could not open port 'COM5': FileNotFoundError(2, 'The system cannot find the file specified.', None, 2)
2026-06-01 03:39:03,776 [ERROR] serial_handler: Serial error: could not open port 'COM5': FileNotFoundError(2, 'The system cannot find the file specified.', None, 2)
2026-06-01 03:39:05,779 [ERROR] serial_handler: Serial error: could not open port 'COM5': FileNotFoundError(2, 'The system cannot find the file specified.', None, 2)
2026-06-01 03:39:07,781 [ERROR] serial_handler: Serial error: could not open port 'COM5': FileNotFoundError(2, 'The system cannot find the file specified.', None, 2)
2026-06-01 03:39:09,783 [ERROR] serial_handler: Serial error: could not open port 'COM5': FileNotFoundError(2, 'The system cannot find the file specified.', None, 2)
2026-06-01 03:39:11,785 [ERROR] serial_handler: Serial error: could not open port 'COM5': FileNotFoundError(2, 'The system cannot find the file specified.', None, 2)
2026-06-01 03:39:13,788 [ERROR] serial_handler: Serial error: could not open port 'COM5': FileNotFoundError(2, 'The system cannot find the file specified.', None, 2)
2026-06-01 03:39:15,790 [ERROR] serial_handler: Serial error: could not open port 'COM5': FileNotFoundError(2, 'The system cannot find the file specified.', None, 2)
2026-06-01 03:39:17,792 [ERROR] serial_handler: Serial error: could not open port 'COM5': FileNotFoundError(2, 'The system cannot find the file specified.', None, 2)
2026-06-01 03:39:19,795 [ERROR] serial_handler: Serial error: could not open port 'COM5': FileNotFoundError(2, 'The system cannot find the file specified.', None, 2)
2026-06-01 03:39:21,797 [ERROR] serial_handler: Serial error: could not open port 'COM5': FileNotFoundError(2, 'The system cannot find the file specified.', None, 2)
2026-06-01 03:39:23,799 [ERROR] serial_handler: Serial error: could not open port 'COM5': FileNotFoundError(2, 'The system cannot find the file specified.', None, 2)
2026-06-01 03:39:25,801 [ERROR] serial_handler: Serial error: could not open port 'COM5': FileNotFoundError(2, 'The system cannot find the file specified.', None, 2)
2026-06-01 03:39:27,803 [ERROR] serial_handler: Serial error: could not open port 'COM5': FileNotFoundError(2, 'The system cannot find the file specified.', None, 2)
2026-06-01 03:39:29,805 [ERROR] serial_handler: Serial error: could not open port 'COM5': FileNotFoundError(2, 'The system cannot find the file specified.', None, 2)
2026-06-01 03:39:31,808 [ERROR] serial_handler: Serial error: could not open port 'COM5': FileNotFoundError(2, 'The system cannot find the file specified.', None, 2)
2026-06-01 03:39:33,811 [ERROR] serial_handler: Serial error: could not open port 'COM5': FileNotFoundError(2, 'The system cannot find the file specified.', None, 2)
2026-06-01 03:39:35,813 [ERROR] serial_handler: Serial error: could not open port 'COM5': FileNotFoundError(2, 'The system cannot find the file specified.', None, 2)
2026-06-01 03:39:37,815 [ERROR] serial_handler: Serial error: could not open port 'COM5': FileNotFoundError(2, 'The system cannot find the file specified.', None, 2)
2026-06-01 03:39:39,816 [ERROR] serial_handler: Serial error: could not open port 'COM5': FileNotFoundError(2, 'The system cannot find the file specified.', None, 2)
2026-06-01 03:39:41,818 [ERROR] serial_handler: Serial error: could not open port 'COM5': FileNotFoundError(2, 'The system cannot find the file specified.', None, 2)
2026-06-01 03:39:43,821 [ERROR] serial_handler: Serial error: could not open port 'COM5': FileNotFoundError(2, 'The system cannot find the file specified.', None, 2)
2026-06-01 03:39:45,823 [ERROR] serial_handler: Serial error: could not open port 'COM5': FileNotFoundError(2, 'The system cannot find the file specified.', None, 2)
2026-06-01 03:39:47,826 [ERROR] serial_handler: Serial error: could not open port 'COM5': FileNotFoundError(2, 'The system cannot find the file specified.', None, 2)
2026-06-01 03:39:49,829 [ERROR] serial_handler: Serial error: could not open port 'COM5': FileNotFoundError(2, 'The system cannot find the file specified.', None, 2)
2026-06-01 03:39:51,831 [ERROR] serial_handler: Serial error: could not open port 'COM5': FileNotFoundError(2, 'The system cannot find the file specified.', None, 2)
2026-06-01 03:39:53,832 [ERROR] serial_handler: Serial error: could not open port 'COM5': FileNotFoundError(2, 'The system cannot find the file specified.', None, 2)
2026-06-01 03:39:55,835 [ERROR] serial_handler: Serial error: could not open port 'COM5': FileNotFoundError(2, 'The system cannot find the file specified.', None, 2)
2026-06-01 03:39:57,837 [ERROR] serial_handler: Serial error: could not open port 'COM5': FileNotFoundError(2, 'The system cannot find the file specified.', None, 2)
2026-06-01 03:39:59,840 [ERROR] serial_handler: Serial error: could not open port 'COM5': FileNotFoundError(2, 'The system cannot find the file specified.', None, 2)
2026-06-01 03:40:01,842 [ERROR] serial_handler: Serial error: could not open port 'COM5': FileNotFoundError(2, 'The system cannot find the file specified.', None, 2)
2026-06-01 03:40:03,844 [ERROR] serial_handler: Serial error: could not open port 'COM5': FileNotFoundError(2, 'The system cannot find the file specified.', None, 2)
2026-06-01 03:40:05,846 [ERROR] serial_handler: Serial error: could not open port 'COM5': FileNotFoundError(2, 'The system cannot find the file specified.', None, 2)
2026-06-01 03:40:07,849 [ERROR] serial_handler: Serial error: could not open port 'COM5': FileNotFoundError(2, 'The system cannot find the file specified.', None, 2)
2026-06-01 03:40:09,851 [ERROR] serial_handler: Serial error: could not open port 'COM5': FileNotFoundError(2, 'The system cannot find the file specified.', None, 2)
2026-06-01 03:40:11,853 [ERROR] serial_handler: Serial error: could not open port 'COM5': FileNotFoundError(2, 'The system cannot find the file specified.', None, 2)
2026-06-01 03:40:13,855 [ERROR] serial_handler: Serial error: could not open port 'COM5': FileNotFoundError(2, 'The system cannot find the file specified.', None, 2)
2026-06-01 03:40:15,858 [ERROR] serial_handler: Serial error: could not open port 'COM5': FileNotFoundError(2, 'The system cannot find the file specified.', None, 2)
2026-06-01 03:40:17,860 [ERROR] serial_handler: Serial error: could not open port 'COM5': FileNotFoundError(2, 'The system cannot find the file specified.', None, 2)
2026-06-01 03:40:19,862 [ERROR] serial_handler: Serial error: could not open port 'COM5': FileNotFoundError(2, 'The system cannot find the file specified.', None, 2)
2026-06-01 03:40:21,864 [ERROR] serial_handler: Serial error: could not open port 'COM5': FileNotFoundError(2, 'The system cannot find the file specified.', None, 2)
2026-06-01 03:40:23,867 [ERROR] serial_handler: Serial error: could not open port 'COM5': FileNotFoundError(2, 'The system cannot find the file specified.', None, 2)
2026-06-01 03:40:25,869 [ERROR] serial_handler: Serial error: could not open port 'COM5': FileNotFoundError(2, 'The system cannot find the file specified.', None, 2)
2026-06-01 03:40:27,871 [ERROR] serial_handler: Serial error: could not open port 'COM5': FileNotFoundError(2, 'The system cannot find the file specified.', None, 2)
2026-06-01 03:40:29,873 [ERROR] serial_handler: Serial error: could not open port 'COM5': FileNotFoundError(2, 'The system cannot find the file specified.', None, 2)
2026-06-01 03:40:31,875 [ERROR] serial_handler: Serial error: could not open port 'COM5': FileNotFoundError(2, 'The system cannot find the file specified.', None, 2)
2026-06-01 03:40:33,877 [ERROR] serial_handler: Serial error: could not open port 'COM5': FileNotFoundError(2, 'The system cannot find the file specified.', None, 2)
2026-06-01 03:40:35,881 [ERROR] serial_handler: Serial error: could not open port 'COM5': FileNotFoundError(2, 'The system cannot find the file specified.', None, 2)
2026-06-01 03:40:37,883 [ERROR] serial_handler: Serial error: could not open port 'COM5': FileNotFoundError(2, 'The system cannot find the file specified.', None, 2)
2026-06-01 03:40:39,885 [ERROR] serial_handler: Serial error: could not open port 'COM5': FileNotFoundError(2, 'The system cannot find the file specified.', None, 2)
2026-06-01 03:40:41,887 [ERROR] serial_handler: Serial error: could not open port 'COM5': FileNotFoundError(2, 'The system cannot find the file specified.', None, 2)
2026-06-01 03:40:43,890 [ERROR] serial_handler: Serial error: could not open port 'COM5': FileNotFoundError(2, 'The system cannot find the file specified.', None, 2)
2026-06-01 03:40:45,892 [ERROR] serial_handler: Serial error: could not open port 'COM5': FileNotFoundError(2, 'The system cannot find the file specified.', None, 2)
2026-06-01 03:40:47,894 [ERROR] serial_handler: Serial error: could not open port 'COM5': FileNotFoundError(2, 'The system cannot find the file specified.', None, 2)
2026-06-01 03:40:49,897 [ERROR] serial_handler: Serial error: could not open port 'COM5': FileNotFoundError(2, 'The system cannot find the file specified.', None, 2)
2026-06-01 03:40:51,899 [ERROR] serial_handler: Serial error: could not open port 'COM5': FileNotFoundError(2, 'The system cannot find the file specified.', None, 2)
2026-06-01 03:40:53,902 [ERROR] serial_handler: Serial error: could not open port 'COM5': FileNotFoundError(2, 'The system cannot find the file specified.', None, 2)
2026-06-01 03:40:55,905 [ERROR] serial_handler: Serial error: could not open port 'COM5': FileNotFoundError(2, 'The system cannot find the file specified.', None, 2)
2026-06-01 03:40:57,907 [ERROR] serial_handler: Serial error: could not open port 'COM5': FileNotFoundError(2, 'The system cannot find the file specified.', None, 2)
2026-06-01 03:40:59,909 [ERROR] serial_handler: Serial error: could not open port 'COM5': FileNotFoundError(2, 'The system cannot find the file specified.', None, 2)
2026-06-01 03:41:01,912 [ERROR] serial_handler: Serial error: could not open port 'COM5': FileNotFoundError(2, 'The system cannot find the file specified.', None, 2)
2026-06-01 03:41:03,916 [ERROR] serial_handler: Serial error: could not open port 'COM5': FileNotFoundError(2, 'The system cannot find the file specified.', None, 2)
2026-06-01 03:41:05,918 [ERROR] serial_handler: Serial error: could not open port 'COM5': FileNotFoundError(2, 'The system cannot find the file specified.', None, 2)
2026-06-01 03:41:07,920 [ERROR] serial_handler: Serial error: could not open port 'COM5': FileNotFoundError(2, 'The system cannot find the file specified.', None, 2)
2026-06-01 03:41:09,923 [ERROR] serial_handler: Serial error: could not open port 'COM5': FileNotFoundError(2, 'The system cannot find the file specified.', None, 2)
2026-06-01 03:41:11,925 [ERROR] serial_handler: Serial error: could not open port 'COM5': FileNotFoundError(2, 'The system cannot find the file specified.', None, 2)
2026-06-01 03:41:13,927 [ERROR] serial_handler: Serial error: could not open port 'COM5': FileNotFoundError(2, 'The system cannot find the file specified.', None, 2)
2026-06-01 03:41:15,929 [ERROR] serial_handler: Serial error: could not open port 'COM5': FileNotFoundError(2, 'The system cannot find the file specified.', None, 2)
2026-06-01 03:41:17,930 [ERROR] serial_handler: Serial error: could not open port 'COM5': FileNotFoundError(2, 'The system cannot find the file specified.', None, 2)
2026-06-01 03:41:19,933 [ERROR] serial_handler: Serial error: could not open port 'COM5': FileNotFoundError(2, 'The system cannot find the file specified.', None, 2)
2026-06-01 03:41:21,936 [ERROR] serial_handler: Serial error: could not open port 'COM5': FileNotFoundError(2, 'The system cannot find the file specified.', None, 2)
2026-06-01 03:41:23,939 [ERROR] serial_handler: Serial error: could not open port 'COM5': FileNotFoundError(2, 'The system cannot find the file specified.', None, 2)
2026-06-01 03:41:25,942 [ERROR] serial_handler: Serial error: could not open port 'COM5': FileNotFoundError(2, 'The system cannot find the file specified.', None, 2)
2026-06-01 03:41:27,945 [ERROR] serial_handler: Serial error: could not open port 'COM5': FileNotFoundError(2, 'The system cannot find the file specified.', None, 2)
2026-06-01 03:41:29,948 [ERROR] serial_handler: Serial error: could not open port 'COM5': FileNotFoundError(2, 'The system cannot find the file specified.', None, 2)
2026-06-01 03:41:31,950 [ERROR] serial_handler: Serial error: could not open port 'COM5': FileNotFoundError(2, 'The system cannot find the file specified.', None, 2)
2026-06-01 03:41:33,952 [ERROR] serial_handler: Serial error: could not open port 'COM5': FileNotFoundError(2, 'The system cannot find the file specified.', None, 2)
2026-06-01 03:41:35,954 [ERROR] serial_handler: Serial error: could not open port 'COM5': FileNotFoundError(2, 'The system cannot find the file specified.', None, 2)
2026-06-01 03:41:37,956 [ERROR] serial_handler: Serial error: could not open port 'COM5': FileNotFoundError(2, 'The system cannot find the file specified.', None, 2)
2026-06-01 03:41:39,959 [ERROR] serial_handler: Serial error: could not open port 'COM5': FileNotFoundError(2, 'The system cannot find the file specified.', None, 2)
2026-06-01 03:41:41,961 [ERROR] serial_handler: Serial error: could not open port 'COM5': FileNotFoundError(2, 'The system cannot find the file specified.', None, 2)
2026-06-01 03:41:43,964 [ERROR] serial_handler: Serial error: could not open port 'COM5': FileNotFoundError(2, 'The system cannot find the file specified.', None, 2)
2026-06-01 03:41:45,967 [ERROR] serial_handler: Serial error: could not open port 'COM5': FileNotFoundError(2, 'The system cannot find the file specified.', None, 2)
2026-06-01 03:41:47,969 [ERROR] serial_handler: Serial error: could not open port 'COM5': FileNotFoundError(2, 'The system cannot find the file specified.', None, 2)
2026-06-01 03:41:49,971 [ERROR] serial_handler: Serial error: could not open port 'COM5': FileNotFoundError(2, 'The system cannot find the file specified.', None, 2)
2026-06-01 03:41:51,974 [ERROR] serial_handler: Serial error: could not open port 'COM5': FileNotFoundError(2, 'The system cannot find the file specified.', None, 2)
2026-06-01 03:41:53,976 [ERROR] serial_handler: Serial error: could not open port 'COM5': FileNotFoundError(2, 'The system cannot find the file specified.', None, 2)
2026-06-01 03:41:55,979 [ERROR] serial_handler: Serial error: could not open port 'COM5': FileNotFoundError(2, 'The system cannot find the file specified.', None, 2)
2026-06-01 03:41:57,981 [ERROR] serial_handler: Serial error: could not open port 'COM5': FileNotFoundError(2, 'The system cannot find the file specified.', None, 2)
2026-06-01 03:41:59,983 [ERROR] serial_handler: Serial error: could not open port 'COM5': FileNotFoundError(2, 'The system cannot find the file specified.', None, 2)
2026-06-01 03:42:01,986 [ERROR] serial_handler: Serial error: could not open port 'COM5': FileNotFoundError(2, 'The system cannot find the file specified.', None, 2)
2026-06-01 03:42:03,988 [ERROR] serial_handler: Serial error: could not open port 'COM5': FileNotFoundError(2, 'The system cannot find the file specified.', None, 2)
2026-06-01 03:42:05,990 [ERROR] serial_handler: Serial error: could not open port 'COM5': FileNotFoundError(2, 'The system cannot find the file specified.', None, 2)
2026-06-01 03:42:07,992 [ERROR] serial_handler: Serial error: could not open port 'COM5': FileNotFoundError(2, 'The system cannot find the file specified.', None, 2)
2026-06-01 03:42:09,994 [ERROR] serial_handler: Serial error: could not open port 'COM5': FileNotFoundError(2, 'The system cannot find the file specified.', None, 2)
2026-06-01 03:42:11,995 [ERROR] serial_handler: Serial error: could not open port 'COM5': FileNotFoundError(2, 'The system cannot find the file specified.', None, 2)
2026-06-01 03:42:13,998 [ERROR] serial_handler: Serial error: could not open port 'COM5': FileNotFoundError(2, 'The system cannot find the file specified.', None, 2)
2026-06-01 03:42:16,000 [ERROR] serial_handler: Serial error: could not open port 'COM5': FileNotFoundError(2, 'The system cannot find the file specified.', None, 2)
2026-06-01 03:42:18,003 [ERROR] serial_handler: Serial error: could not open port 'COM5': FileNotFoundError(2, 'The system cannot find the file specified.', None, 2)
2026-06-01 03:42:20,005 [ERROR] serial_handler: Serial error: could not open port 'COM5': FileNotFoundError(2, 'The system cannot find the file specified.', None, 2)
2026-06-01 03:42:22,008 [ERROR] serial_handler: Serial error: could not open port 'COM5': FileNotFoundError(2, 'The system cannot find the file specified.', None, 2)
2026-06-01 03:42:24,009 [ERROR] serial_handler: Serial error: could not open port 'COM5': FileNotFoundError(2, 'The system cannot find the file specified.', None, 2)
2026-06-01 03:42:26,012 [ERROR] serial_handler: Serial error: could not open port 'COM5': FileNotFoundError(2, 'The system cannot find the file specified.', None, 2)
2026-06-01 03:42:28,014 [ERROR] serial_handler: Serial error: could not open port 'COM5': FileNotFoundError(2, 'The system cannot find the file specified.', None, 2)
2026-06-01 03:42:30,017 [ERROR] serial_handler: Serial error: could not open port 'COM5': FileNotFoundError(2, 'The system cannot find the file specified.', None, 2)
2026-06-01 03:42:32,019 [ERROR] serial_handler: Serial error: could not open port 'COM5': FileNotFoundError(2, 'The system cannot find the file specified.', None, 2)
2026-06-01 03:42:34,022 [ERROR] serial_handler: Serial error: could not open port 'COM5': FileNotFoundError(2, 'The system cannot find the file specified.', None, 2)
2026-06-01 03:42:36,024 [ERROR] serial_handler: Serial error: could not open port 'COM5': FileNotFoundError(2, 'The system cannot find the file specified.', None, 2)
2026-06-01 03:42:38,027 [ERROR] serial_handler: Serial error: could not open port 'COM5': FileNotFoundError(2, 'The system cannot find the file specified.', None, 2)
2026-06-01 03:42:40,029 [ERROR] serial_handler: Serial error: could not open port 'COM5': FileNotFoundError(2, 'The system cannot find the file specified.', None, 2)
2026-06-01 03:42:42,031 [ERROR] serial_handler: Serial error: could not open port 'COM5': FileNotFoundError(2, 'The system cannot find the file specified.', None, 2)
2026-06-01 03:42:44,033 [ERROR] serial_handler: Serial error: could not open port 'COM5': FileNotFoundError(2, 'The system cannot find the file specified.', None, 2)
2026-06-01 03:42:46,035 [ERROR] serial_handler: Serial error: could not open port 'COM5': FileNotFoundError(2, 'The system cannot find the file specified.', None, 2)
2026-06-01 03:42:48,037 [ERROR] serial_handler: Serial error: could not open port 'COM5': FileNotFoundError(2, 'The system cannot find the file specified.', None, 2)
2026-06-01 03:42:50,039 [ERROR] serial_handler: Serial error: could not open port 'COM5': FileNotFoundError(2, 'The system cannot find the file specified.', None, 2)
2026-06-01 03:42:52,041 [ERROR] serial_handler: Serial error: could not open port 'COM5': FileNotFoundError(2, 'The system cannot find the file specified.', None, 2)
2026-06-01 03:42:54,043 [ERROR] serial_handler: Serial error: could not open port 'COM5': FileNotFoundError(2, 'The system cannot find the file specified.', None, 2)
2026-06-01 03:42:56,045 [ERROR] serial_handler: Serial error: could not open port 'COM5': FileNotFoundError(2, 'The system cannot find the file specified.', None, 2)
2026-06-01 03:42:58,047 [ERROR] serial_handler: Serial error: could not open port 'COM5': FileNotFoundError(2, 'The system cannot find the file specified.', None, 2)
2026-06-01 03:43:00,050 [ERROR] serial_handler: Serial error: could not open port 'COM5': FileNotFoundError(2, 'The system cannot find the file specified.', None, 2)
2026-06-01 03:43:02,053 [ERROR] serial_handler: Serial error: could not open port 'COM5': FileNotFoundError(2, 'The system cannot find the file specified.', None, 2)
2026-06-01 03:43:04,054 [ERROR] serial_handler: Serial error: could not open port 'COM5': FileNotFoundError(2, 'The system cannot find the file specified.', None, 2)
2026-06-01 03:43:06,057 [ERROR] serial_handler: Serial error: could not open port 'COM5': FileNotFoundError(2, 'The system cannot find the file specified.', None, 2)
2026-06-01 03:43:08,059 [ERROR] serial_handler: Serial error: could not open port 'COM5': FileNotFoundError(2, 'The system cannot find the file specified.', None, 2)
2026-06-01 03:43:10,061 [ERROR] serial_handler: Serial error: could not open port 'COM5': FileNotFoundError(2, 'The system cannot find the file specified.', None, 2)
2026-06-01 03:43:12,063 [ERROR] serial_handler: Serial error: could not open port 'COM5': FileNotFoundError(2, 'The system cannot find the file specified.', None, 2)
2026-06-01 03:43:14,066 [ERROR] serial_handler: Serial error: could not open port 'COM5': FileNotFoundError(2, 'The system cannot find the file specified.', None, 2)
2026-06-01 03:43:16,068 [ERROR] serial_handler: Serial error: could not open port 'COM5': FileNotFoundError(2, 'The system cannot find the file specified.', None, 2)
2026-06-01 03:43:18,070 [ERROR] serial_handler: Serial error: could not open port 'COM5': FileNotFoundError(2, 'The system cannot find the file specified.', None, 2)
2026-06-01 03:43:20,072 [ERROR] serial_handler: Serial error: could not open port 'COM5': FileNotFoundError(2, 'The system cannot find the file specified.', None, 2)
2026-06-01 03:43:22,075 [ERROR] serial_handler: Serial error: could not open port 'COM5': FileNotFoundError(2, 'The system cannot find the file specified.', None, 2)
2026-06-01 03:43:24,076 [ERROR] serial_handler: Serial error: could not open port 'COM5': FileNotFoundError(2, 'The system cannot find the file specified.', None, 2)
2026-06-01 03:43:26,079 [ERROR] serial_handler: Serial error: could not open port 'COM5': FileNotFoundError(2, 'The system cannot find the file specified.', None, 2)
2026-06-01 03:43:28,081 [ERROR] serial_handler: Serial error: could not open port 'COM5': FileNotFoundError(2, 'The system cannot find the file specified.', None, 2)
2026-06-01 03:43:30,083 [ERROR] serial_handler: Serial error: could not open port 'COM5': FileNotFoundError(2, 'The system cannot find the file specified.', None, 2)
2026-06-01 03:43:32,085 [ERROR] serial_handler: Serial error: could not open port 'COM5': FileNotFoundError(2, 'The system cannot find the file specified.', None, 2)
2026-06-01 03:43:34,087 [ERROR] serial_handler: Serial error: could not open port 'COM5': FileNotFoundError(2, 'The system cannot find the file specified.', None, 2)
2026-06-01 03:43:36,089 [ERROR] serial_handler: Serial error: could not open port 'COM5': FileNotFoundError(2, 'The system cannot find the file specified.', None, 2)
2026-06-01 03:43:38,090 [ERROR] serial_handler: Serial error: could not open port 'COM5': FileNotFoundError(2, 'The system cannot find the file specified.', None, 2)
2026-06-01 03:43:40,097 [ERROR] serial_handler: Serial error: could not open port 'COM5': FileNotFoundError(2, 'The system cannot find the file specified.', None, 2)
2026-06-01 03:43:42,103 [ERROR] serial_handler: Serial error: could not open port 'COM5': FileNotFoundError(2, 'The system cannot find the file specified.', None, 2)
2026-06-01 03:43:44,105 [ERROR] serial_handler: Serial error: could not open port 'COM5': FileNotFoundError(2, 'The system cannot find the file specified.', None, 2)
2026-06-01 03:43:46,107 [ERROR] serial_handler: Serial error: could not open port 'COM5': FileNotFoundError(2, 'The system cannot find the file specified.', None, 2)
2026-06-01 03:43:48,109 [ERROR] serial_handler: Serial error: could not open port 'COM5': FileNotFoundError(2, 'The system cannot find the file specified.', None, 2)
2026-06-01 03:43:50,110 [ERROR] serial_handler: Serial error: could not open port 'COM5': FileNotFoundError(2, 'The system cannot find the file specified.', None, 2)
2026-06-01 03:43:52,112 [ERROR] serial_handler: Serial error: could not open port 'COM5': FileNotFoundError(2, 'The system cannot find the file specified.', None, 2)
2026-06-01 03:43:54,113 [ERROR] serial_handler: Serial error: could not open port 'COM5': FileNotFoundError(2, 'The system cannot find the file specified.', None, 2)
2026-06-01 03:43:56,115 [ERROR] serial_handler: Serial error: could not open port 'COM5': FileNotFoundError(2, 'The system cannot find the file specified.', None, 2)
2026-06-01 03:54:45,407 [ERROR] serial_handler: Serial error: could not open port 'COM5': FileNotFoundError(2, 'The system cannot find the file specified.', None, 2)
2026-06-01 03:54:47,415 [ERROR] serial_handler: Serial error: could not open port 'COM5': FileNotFoundError(2, 'The system cannot find the file specified.', None, 2)
2026-06-01 03:54:49,417 [ERROR] serial_handler: Serial error: could not open port 'COM5': FileNotFoundError(2, 'The system cannot find the file specified.', None, 2)
2026-06-01 03:54:51,419 [ERROR] serial_handler: Serial error: could not open port 'COM5': FileNotFoundError(2, 'The system cannot find the file specified.', None, 2)
2026-06-01 03:54:53,421 [ERROR] serial_handler: Serial error: could not open port 'COM5': FileNotFoundError(2, 'The system cannot find the file specified.', None, 2)
2026-06-01 03:54:55,423 [ERROR] serial_handler: Serial error: could not open port 'COM5': FileNotFoundError(2, 'The system cannot find the file specified.', None, 2)
2026-06-01 03:54:57,426 [ERROR] serial_handler: Serial error: could not open port 'COM5': FileNotFoundError(2, 'The system cannot find the file specified.', None, 2)
2026-06-01 03:54:59,429 [ERROR] serial_handler: Serial error: could not open port 'COM5': FileNotFoundError(2, 'The system cannot find the file specified.', None, 2)
2026-06-01 03:55:01,431 [ERROR] serial_handler: Serial error: could not open port 'COM5': FileNotFoundError(2, 'The system cannot find the file specified.', None, 2)
2026-06-01 03:55:03,433 [ERROR] serial_handler: Serial error: could not open port 'COM5': FileNotFoundError(2, 'The system cannot find the file specified.', None, 2)
2026-06-01 03:55:05,436 [ERROR] serial_handler: Serial error: could not open port 'COM5': FileNotFoundError(2, 'The system cannot find the file specified.', None, 2)
2026-06-01 03:55:07,438 [ERROR] serial_handler: Serial error: could not open port 'COM5': FileNotFoundError(2, 'The system cannot find the file specified.', None, 2)
2026-06-01 03:55:09,440 [ERROR] serial_handler: Serial error: could not open port 'COM5': FileNotFoundError(2, 'The system cannot find the file specified.', None, 2)
2026-06-01 03:55:11,442 [ERROR] serial_handler: Serial error: could not open port 'COM5': FileNotFoundError(2, 'The system cannot find the file specified.', None, 2)
2026-06-01 03:55:13,444 [ERROR] serial_handler: Serial error: could not open port 'COM5': FileNotFoundError(2, 'The system cannot find the file specified.', None, 2)
2026-06-01 03:55:15,446 [ERROR] serial_handler: Serial error: could not open port 'COM5': FileNotFoundError(2, 'The system cannot find the file specified.', None, 2)
2026-06-01 03:55:17,449 [ERROR] serial_handler: Serial error: could not open port 'COM5': FileNotFoundError(2, 'The system cannot find the file specified.', None, 2)
2026-06-01 03:55:19,451 [ERROR] serial_handler: Serial error: could not open port 'COM5': FileNotFoundError(2, 'The system cannot find the file specified.', None, 2)
2026-06-01 03:55:21,454 [ERROR] serial_handler: Serial error: could not open port 'COM5': FileNotFoundError(2, 'The system cannot find the file specified.', None, 2)
2026-06-01 03:55:23,456 [ERROR] serial_handler: Serial error: could not open port 'COM5': FileNotFoundError(2, 'The system cannot find the file specified.', None, 2)
2026-06-01 03:55:25,458 [ERROR] serial_handler: Serial error: could not open port 'COM5': FileNotFoundError(2, 'The system cannot find the file specified.', None, 2)
2026-06-01 03:55:27,460 [ERROR] serial_handler: Serial error: could not open port 'COM5': FileNotFoundError(2, 'The system cannot find the file specified.', None, 2)
2026-06-01 03:55:29,462 [ERROR] serial_handler: Serial error: could not open port 'COM5': FileNotFoundError(2, 'The system cannot find the file specified.', None, 2)
2026-06-01 03:55:31,464 [ERROR] serial_handler: Serial error: could not open port 'COM5': FileNotFoundError(2, 'The system cannot find the file specified.', None, 2)
2026-06-01 03:55:33,466 [ERROR] serial_handler: Serial error: could not open port 'COM5': FileNotFoundError(2, 'The system cannot find the file specified.', None, 2)
2026-06-01 03:55:35,469 [ERROR] serial_handler: Serial error: could not open port 'COM5': FileNotFoundError(2, 'The system cannot find the file specified.', None, 2)
2026-06-01 03:55:37,471 [ERROR] serial_handler: Serial error: could not open port 'COM5': FileNotFoundError(2, 'The system cannot find the file specified.', None, 2)
2026-06-01 03:55:39,473 [ERROR] serial_handler: Serial error: could not open port 'COM5': FileNotFoundError(2, 'The system cannot find the file specified.', None, 2)
2026-06-01 03:55:41,475 [ERROR] serial_handler: Serial error: could not open port 'COM5': FileNotFoundError(2, 'The system cannot find the file specified.', None, 2)
2026-06-01 03:55:43,477 [ERROR] serial_handler: Serial error: could not open port 'COM5': FileNotFoundError(2, 'The system cannot find the file specified.', None, 2)
2026-06-01 03:55:45,479 [ERROR] serial_handler: Serial error: could not open port 'COM5': FileNotFoundError(2, 'The system cannot find the file specified.', None, 2)
2026-06-01 03:55:47,481 [ERROR] serial_handler: Serial error: could not open port 'COM5': FileNotFoundError(2, 'The system cannot find the file specified.', None, 2)
2026-06-01 03:55:49,483 [ERROR] serial_handler: Serial error: could not open port 'COM5': FileNotFoundError(2, 'The system cannot find the file specified.', None, 2)
2026-06-01 03:55:51,485 [ERROR] serial_handler: Serial error: could not open port 'COM5': FileNotFoundError(2, 'The system cannot find the file specified.', None, 2)
2026-06-01 03:55:53,487 [ERROR] serial_handler: Serial error: could not open port 'COM5': FileNotFoundError(2, 'The system cannot find the file specified.', None, 2)
2026-06-01 03:55:55,488 [ERROR] serial_handler: Serial error: could not open port 'COM5': FileNotFoundError(2, 'The system cannot find the file specified.', None, 2)
2026-06-01 03:55:57,491 [ERROR] serial_handler: Serial error: could not open port 'COM5': FileNotFoundError(2, 'The system cannot find the file specified.', None, 2)
2026-06-01 03:55:59,494 [ERROR] serial_handler: Serial error: could not open port 'COM5': FileNotFoundError(2, 'The system cannot find the file specified.', None, 2)
2026-06-01 03:56:01,496 [ERROR] serial_handler: Serial error: could not open port 'COM5': FileNotFoundError(2, 'The system cannot find the file specified.', None, 2)
2026-06-01 03:56:03,498 [ERROR] serial_handler: Serial error: could not open port 'COM5': FileNotFoundError(2, 'The system cannot find the file specified.', None, 2)
2026-06-01 03:56:05,500 [ERROR] serial_handler: Serial error: could not open port 'COM5': FileNotFoundError(2, 'The system cannot find the file specified.', None, 2)
2026-06-01 03:56:07,502 [ERROR] serial_handler: Serial error: could not open port 'COM5': FileNotFoundError(2, 'The system cannot find the file specified.', None, 2)
2026-06-01 03:56:09,505 [ERROR] serial_handler: Serial error: could not open port 'COM5': FileNotFoundError(2, 'The system cannot find the file specified.', None, 2)
2026-06-01 03:56:11,507 [ERROR] serial_handler: Serial error: could not open port 'COM5': FileNotFoundError(2, 'The system cannot find the file specified.', None, 2)
2026-06-01 03:56:13,509 [ERROR] serial_handler: Serial error: could not open port 'COM5': FileNotFoundError(2, 'The system cannot find the file specified.', None, 2)
2026-06-01 03:56:15,511 [ERROR] serial_handler: Serial error: could not open port 'COM5': FileNotFoundError(2, 'The system cannot find the file specified.', None, 2)
2026-06-01 03:56:17,514 [ERROR] serial_handler: Serial error: could not open port 'COM5': FileNotFoundError(2, 'The system cannot find the file specified.', None, 2)
2026-06-01 03:56:19,516 [ERROR] serial_handler: Serial error: could not open port 'COM5': FileNotFoundError(2, 'The system cannot find the file specified.', None, 2)
2026-06-01 03:56:21,518 [ERROR] serial_handler: Serial error: could not open port 'COM5': FileNotFoundError(2, 'The system cannot find the file specified.', None, 2)
2026-06-01 03:56:23,521 [ERROR] serial_handler: Serial error: could not open port 'COM5': FileNotFoundError(2, 'The system cannot find the file specified.', None, 2)
2026-06-01 03:56:25,523 [ERROR] serial_handler: Serial error: could not open port 'COM5': FileNotFoundError(2, 'The system cannot find the file specified.', None, 2)
2026-06-01 03:56:27,525 [ERROR] serial_handler: Serial error: could not open port 'COM5': FileNotFoundError(2, 'The system cannot find the file specified.', None, 2)
2026-06-01 03:56:29,527 [ERROR] serial_handler: Serial error: could not open port 'COM5': FileNotFoundError(2, 'The system cannot find the file specified.', None, 2)
2026-06-01 03:56:31,529 [ERROR] serial_handler: Serial error: could not open port 'COM5': FileNotFoundError(2, 'The system cannot find the file specified.', None, 2)
2026-06-01 03:56:33,531 [ERROR] serial_handler: Serial error: could not open port 'COM5': FileNotFoundError(2, 'The system cannot find the file specified.', None, 2)
2026-06-01 03:56:35,532 [ERROR] serial_handler: Serial error: could not open port 'COM5': FileNotFoundError(2, 'The system cannot find the file specified.', None, 2)
2026-06-01 03:56:37,534 [ERROR] serial_handler: Serial error: could not open port 'COM5': FileNotFoundError(2, 'The system cannot find the file specified.', None, 2)
2026-06-01 03:56:39,536 [ERROR] serial_handler: Serial error: could not open port 'COM5': FileNotFoundError(2, 'The system cannot find the file specified.', None, 2)
2026-06-01 03:56:41,538 [ERROR] serial_handler: Serial error: could not open port 'COM5': FileNotFoundError(2, 'The system cannot find the file specified.', None, 2)
2026-06-01 03:56:43,540 [ERROR] serial_handler: Serial error: could not open port 'COM5': FileNotFoundError(2, 'The system cannot find the file specified.', None, 2)
2026-06-01 03:56:45,542 [ERROR] serial_handler: Serial error: could not open port 'COM5': FileNotFoundError(2, 'The system cannot find the file specified.', None, 2)
2026-06-01 03:56:47,544 [ERROR] serial_handler: Serial error: could not open port 'COM5': FileNotFoundError(2, 'The system cannot find the file specified.', None, 2)
2026-06-01 03:56:49,547 [ERROR] serial_handler: Serial error: could not open port 'COM5': FileNotFoundError(2, 'The system cannot find the file specified.', None, 2)
2026-06-01 03:56:51,549 [ERROR] serial_handler: Serial error: could not open port 'COM5': FileNotFoundError(2, 'The system cannot find the file specified.', None, 2)
2026-06-01 03:56:53,551 [ERROR] serial_handler: Serial error: could not open port 'COM5': FileNotFoundError(2, 'The system cannot find the file specified.', None, 2)
2026-06-01 03:56:55,554 [ERROR] serial_handler: Serial error: could not open port 'COM5': FileNotFoundError(2, 'The system cannot find the file specified.', None, 2)
2026-06-01 03:56:57,556 [ERROR] serial_handler: Serial error: could not open port 'COM5': FileNotFoundError(2, 'The system cannot find the file specified.', None, 2)
2026-06-01 03:56:59,558 [ERROR] serial_handler: Serial error: could not open port 'COM5': FileNotFoundError(2, 'The system cannot find the file specified.', None, 2)
2026-06-01 03:57:01,561 [ERROR] serial_handler: Serial error: could not open port 'COM5': FileNotFoundError(2, 'The system cannot find the file specified.', None, 2)
2026-06-01 03:57:03,563 [ERROR] serial_handler: Serial error: could not open port 'COM5': FileNotFoundError(2, 'The system cannot find the file specified.', None, 2)
2026-06-01 03:57:05,564 [ERROR] serial_handler: Serial error: could not open port 'COM5': FileNotFoundError(2, 'The system cannot find the file specified.', None, 2)
2026-06-01 03:57:07,566 [ERROR] serial_handler: Serial error: could not open port 'COM5': FileNotFoundError(2, 'The system cannot find the file specified.', None, 2)
2026-06-01 03:57:09,568 [ERROR] serial_handler: Serial error: could not open port 'COM5': FileNotFoundError(2, 'The system cannot find the file specified.', None, 2)
2026-06-01 03:57:11,570 [ERROR] serial_handler: Serial error: could not open port 'COM5': FileNotFoundError(2, 'The system cannot find the file specified.', None, 2)
2026-06-01 03:57:13,574 [ERROR] serial_handler: Serial error: could not open port 'COM5': FileNotFoundError(2, 'The system cannot find the file specified.', None, 2)
2026-06-01 03:57:15,576 [ERROR] serial_handler: Serial error: could not open port 'COM5': FileNotFoundError(2, 'The system cannot find the file specified.', None, 2)
2026-06-01 03:57:17,579 [ERROR] serial_handler: Serial error: could not open port 'COM5': FileNotFoundError(2, 'The system cannot find the file specified.', None, 2)
2026-06-01 03:57:19,582 [ERROR] serial_handler: Serial error: could not open port 'COM5': FileNotFoundError(2, 'The system cannot find the file specified.', None, 2)
2026-06-01 03:57:21,585 [ERROR] serial_handler: Serial error: could not open port 'COM5': FileNotFoundError(2, 'The system cannot find the file specified.', None, 2)
2026-06-01 03:57:23,587 [ERROR] serial_handler: Serial error: could not open port 'COM5': FileNotFoundError(2, 'The system cannot find the file specified.', None, 2)
2026-06-01 03:57:25,589 [ERROR] serial_handler: Serial error: could not open port 'COM5': FileNotFoundError(2, 'The system cannot find the file specified.', None, 2)
2026-06-01 03:57:27,592 [ERROR] serial_handler: Serial error: could not open port 'COM5': FileNotFoundError(2, 'The system cannot find the file specified.', None, 2)
2026-06-01 03:57:29,595 [ERROR] serial_handler: Serial error: could not open port 'COM5': FileNotFoundError(2, 'The system cannot find the file specified.', None, 2)
2026-06-01 03:57:31,597 [ERROR] serial_handler: Serial error: could not open port 'COM5': FileNotFoundError(2, 'The system cannot find the file specified.', None, 2)
2026-06-01 03:57:33,599 [ERROR] serial_handler: Serial error: could not open port 'COM5': FileNotFoundError(2, 'The system cannot find the file specified.', None, 2)
2026-06-01 03:57:35,601 [ERROR] serial_handler: Serial error: could not open port 'COM5': FileNotFoundError(2, 'The system cannot find the file specified.', None, 2)
2026-06-01 03:57:37,604 [ERROR] serial_handler: Serial error: could not open port 'COM5': FileNotFoundError(2, 'The system cannot find the file specified.', None, 2)
2026-06-01 03:57:39,606 [ERROR] serial_handler: Serial error: could not open port 'COM5': FileNotFoundError(2, 'The system cannot find the file specified.', None, 2)
2026-06-01 03:57:41,608 [ERROR] serial_handler: Serial error: could not open port 'COM5': FileNotFoundError(2, 'The system cannot find the file specified.', None, 2)
2026-06-01 03:57:43,611 [ERROR] serial_handler: Serial error: could not open port 'COM5': FileNotFoundError(2, 'The system cannot find the file specified.', None, 2)
2026-06-01 03:57:45,613 [ERROR] serial_handler: Serial error: could not open port 'COM5': FileNotFoundError(2, 'The system cannot find the file specified.', None, 2)
2026-06-01 03:57:47,615 [ERROR] serial_handler: Serial error: could not open port 'COM5': FileNotFoundError(2, 'The system cannot find the file specified.', None, 2)
2026-06-01 03:57:49,617 [ERROR] serial_handler: Serial error: could not open port 'COM5': FileNotFoundError(2, 'The system cannot find the file specified.', None, 2)
2026-06-01 03:57:51,619 [ERROR] serial_handler: Serial error: could not open port 'COM5': FileNotFoundError(2, 'The system cannot find the file specified.', None, 2)
2026-06-01 03:57:53,621 [ERROR] serial_handler: Serial error: could not open port 'COM5': FileNotFoundError(2, 'The system cannot find the file specified.', None, 2)
2026-06-01 03:57:55,623 [ERROR] serial_handler: Serial error: could not open port 'COM5': FileNotFoundError(2, 'The system cannot find the file specified.', None, 2)
2026-06-01 03:57:57,625 [ERROR] serial_handler: Serial error: could not open port 'COM5': FileNotFoundError(2, 'The system cannot find the file specified.', None, 2)
2026-06-01 03:57:59,626 [ERROR] serial_handler: Serial error: could not open port 'COM5': FileNotFoundError(2, 'The system cannot find the file specified.', None, 2)
2026-06-01 03:58:01,629 [ERROR] serial_handler: Serial error: could not open port 'COM5': FileNotFoundError(2, 'The system cannot find the file specified.', None, 2)
2026-06-01 04:38:56,256 [ERROR] serial_handler: Serial error: could not open port 'COM5': FileNotFoundError(2, 'The system cannot find the file specified.', None, 2)
2026-06-01 04:38:58,258 [ERROR] serial_handler: Serial error: could not open port 'COM5': FileNotFoundError(2, 'The system cannot find the file specified.', None, 2)
2026-06-01 04:39:00,264 [ERROR] serial_handler: Serial error: could not open port 'COM5': FileNotFoundError(2, 'The system cannot find the file specified.', None, 2)
2026-06-01 04:39:02,265 [ERROR] serial_handler: Serial error: could not open port 'COM5': FileNotFoundError(2, 'The system cannot find the file specified.', None, 2)
2026-06-01 04:39:04,266 [ERROR] serial_handler: Serial error: could not open port 'COM5': FileNotFoundError(2, 'The system cannot find the file specified.', None, 2)
2026-06-01 04:39:06,271 [ERROR] serial_handler: Serial error: could not open port 'COM5': FileNotFoundError(2, 'The system cannot find the file specified.', None, 2)
2026-06-01 04:39:08,273 [ERROR] serial_handler: Serial error: could not open port 'COM5': FileNotFoundError(2, 'The system cannot find the file specified.', None, 2)
2026-06-01 04:39:10,276 [ERROR] serial_handler: Serial error: could not open port 'COM5': FileNotFoundError(2, 'The system cannot find the file specified.', None, 2)
2026-06-01 04:39:12,278 [ERROR] serial_handler: Serial error: could not open port 'COM5': FileNotFoundError(2, 'The system cannot find the file specified.', None, 2)
2026-06-01 04:39:14,281 [ERROR] serial_handler: Serial error: could not open port 'COM5': FileNotFoundError(2, 'The system cannot find the file specified.', None, 2)
2026-06-01 04:39:16,284 [ERROR] serial_handler: Serial error: could not open port 'COM5': FileNotFoundError(2, 'The system cannot find the file specified.', None, 2)
2026-06-01 04:39:18,286 [ERROR] serial_handler: Serial error: could not open port 'COM5': FileNotFoundError(2, 'The system cannot find the file specified.', None, 2)
2026-06-01 04:39:20,288 [ERROR] serial_handler: Serial error: could not open port 'COM5': FileNotFoundError(2, 'The system cannot find the file specified.', None, 2)
2026-06-01 04:39:22,291 [ERROR] serial_handler: Serial error: could not open port 'COM5': FileNotFoundError(2, 'The system cannot find the file specified.', None, 2)
2026-06-01 04:39:24,294 [ERROR] serial_handler: Serial error: could not open port 'COM5': FileNotFoundError(2, 'The system cannot find the file specified.', None, 2)
2026-06-01 04:39:26,295 [ERROR] serial_handler: Serial error: could not open port 'COM5': FileNotFoundError(2, 'The system cannot find the file specified.', None, 2)
2026-06-01 04:39:28,297 [ERROR] serial_handler: Serial error: could not open port 'COM5': FileNotFoundError(2, 'The system cannot find the file specified.', None, 2)
2026-06-01 04:39:30,299 [ERROR] serial_handler: Serial error: could not open port 'COM5': FileNotFoundError(2, 'The system cannot find the file specified.', None, 2)
2026-06-01 04:39:32,302 [ERROR] serial_handler: Serial error: could not open port 'COM5': FileNotFoundError(2, 'The system cannot find the file specified.', None, 2)
2026-06-01 04:39:34,305 [ERROR] serial_handler: Serial error: could not open port 'COM5': FileNotFoundError(2, 'The system cannot find the file specified.', None, 2)
2026-06-01 04:39:36,306 [ERROR] serial_handler: Serial error: could not open port 'COM5': FileNotFoundError(2, 'The system cannot find the file specified.', None, 2)
2026-06-01 04:39:38,309 [ERROR] serial_handler: Serial error: could not open port 'COM5': FileNotFoundError(2, 'The system cannot find the file specified.', None, 2)
2026-06-01 04:39:40,311 [ERROR] serial_handler: Serial error: could not open port 'COM5': FileNotFoundError(2, 'The system cannot find the file specified.', None, 2)
2026-06-01 04:39:42,314 [ERROR] serial_handler: Serial error: could not open port 'COM5': FileNotFoundError(2, 'The system cannot find the file specified.', None, 2)
2026-06-01 04:39:44,315 [ERROR] serial_handler: Serial error: could not open port 'COM5': FileNotFoundError(2, 'The system cannot find the file specified.', None, 2)
2026-06-01 04:39:46,317 [ERROR] serial_handler: Serial error: could not open port 'COM5': FileNotFoundError(2, 'The system cannot find the file specified.', None, 2)
2026-06-01 04:39:48,320 [ERROR] serial_handler: Serial error: could not open port 'COM5': FileNotFoundError(2, 'The system cannot find the file specified.', None, 2)
2026-06-01 04:39:50,322 [ERROR] serial_handler: Serial error: could not open port 'COM5': FileNotFoundError(2, 'The system cannot find the file specified.', None, 2)
2026-06-01 04:39:52,325 [ERROR] serial_handler: Serial error: could not open port 'COM5': FileNotFoundError(2, 'The system cannot find the file specified.', None, 2)
2026-06-01 04:39:54,327 [ERROR] serial_handler: Serial error: could not open port 'COM5': FileNotFoundError(2, 'The system cannot find the file specified.', None, 2)
2026-06-01 04:39:56,329 [ERROR] serial_handler: Serial error: could not open port 'COM5': FileNotFoundError(2, 'The system cannot find the file specified.', None, 2)
2026-06-01 04:39:58,331 [ERROR] serial_handler: Serial error: could not open port 'COM5': FileNotFoundError(2, 'The system cannot find the file specified.', None, 2)
2026-06-01 04:40:00,333 [ERROR] serial_handler: Serial error: could not open port 'COM5': FileNotFoundError(2, 'The system cannot find the file specified.', None, 2)
2026-06-01 04:40:02,336 [ERROR] serial_handler: Serial error: could not open port 'COM5': FileNotFoundError(2, 'The system cannot find the file specified.', None, 2)
2026-06-01 04:40:04,338 [ERROR] serial_handler: Serial error: could not open port 'COM5': FileNotFoundError(2, 'The system cannot find the file specified.', None, 2)
2026-06-01 04:40:06,340 [ERROR] serial_handler: Serial error: could not open port 'COM5': FileNotFoundError(2, 'The system cannot find the file specified.', None, 2)
2026-06-01 04:40:08,342 [ERROR] serial_handler: Serial error: could not open port 'COM5': FileNotFoundError(2, 'The system cannot find the file specified.', None, 2)
2026-06-01 04:40:10,344 [ERROR] serial_handler: Serial error: could not open port 'COM5': FileNotFoundError(2, 'The system cannot find the file specified.', None, 2)
2026-06-01 04:40:12,347 [ERROR] serial_handler: Serial error: could not open port 'COM5': FileNotFoundError(2, 'The system cannot find the file specified.', None, 2)
2026-06-01 04:40:14,349 [ERROR] serial_handler: Serial error: could not open port 'COM5': FileNotFoundError(2, 'The system cannot find the file specified.', None, 2)
2026-06-01 04:40:16,351 [ERROR] serial_handler: Serial error: could not open port 'COM5': FileNotFoundError(2, 'The system cannot find the file specified.', None, 2)
2026-06-01 04:40:18,353 [ERROR] serial_handler: Serial error: could not open port 'COM5': FileNotFoundError(2, 'The system cannot find the file specified.', None, 2)
2026-06-01 04:40:20,356 [ERROR] serial_handler: Serial error: could not open port 'COM5': FileNotFoundError(2, 'The system cannot find the file specified.', None, 2)
2026-06-01 04:40:22,358 [ERROR] serial_handler: Serial error: could not open port 'COM5': FileNotFoundError(2, 'The system cannot find the file specified.', None, 2)
2026-06-01 04:40:24,360 [ERROR] serial_handler: Serial error: could not open port 'COM5': FileNotFoundError(2, 'The system cannot find the file specified.', None, 2)
2026-06-01 04:40:26,362 [ERROR] serial_handler: Serial error: could not open port 'COM5': FileNotFoundError(2, 'The system cannot find the file specified.', None, 2)
2026-06-01 04:40:28,364 [ERROR] serial_handler: Serial error: could not open port 'COM5': FileNotFoundError(2, 'The system cannot find the file specified.', None, 2)
2026-06-01 04:40:30,366 [ERROR] serial_handler: Serial error: could not open port 'COM5': FileNotFoundError(2, 'The system cannot find the file specified.', None, 2)
2026-06-01 04:40:32,368 [ERROR] serial_handler: Serial error: could not open port 'COM5': FileNotFoundError(2, 'The system cannot find the file specified.', None, 2)
2026-06-01 04:40:34,370 [ERROR] serial_handler: Serial error: could not open port 'COM5': FileNotFoundError(2, 'The system cannot find the file specified.', None, 2)
2026-06-01 04:40:36,373 [ERROR] serial_handler: Serial error: could not open port 'COM5': FileNotFoundError(2, 'The system cannot find the file specified.', None, 2)
2026-06-01 04:40:38,375 [ERROR] serial_handler: Serial error: could not open port 'COM5': FileNotFoundError(2, 'The system cannot find the file specified.', None, 2)
2026-06-01 04:40:40,377 [ERROR] serial_handler: Serial error: could not open port 'COM5': FileNotFoundError(2, 'The system cannot find the file specified.', None, 2)
2026-06-01 04:40:42,379 [ERROR] serial_handler: Serial error: could not open port 'COM5': FileNotFoundError(2, 'The system cannot find the file specified.', None, 2)
2026-06-01 04:40:44,381 [ERROR] serial_handler: Serial error: could not open port 'COM5': FileNotFoundError(2, 'The system cannot find the file specified.', None, 2)
2026-06-01 04:40:46,384 [ERROR] serial_handler: Serial error: could not open port 'COM5': FileNotFoundError(2, 'The system cannot find the file specified.', None, 2)
2026-06-01 04:40:48,386 [ERROR] serial_handler: Serial error: could not open port 'COM5': FileNotFoundError(2, 'The system cannot find the file specified.', None, 2)
2026-06-01 04:40:50,388 [ERROR] serial_handler: Serial error: could not open port 'COM5': FileNotFoundError(2, 'The system cannot find the file specified.', None, 2)
2026-06-01 04:40:52,391 [ERROR] serial_handler: Serial error: could not open port 'COM5': FileNotFoundError(2, 'The system cannot find the file specified.', None, 2)
2026-06-01 04:40:54,394 [ERROR] serial_handler: Serial error: could not open port 'COM5': FileNotFoundError(2, 'The system cannot find the file specified.', None, 2)
2026-06-01 04:40:56,397 [ERROR] serial_handler: Serial error: could not open port 'COM5': FileNotFoundError(2, 'The system cannot find the file specified.', None, 2)
2026-06-01 04:40:58,399 [ERROR] serial_handler: Serial error: could not open port 'COM5': FileNotFoundError(2, 'The system cannot find the file specified.', None, 2)
2026-06-01 04:41:00,401 [ERROR] serial_handler: Serial error: could not open port 'COM5': FileNotFoundError(2, 'The system cannot find the file specified.', None, 2)
2026-06-01 04:41:02,403 [ERROR] serial_handler: Serial error: could not open port 'COM5': FileNotFoundError(2, 'The system cannot find the file specified.', None, 2)
2026-06-01 04:41:04,405 [ERROR] serial_handler: Serial error: could not open port 'COM5': FileNotFoundError(2, 'The system cannot find the file specified.', None, 2)
2026-06-01 04:41:06,407 [ERROR] serial_handler: Serial error: could not open port 'COM5': FileNotFoundError(2, 'The system cannot find the file specified.', None, 2)
2026-06-01 04:41:08,409 [ERROR] serial_handler: Serial error: could not open port 'COM5': FileNotFoundError(2, 'The system cannot find the file specified.', None, 2)
2026-06-01 04:41:10,412 [ERROR] serial_handler: Serial error: could not open port 'COM5': FileNotFoundError(2, 'The system cannot find the file specified.', None, 2)
2026-06-01 04:41:12,414 [ERROR] serial_handler: Serial error: could not open port 'COM5': FileNotFoundError(2, 'The system cannot find the file specified.', None, 2)
2026-06-01 04:41:14,416 [ERROR] serial_handler: Serial error: could not open port 'COM5': FileNotFoundError(2, 'The system cannot find the file specified.', None, 2)
2026-06-01 04:41:16,419 [ERROR] serial_handler: Serial error: could not open port 'COM5': FileNotFoundError(2, 'The system cannot find the file specified.', None, 2)
2026-06-01 04:41:18,421 [ERROR] serial_handler: Serial error: could not open port 'COM5': FileNotFoundError(2, 'The system cannot find the file specified.', None, 2)
2026-06-01 04:41:20,423 [ERROR] serial_handler: Serial error: could not open port 'COM5': FileNotFoundError(2, 'The system cannot find the file specified.', None, 2)
2026-06-01 04:41:22,425 [ERROR] serial_handler: Serial error: could not open port 'COM5': FileNotFoundError(2, 'The system cannot find the file specified.', None, 2)
2026-06-01 04:41:24,428 [ERROR] serial_handler: Serial error: could not open port 'COM5': FileNotFoundError(2, 'The system cannot find the file specified.', None, 2)
2026-06-01 04:41:26,429 [ERROR] serial_handler: Serial error: could not open port 'COM5': FileNotFoundError(2, 'The system cannot find the file specified.', None, 2)
2026-06-01 04:41:28,432 [ERROR] serial_handler: Serial error: could not open port 'COM5': FileNotFoundError(2, 'The system cannot find the file specified.', None, 2)
2026-06-01 04:41:30,434 [ERROR] serial_handler: Serial error: could not open port 'COM5': FileNotFoundError(2, 'The system cannot find the file specified.', None, 2)
2026-06-01 04:41:32,436 [ERROR] serial_handler: Serial error: could not open port 'COM5': FileNotFoundError(2, 'The system cannot find the file specified.', None, 2)
2026-06-01 04:41:34,439 [ERROR] serial_handler: Serial error: could not open port 'COM5': FileNotFoundError(2, 'The system cannot find the file specified.', None, 2)
2026-06-01 04:41:36,441 [ERROR] serial_handler: Serial error: could not open port 'COM5': FileNotFoundError(2, 'The system cannot find the file specified.', None, 2)
2026-06-01 04:41:38,443 [ERROR] serial_handler: Serial error: could not open port 'COM5': FileNotFoundError(2, 'The system cannot find the file specified.', None, 2)
2026-06-01 04:41:40,445 [ERROR] serial_handler: Serial error: could not open port 'COM5': FileNotFoundError(2, 'The system cannot find the file specified.', None, 2)
2026-06-01 04:41:42,448 [ERROR] serial_handler: Serial error: could not open port 'COM5': FileNotFoundError(2, 'The system cannot find the file specified.', None, 2)
2026-06-01 04:41:44,450 [ERROR] serial_handler: Serial error: could not open port 'COM5': FileNotFoundError(2, 'The system cannot find the file specified.', None, 2)
2026-06-01 04:41:46,453 [ERROR] serial_handler: Serial error: could not open port 'COM5': FileNotFoundError(2, 'The system cannot find the file specified.', None, 2)
2026-06-01 04:41:48,455 [ERROR] serial_handler: Serial error: could not open port 'COM5': FileNotFoundError(2, 'The system cannot find the file specified.', None, 2)
2026-06-01 04:41:50,457 [ERROR] serial_handler: Serial error: could not open port 'COM5': FileNotFoundError(2, 'The system cannot find the file specified.', None, 2)
2026-06-01 04:41:52,459 [ERROR] serial_handler: Serial error: could not open port 'COM5': FileNotFoundError(2, 'The system cannot find the file specified.', None, 2)
2026-06-01 04:41:54,461 [ERROR] serial_handler: Serial error: could not open port 'COM5': FileNotFoundError(2, 'The system cannot find the file specified.', None, 2)
2026-06-01 04:41:56,463 [ERROR] serial_handler: Serial error: could not open port 'COM5': FileNotFoundError(2, 'The system cannot find the file specified.', None, 2)
2026-06-01 04:41:58,465 [ERROR] serial_handler: Serial error: could not open port 'COM5': FileNotFoundError(2, 'The system cannot find the file specified.', None, 2)
2026-06-01 04:42:00,468 [ERROR] serial_handler: Serial error: could not open port 'COM5': FileNotFoundError(2, 'The system cannot find the file specified.', None, 2)
2026-06-01 04:42:02,470 [ERROR] serial_handler: Serial error: could not open port 'COM5': FileNotFoundError(2, 'The system cannot find the file specified.', None, 2)
2026-06-01 04:42:04,472 [ERROR] serial_handler: Serial error: could not open port 'COM5': FileNotFoundError(2, 'The system cannot find the file specified.', None, 2)
2026-06-01 04:42:25,357 [ERROR] serial_handler: Serial error: could not open port 'COM5': FileNotFoundError(2, 'The system cannot find the file specified.', None, 2)
2026-06-01 04:42:27,358 [ERROR] serial_handler: Serial error: could not open port 'COM5': FileNotFoundError(2, 'The system cannot find the file specified.', None, 2)
2026-06-01 04:42:29,360 [ERROR] serial_handler: Serial error: could not open port 'COM5': FileNotFoundError(2, 'The system cannot find the file specified.', None, 2)
2026-06-01 04:42:31,365 [ERROR] serial_handler: Serial error: could not open port 'COM5': FileNotFoundError(2, 'The system cannot find the file specified.', None, 2)
2026-06-01 04:42:33,368 [ERROR] serial_handler: Serial error: could not open port 'COM5': FileNotFoundError(2, 'The system cannot find the file specified.', None, 2)
2026-06-01 04:42:35,373 [ERROR] serial_handler: Serial error: could not open port 'COM5': FileNotFoundError(2, 'The system cannot find the file specified.', None, 2)
2026-06-01 04:42:37,375 [ERROR] serial_handler: Serial error: could not open port 'COM5': FileNotFoundError(2, 'The system cannot find the file specified.', None, 2)
2026-06-01 04:42:39,377 [ERROR] serial_handler: Serial error: could not open port 'COM5': FileNotFoundError(2, 'The system cannot find the file specified.', None, 2)
2026-06-01 04:42:41,380 [ERROR] serial_handler: Serial error: could not open port 'COM5': FileNotFoundError(2, 'The system cannot find the file specified.', None, 2)
2026-06-01 04:42:43,382 [ERROR] serial_handler: Serial error: could not open port 'COM5': FileNotFoundError(2, 'The system cannot find the file specified.', None, 2)
2026-06-01 04:42:45,383 [ERROR] serial_handler: Serial error: could not open port 'COM5': FileNotFoundError(2, 'The system cannot find the file specified.', None, 2)
2026-06-01 04:42:47,386 [ERROR] serial_handler: Serial error: could not open port 'COM5': FileNotFoundError(2, 'The system cannot find the file specified.', None, 2)
2026-06-01 04:42:49,388 [ERROR] serial_handler: Serial error: could not open port 'COM5': FileNotFoundError(2, 'The system cannot find the file specified.', None, 2)
2026-06-01 04:42:51,389 [ERROR] serial_handler: Serial error: could not open port 'COM5': FileNotFoundError(2, 'The system cannot find the file specified.', None, 2)
2026-06-01 04:42:53,391 [ERROR] serial_handler: Serial error: could not open port 'COM5': FileNotFoundError(2, 'The system cannot find the file specified.', None, 2)
2026-06-01 04:42:55,394 [ERROR] serial_handler: Serial error: could not open port 'COM5': FileNotFoundError(2, 'The system cannot find the file specified.', None, 2)
2026-06-01 04:42:57,395 [ERROR] serial_handler: Serial error: could not open port 'COM5': FileNotFoundError(2, 'The system cannot find the file specified.', None, 2)
2026-06-01 04:42:59,397 [ERROR] serial_handler: Serial error: could not open port 'COM5': FileNotFoundError(2, 'The system cannot find the file specified.', None, 2)
2026-06-01 04:43:01,400 [ERROR] serial_handler: Serial error: could not open port 'COM5': FileNotFoundError(2, 'The system cannot find the file specified.', None, 2)
2026-06-01 04:43:03,402 [ERROR] serial_handler: Serial error: could not open port 'COM5': FileNotFoundError(2, 'The system cannot find the file specified.', None, 2)
2026-06-01 04:43:05,403 [ERROR] serial_handler: Serial error: could not open port 'COM5': FileNotFoundError(2, 'The system cannot find the file specified.', None, 2)
2026-06-01 04:43:07,405 [ERROR] serial_handler: Serial error: could not open port 'COM5': FileNotFoundError(2, 'The system cannot find the file specified.', None, 2)
2026-06-01 04:43:09,408 [ERROR] serial_handler: Serial error: could not open port 'COM5': FileNotFoundError(2, 'The system cannot find the file specified.', None, 2)
2026-06-01 04:43:11,409 [ERROR] serial_handler: Serial error: could not open port 'COM5': FileNotFoundError(2, 'The system cannot find the file specified.', None, 2)
2026-06-01 04:43:13,411 [ERROR] serial_handler: Serial error: could not open port 'COM5': FileNotFoundError(2, 'The system cannot find the file specified.', None, 2)
2026-06-01 04:43:15,413 [ERROR] serial_handler: Serial error: could not open port 'COM5': FileNotFoundError(2, 'The system cannot find the file specified.', None, 2)
2026-06-01 04:43:17,415 [ERROR] serial_handler: Serial error: could not open port 'COM5': FileNotFoundError(2, 'The system cannot find the file specified.', None, 2)
2026-06-01 04:43:19,417 [ERROR] serial_handler: Serial error: could not open port 'COM5': FileNotFoundError(2, 'The system cannot find the file specified.', None, 2)
2026-06-01 04:43:21,419 [ERROR] serial_handler: Serial error: could not open port 'COM5': FileNotFoundError(2, 'The system cannot find the file specified.', None, 2)
2026-06-01 04:43:23,421 [ERROR] serial_handler: Serial error: could not open port 'COM5': FileNotFoundError(2, 'The system cannot find the file specified.', None, 2)
2026-06-01 04:43:25,424 [ERROR] serial_handler: Serial error: could not open port 'COM5': FileNotFoundError(2, 'The system cannot find the file specified.', None, 2)
2026-06-01 04:43:27,426 [ERROR] serial_handler: Serial error: could not open port 'COM5': FileNotFoundError(2, 'The system cannot find the file specified.', None, 2)
2026-06-01 04:43:29,428 [ERROR] serial_handler: Serial error: could not open port 'COM5': FileNotFoundError(2, 'The system cannot find the file specified.', None, 2)
2026-06-01 04:43:31,430 [ERROR] serial_handler: Serial error: could not open port 'COM5': FileNotFoundError(2, 'The system cannot find the file specified.', None, 2)
2026-06-01 04:43:33,432 [ERROR] serial_handler: Serial error: could not open port 'COM5': FileNotFoundError(2, 'The system cannot find the file specified.', None, 2)
2026-06-01 04:43:35,434 [ERROR] serial_handler: Serial error: could not open port 'COM5': FileNotFoundError(2, 'The system cannot find the file specified.', None, 2)
2026-06-01 04:43:37,437 [ERROR] serial_handler: Serial error: could not open port 'COM5': FileNotFoundError(2, 'The system cannot find the file specified.', None, 2)
2026-06-01 04:43:39,438 [ERROR] serial_handler: Serial error: could not open port 'COM5': FileNotFoundError(2, 'The system cannot find the file specified.', None, 2)
2026-06-01 04:43:41,440 [ERROR] serial_handler: Serial error: could not open port 'COM5': FileNotFoundError(2, 'The system cannot find the file specified.', None, 2)
2026-06-01 04:43:43,441 [ERROR] serial_handler: Serial error: could not open port 'COM5': FileNotFoundError(2, 'The system cannot find the file specified.', None, 2)
2026-06-01 04:43:45,444 [ERROR] serial_handler: Serial error: could not open port 'COM5': FileNotFoundError(2, 'The system cannot find the file specified.', None, 2)
2026-06-01 04:43:47,446 [ERROR] serial_handler: Serial error: could not open port 'COM5': FileNotFoundError(2, 'The system cannot find the file specified.', None, 2)
2026-06-01 04:43:49,448 [ERROR] serial_handler: Serial error: could not open port 'COM5': FileNotFoundError(2, 'The system cannot find the file specified.', None, 2)
2026-06-01 04:43:51,450 [ERROR] serial_handler: Serial error: could not open port 'COM5': FileNotFoundError(2, 'The system cannot find the file specified.', None, 2)
2026-06-01 04:43:53,452 [ERROR] serial_handler: Serial error: could not open port 'COM5': FileNotFoundError(2, 'The system cannot find the file specified.', None, 2)
2026-06-01 04:43:55,454 [ERROR] serial_handler: Serial error: could not open port 'COM5': FileNotFoundError(2, 'The system cannot find the file specified.', None, 2)
2026-06-01 04:43:57,456 [ERROR] serial_handler: Serial error: could not open port 'COM5': FileNotFoundError(2, 'The system cannot find the file specified.', None, 2)
2026-06-01 04:43:59,459 [ERROR] serial_handler: Serial error: could not open port 'COM5': FileNotFoundError(2, 'The system cannot find the file specified.', None, 2)
2026-06-01 04:44:01,461 [ERROR] serial_handler: Serial error: could not open port 'COM5': FileNotFoundError(2, 'The system cannot find the file specified.', None, 2)
2026-06-01 04:44:03,463 [ERROR] serial_handler: Serial error: could not open port 'COM5': FileNotFoundError(2, 'The system cannot find the file specified.', None, 2)
2026-06-01 04:44:05,465 [ERROR] serial_handler: Serial error: could not open port 'COM5': FileNotFoundError(2, 'The system cannot find the file specified.', None, 2)
2026-06-01 04:44:07,467 [ERROR] serial_handler: Serial error: could not open port 'COM5': FileNotFoundError(2, 'The system cannot find the file specified.', None, 2)
2026-06-01 04:44:09,470 [ERROR] serial_handler: Serial error: could not open port 'COM5': FileNotFoundError(2, 'The system cannot find the file specified.', None, 2)
2026-06-01 04:44:11,472 [ERROR] serial_handler: Serial error: could not open port 'COM5': FileNotFoundError(2, 'The system cannot find the file specified.', None, 2)
2026-06-01 04:44:13,474 [ERROR] serial_handler: Serial error: could not open port 'COM5': FileNotFoundError(2, 'The system cannot find the file specified.', None, 2)
2026-06-01 04:44:15,476 [ERROR] serial_handler: Serial error: could not open port 'COM5': FileNotFoundError(2, 'The system cannot find the file specified.', None, 2)
2026-06-01 04:44:17,533 [INFO] serial_handler: Serial port COM5 opened at 9600 baud
2026-06-01 04:44:36,869 [INFO] __main__: Shutting down...
2026-06-01 04:44:48,480 [INFO] logger: DataLogger initialised. CSV: logs\telemetry_20260601_044448.csv | Raw: logs\raw_20260601_044448.txt
2026-06-01 04:44:48,482 [INFO] __main__: SerialWorker started on COM5
2026-06-01 04:44:48,669 [INFO] serial_handler: Serial port COM5 opened at 9600 baud
2026-06-01 04:45:46,755 [INFO] __main__: TX: CMD,1059,CX,ON
2026-06-01 04:45:46,755 [DEBUG] serial_handler: TX queued: CMD,1059,CX,ON
2026-06-01 04:45:46,844 [INFO] serial_handler: TX sent: CMD,1059,CX,ON
2026-06-01 04:46:09,679 [INFO] __main__: TX: CMD,1059,ST,03:46:09
2026-06-01 04:46:09,679 [DEBUG] serial_handler: TX queued: CMD,1059,ST,03:46:09
2026-06-01 04:46:09,679 [INFO] dashboard: SET UTC sent: 03:46:09
2026-06-01 04:46:10,176 [INFO] serial_handler: TX sent: CMD,1059,ST,03:46:09
2026-06-01 04:46:12,339 [INFO] __main__: TX: CMD,1059,CAL
2026-06-01 04:46:12,339 [DEBUG] serial_handler: TX queued: CMD,1059,CAL
2026-06-01 04:46:13,182 [INFO] serial_handler: TX sent: CMD,1059,CAL
2026-06-01 04:46:14,766 [INFO] __main__: TX: CMD,1059,ST,03:46:14
2026-06-01 04:46:14,766 [DEBUG] serial_handler: TX queued: CMD,1059,ST,03:46:14
2026-06-01 04:46:14,766 [INFO] dashboard: SET UTC sent: 03:46:14
2026-06-01 04:46:15,187 [INFO] serial_handler: TX sent: CMD,1059,ST,03:46:14
2026-06-01 04:47:12,047 [INFO] __main__: TX: CMD,1059,CX,OFF
2026-06-01 04:47:12,049 [DEBUG] serial_handler: TX queued: CMD,1059,CX,OFF
2026-06-01 04:47:12,182 [INFO] serial_handler: TX sent: CMD,1059,CX,OFF
2026-06-01 04:47:14,982 [INFO] __main__: TX: CMD,1059,CX,ON
2026-06-01 04:47:14,982 [DEBUG] serial_handler: TX queued: CMD,1059,CX,ON
2026-06-01 04:47:16,199 [INFO] serial_handler: TX sent: CMD,1059,CX,ON
2026-06-01 04:47:24,405 [INFO] __main__: TX: CMD,1059,SIM,ENABLE
2026-06-01 04:47:24,405 [DEBUG] serial_handler: TX queued: CMD,1059,SIM,ENABLE
2026-06-01 04:47:24,405 [INFO] __main__: TX: CMD,1059,SIM,ENABLE
2026-06-01 04:47:24,405 [DEBUG] serial_handler: TX queued: CMD,1059,SIM,ENABLE
2026-06-01 04:47:24,538 [INFO] serial_handler: TX sent: CMD,1059,SIM,ENABLE
2026-06-01 04:47:24,538 [INFO] serial_handler: TX sent: CMD,1059,SIM,ENABLE
2026-06-01 04:47:31,773 [INFO] __main__: TX: CMD,1059,SIM,DISABLE
2026-06-01 04:47:31,773 [DEBUG] serial_handler: TX queued: CMD,1059,SIM,DISABLE
2026-06-01 04:47:31,773 [INFO] __main__: TX: CMD,1059,SIM,DISABLE
2026-06-01 04:47:31,773 [DEBUG] serial_handler: TX queued: CMD,1059,SIM,DISABLE
2026-06-01 04:47:32,539 [INFO] serial_handler: TX sent: CMD,1059,SIM,DISABLE
2026-06-01 04:47:32,539 [INFO] serial_handler: TX sent: CMD,1059,SIM,DISABLE
2026-06-01 04:47:32,906 [INFO] __main__: TX: CMD,1059,SIM,ENABLE
2026-06-01 04:47:32,906 [DEBUG] serial_handler: TX queued: CMD,1059,SIM,ENABLE
2026-06-01 04:47:32,908 [INFO] __main__: TX: CMD,1059,SIM,ENABLE
2026-06-01 04:47:32,908 [DEBUG] serial_handler: TX queued: CMD,1059,SIM,ENABLE
2026-06-01 04:47:33,536 [INFO] serial_handler: TX sent: CMD,1059,SIM,ENABLE
2026-06-01 04:47:33,536 [INFO] serial_handler: TX sent: CMD,1059,SIM,ENABLE
2026-06-01 04:48:17,024 [INFO] __main__: Shutting down...
2026-06-01 04:48:17,656 [INFO] logger: CSV log closed. 147 packets written.
2026-06-01 04:49:52,434 [INFO] logger: DataLogger initialised. CSV: logs\telemetry_20260601_044952.csv | Raw: logs\raw_20260601_044952.txt
2026-06-01 04:49:52,442 [INFO] __main__: SerialWorker started on COM5
2026-06-01 04:49:52,652 [INFO] serial_handler: Serial port COM5 opened at 9600 baud
2026-06-01 04:49:55,413 [INFO] __main__: TX: CMD,1059,CX,ON
2026-06-01 04:49:55,413 [DEBUG] serial_handler: TX queued: CMD,1059,CX,ON
2026-06-01 04:49:56,668 [INFO] serial_handler: TX sent: CMD,1059,CX,ON
2026-06-01 04:49:59,277 [INFO] __main__: TX: CMD,1059,CX,OFF
2026-06-01 04:49:59,277 [DEBUG] serial_handler: TX queued: CMD,1059,CX,OFF
2026-06-01 04:50:00,700 [INFO] serial_handler: TX sent: CMD,1059,CX,OFF
2026-06-01 04:50:17,485 [INFO] __main__: TX: CMD,1059,CX,ON
2026-06-01 04:50:17,485 [DEBUG] serial_handler: TX queued: CMD,1059,CX,ON
2026-06-01 04:50:18,728 [INFO] serial_handler: TX sent: CMD,1059,CX,ON
2026-06-01 04:50:26,717 [INFO] __main__: TX: CMD,1059,ST,03:50:26
2026-06-01 04:50:26,717 [DEBUG] serial_handler: TX queued: CMD,1059,ST,03:50:26
2026-06-01 04:50:26,717 [INFO] dashboard: SET UTC sent: 03:50:26
2026-06-01 04:50:27,063 [INFO] serial_handler: TX sent: CMD,1059,ST,03:50:26
2026-06-01 04:50:29,444 [INFO] __main__: TX: CMD,1059,CAL
2026-06-01 04:50:29,444 [DEBUG] serial_handler: TX queued: CMD,1059,CAL
2026-06-01 04:50:30,063 [INFO] serial_handler: TX sent: CMD,1059,CAL
2026-06-01 04:50:31,231 [INFO] __main__: TX: CMD,1059,CAL
2026-06-01 04:50:31,231 [DEBUG] serial_handler: TX queued: CMD,1059,CAL
2026-06-01 04:50:32,064 [INFO] serial_handler: TX sent: CMD,1059,CAL
2026-06-01 04:50:35,024 [INFO] __main__: TX: CMD,1059,MEC,1000,ON
2026-06-01 04:50:35,024 [DEBUG] serial_handler: TX queued: CMD,1059,MEC,1000,ON
2026-06-01 04:50:35,050 [INFO] serial_handler: TX sent: CMD,1059,MEC,1000,ON
2026-06-01 04:50:36,682 [INFO] __main__: TX: CMD,1059,MEC,1000,OFF
2026-06-01 04:50:36,682 [DEBUG] serial_handler: TX queued: CMD,1059,MEC,1000,OFF
2026-06-01 04:50:37,045 [INFO] serial_handler: TX sent: CMD,1059,MEC,1000,OFF
2026-06-01 04:50:37,667 [INFO] __main__: TX: CMD,1059,MEC,0200,ON
2026-06-01 04:50:37,667 [DEBUG] serial_handler: TX queued: CMD,1059,MEC,0200,ON
2026-06-01 04:50:38,064 [INFO] serial_handler: TX sent: CMD,1059,MEC,0200,ON
2026-06-01 04:50:38,733 [INFO] __main__: TX: CMD,1059,MEC,0200,OFF
2026-06-01 04:50:38,733 [DEBUG] serial_handler: TX queued: CMD,1059,MEC,0200,OFF
2026-06-01 04:50:39,060 [INFO] serial_handler: TX sent: CMD,1059,MEC,0200,OFF
2026-06-01 04:50:39,780 [INFO] __main__: TX: CMD,1059,MEC,0030,ON
2026-06-01 04:50:39,780 [DEBUG] serial_handler: TX queued: CMD,1059,MEC,0030,ON
2026-06-01 04:50:40,069 [INFO] serial_handler: TX sent: CMD,1059,MEC,0030,ON
2026-06-01 04:50:40,816 [INFO] __main__: TX: CMD,1059,MEC,0030,OFF
2026-06-01 04:50:40,816 [DEBUG] serial_handler: TX queued: CMD,1059,MEC,0030,OFF
2026-06-01 04:50:41,060 [INFO] serial_handler: TX sent: CMD,1059,MEC,0030,OFF
2026-06-01 04:50:42,049 [INFO] __main__: TX: CMD,1059,MEC,0004,ON
2026-06-01 04:50:42,049 [DEBUG] serial_handler: TX queued: CMD,1059,MEC,0004,ON
2026-06-01 04:50:42,070 [INFO] serial_handler: TX sent: CMD,1059,MEC,0004,ON
2026-06-01 04:50:43,844 [INFO] __main__: TX: CMD,1059,MEC,0004,OFF
2026-06-01 04:50:43,844 [DEBUG] serial_handler: TX queued: CMD,1059,MEC,0004,OFF
2026-06-01 04:50:44,067 [INFO] serial_handler: TX sent: CMD,1059,MEC,0004,OFF
2026-06-01 04:50:45,010 [INFO] __main__: TX: CMD,1059,MEC,0004,ON
2026-06-01 04:50:45,010 [DEBUG] serial_handler: TX queued: CMD,1059,MEC,0004,ON
2026-06-01 04:50:45,064 [INFO] serial_handler: TX sent: CMD,1059,MEC,0004,ON
2026-06-01 04:50:46,232 [INFO] __main__: TX: CMD,1059,MEC,0004,OFF
2026-06-01 04:50:46,232 [DEBUG] serial_handler: TX queued: CMD,1059,MEC,0004,OFF
2026-06-01 04:50:47,060 [INFO] serial_handler: TX sent: CMD,1059,MEC,0004,OFF
2026-06-01 04:50:47,267 [INFO] __main__: TX: CMD,1059,MEC,0004,ON
2026-06-01 04:50:47,267 [DEBUG] serial_handler: TX queued: CMD,1059,MEC,0004,ON
2026-06-01 04:50:48,058 [INFO] serial_handler: TX sent: CMD,1059,MEC,0004,ON
2026-06-01 04:50:48,764 [INFO] __main__: TX: CMD,1059,MEC,0004,OFF
2026-06-01 04:50:48,764 [DEBUG] serial_handler: TX queued: CMD,1059,MEC,0004,OFF
2026-06-01 04:50:49,066 [INFO] serial_handler: TX sent: CMD,1059,MEC,0004,OFF
2026-06-01 04:50:50,312 [INFO] __main__: TX: CMD,1059,MEC,0030,ON
2026-06-01 04:50:50,312 [DEBUG] serial_handler: TX queued: CMD,1059,MEC,0030,ON
2026-06-01 04:50:51,071 [INFO] serial_handler: TX sent: CMD,1059,MEC,0030,ON
2026-06-01 04:50:52,350 [INFO] __main__: TX: CMD,1059,MEC,0004,ON
2026-06-01 04:50:52,350 [DEBUG] serial_handler: TX queued: CMD,1059,MEC,0004,ON
2026-06-01 04:50:53,059 [INFO] serial_handler: TX sent: CMD,1059,MEC,0004,ON
2026-06-01 04:50:53,474 [INFO] __main__: TX: CMD,1059,MEC,0030,OFF
2026-06-01 04:50:53,474 [DEBUG] serial_handler: TX queued: CMD,1059,MEC,0030,OFF
2026-06-01 04:50:54,061 [INFO] serial_handler: TX sent: CMD,1059,MEC,0030,OFF
2026-06-01 04:50:55,231 [INFO] __main__: TX: CMD,1059,MEC,0004,OFF
2026-06-01 04:50:55,231 [DEBUG] serial_handler: TX queued: CMD,1059,MEC,0004,OFF
2026-06-01 04:50:56,056 [INFO] serial_handler: TX sent: CMD,1059,MEC,0004,OFF
2026-06-01 04:50:58,957 [INFO] __main__: TX: CMD,1059,MEC,0004,ON
2026-06-01 04:50:58,957 [DEBUG] serial_handler: TX queued: CMD,1059,MEC,0004,ON
2026-06-01 04:50:59,072 [INFO] serial_handler: TX sent: CMD,1059,MEC,0004,ON
2026-06-01 04:51:03,010 [INFO] __main__: TX: CMD,1059,MEC,0004,OFF
2026-06-01 04:51:03,010 [DEBUG] serial_handler: TX queued: CMD,1059,MEC,0004,OFF
2026-06-01 04:51:03,058 [INFO] serial_handler: TX sent: CMD,1059,MEC,0004,OFF
2026-06-01 04:51:04,826 [INFO] __main__: TX: CMD,1059,MEC,0004,ON
2026-06-01 04:51:04,826 [DEBUG] serial_handler: TX queued: CMD,1059,MEC,0004,ON
2026-06-01 04:51:05,059 [INFO] serial_handler: TX sent: CMD,1059,MEC,0004,ON
2026-06-01 04:51:06,395 [INFO] __main__: TX: CMD,1059,MEC,0004,OFF
2026-06-01 04:51:06,395 [DEBUG] serial_handler: TX queued: CMD,1059,MEC,0004,OFF
2026-06-01 04:51:07,060 [INFO] serial_handler: TX sent: CMD,1059,MEC,0004,OFF
2026-06-01 04:51:08,236 [INFO] __main__: TX: CMD,1059,MEC,0004,ON
2026-06-01 04:51:08,236 [DEBUG] serial_handler: TX queued: CMD,1059,MEC,0004,ON
2026-06-01 04:51:09,062 [INFO] serial_handler: TX sent: CMD,1059,MEC,0004,ON
2026-06-01 04:51:10,314 [INFO] __main__: TX: CMD,1059,MEC,0004,OFF
2026-06-01 04:51:10,314 [DEBUG] serial_handler: TX queued: CMD,1059,MEC,0004,OFF
2026-06-01 04:51:11,063 [INFO] serial_handler: TX sent: CMD,1059,MEC,0004,OFF
2026-06-01 04:51:12,241 [INFO] __main__: TX: CMD,1059,MEC,0004,ON
2026-06-01 04:51:12,241 [DEBUG] serial_handler: TX queued: CMD,1059,MEC,0004,ON
2026-06-01 04:51:13,062 [INFO] serial_handler: TX sent: CMD,1059,MEC,0004,ON
2026-06-01 04:51:14,245 [INFO] __main__: TX: CMD,1059,MEC,0004,OFF
2026-06-01 04:51:14,245 [DEBUG] serial_handler: TX queued: CMD,1059,MEC,0004,OFF
2026-06-01 04:51:15,065 [INFO] serial_handler: TX sent: CMD,1059,MEC,0004,OFF
2026-06-01 04:51:16,026 [INFO] __main__: TX: CMD,1059,MEC,0004,ON
2026-06-01 04:51:16,026 [DEBUG] serial_handler: TX queued: CMD,1059,MEC,0004,ON
2026-06-01 04:51:16,050 [INFO] serial_handler: TX sent: CMD,1059,MEC,0004,ON
2026-06-01 04:51:16,989 [INFO] __main__: TX: CMD,1059,MEC,0004,OFF
2026-06-01 04:51:16,989 [DEBUG] serial_handler: TX queued: CMD,1059,MEC,0004,OFF
2026-06-01 04:51:17,067 [INFO] serial_handler: TX sent: CMD,1059,MEC,0004,OFF
2026-06-01 04:51:17,930 [INFO] __main__: TX: CMD,1059,MEC,0004,ON
2026-06-01 04:51:17,930 [DEBUG] serial_handler: TX queued: CMD,1059,MEC,0004,ON
2026-06-01 04:51:18,059 [INFO] serial_handler: TX sent: CMD,1059,MEC,0004,ON
2026-06-01 04:51:18,972 [INFO] __main__: TX: CMD,1059,MEC,0004,OFF
2026-06-01 04:51:18,972 [DEBUG] serial_handler: TX queued: CMD,1059,MEC,0004,OFF
2026-06-01 04:51:19,056 [INFO] serial_handler: TX sent: CMD,1059,MEC,0004,OFF
2026-06-01 04:51:20,280 [INFO] __main__: TX: CMD,1059,MEC,0004,ON
2026-06-01 04:51:20,280 [DEBUG] serial_handler: TX queued: CMD,1059,MEC,0004,ON
2026-06-01 04:51:21,066 [INFO] serial_handler: TX sent: CMD,1059,MEC,0004,ON
2026-06-01 04:51:21,234 [INFO] __main__: TX: CMD,1059,MEC,0004,OFF
2026-06-01 04:51:21,234 [DEBUG] serial_handler: TX queued: CMD,1059,MEC,0004,OFF
2026-06-01 04:51:22,053 [INFO] serial_handler: TX sent: CMD,1059,MEC,0004,OFF
2026-06-01 04:51:22,236 [INFO] __main__: TX: CMD,1059,MEC,0004,ON
2026-06-01 04:51:22,236 [DEBUG] serial_handler: TX queued: CMD,1059,MEC,0004,ON
2026-06-01 04:51:23,035 [INFO] __main__: TX: CMD,1059,MEC,0004,OFF
2026-06-01 04:51:23,035 [DEBUG] serial_handler: TX queued: CMD,1059,MEC,0004,OFF
2026-06-01 04:51:23,071 [INFO] serial_handler: TX sent: CMD,1059,MEC,0004,ON
2026-06-01 04:51:23,072 [INFO] serial_handler: TX sent: CMD,1059,MEC,0004,OFF
2026-06-01 04:51:24,227 [INFO] __main__: TX: CMD,1059,MEC,0004,ON
2026-06-01 04:51:24,227 [DEBUG] serial_handler: TX queued: CMD,1059,MEC,0004,ON
2026-06-01 04:51:25,071 [INFO] serial_handler: TX sent: CMD,1059,MEC,0004,ON
2026-06-01 04:51:25,504 [INFO] __main__: TX: CMD,1059,MEC,0004,OFF
2026-06-01 04:51:25,504 [DEBUG] serial_handler: TX queued: CMD,1059,MEC,0004,OFF
2026-06-01 04:51:26,064 [INFO] serial_handler: TX sent: CMD,1059,MEC,0004,OFF
2026-06-01 04:51:27,457 [INFO] __main__: TX: CMD,1059,MEC,0004,ON
2026-06-01 04:51:27,457 [DEBUG] serial_handler: TX queued: CMD,1059,MEC,0004,ON
2026-06-01 04:51:28,065 [INFO] serial_handler: TX sent: CMD,1059,MEC,0004,ON
2026-06-01 04:51:30,479 [INFO] __main__: TX: CMD,1059,MEC,0004,OFF
2026-06-01 04:51:30,480 [DEBUG] serial_handler: TX queued: CMD,1059,MEC,0004,OFF
2026-06-01 04:51:31,059 [INFO] serial_handler: TX sent: CMD,1059,MEC,0004,OFF
2026-06-01 04:51:50,234 [INFO] __main__: TX: CMD,1059,MEC,0004,ON
2026-06-01 04:51:50,234 [DEBUG] serial_handler: TX queued: CMD,1059,MEC,0004,ON
2026-06-01 04:51:51,070 [INFO] serial_handler: TX sent: CMD,1059,MEC,0004,ON
2026-06-01 04:51:51,265 [INFO] __main__: TX: CMD,1059,MEC,0004,OFF
2026-06-01 04:51:51,265 [DEBUG] serial_handler: TX queued: CMD,1059,MEC,0004,OFF
2026-06-01 04:51:52,062 [INFO] serial_handler: TX sent: CMD,1059,MEC,0004,OFF
2026-06-01 04:51:52,361 [INFO] __main__: TX: CMD,1059,MEC,0004,ON
2026-06-01 04:51:52,361 [DEBUG] serial_handler: TX queued: CMD,1059,MEC,0004,ON
2026-06-01 04:51:53,071 [INFO] serial_handler: TX sent: CMD,1059,MEC,0004,ON
2026-06-01 04:51:53,343 [INFO] __main__: TX: CMD,1059,MEC,0004,OFF
2026-06-01 04:51:53,343 [DEBUG] serial_handler: TX queued: CMD,1059,MEC,0004,OFF
2026-06-01 04:51:54,053 [INFO] serial_handler: TX sent: CMD,1059,MEC,0004,OFF
2026-06-01 04:51:56,225 [INFO] __main__: TX: CMD,1059,MEC,0004,ON
2026-06-01 04:51:56,225 [DEBUG] serial_handler: TX queued: CMD,1059,MEC,0004,ON
2026-06-01 04:51:57,058 [INFO] serial_handler: TX sent: CMD,1059,MEC,0004,ON
2026-06-01 04:51:58,281 [INFO] __main__: TX: CMD,1059,MEC,0004,OFF
2026-06-01 04:51:58,281 [DEBUG] serial_handler: TX queued: CMD,1059,MEC,0004,OFF
2026-06-01 04:51:59,060 [INFO] serial_handler: TX sent: CMD,1059,MEC,0004,OFF
2026-06-01 04:52:53,576 [ERROR] serial_handler: Read error: ClearCommError failed (PermissionError(13, 'Access is denied.', None, 5))
2026-06-01 04:52:53,576 [ERROR] serial_handler: Serial error: could not open port 'COM5': FileNotFoundError(2, 'The system cannot find the file specified.', None, 2)
2026-06-01 04:52:55,580 [ERROR] serial_handler: Serial error: could not open port 'COM5': FileNotFoundError(2, 'The system cannot find the file specified.', None, 2)
2026-06-01 04:52:57,582 [ERROR] serial_handler: Serial error: could not open port 'COM5': FileNotFoundError(2, 'The system cannot find the file specified.', None, 2)
2026-06-01 04:52:59,584 [ERROR] serial_handler: Serial error: could not open port 'COM5': FileNotFoundError(2, 'The system cannot find the file specified.', None, 2)
2026-06-01 04:53:01,586 [ERROR] serial_handler: Serial error: could not open port 'COM5': FileNotFoundError(2, 'The system cannot find the file specified.', None, 2)
2026-06-01 04:53:03,588 [ERROR] serial_handler: Serial error: could not open port 'COM5': FileNotFoundError(2, 'The system cannot find the file specified.', None, 2)
2026-06-01 04:53:05,590 [ERROR] serial_handler: Serial error: could not open port 'COM5': FileNotFoundError(2, 'The system cannot find the file specified.', None, 2)
2026-06-01 04:53:07,592 [ERROR] serial_handler: Serial error: could not open port 'COM5': FileNotFoundError(2, 'The system cannot find the file specified.', None, 2)
2026-06-01 04:53:09,594 [ERROR] serial_handler: Serial error: could not open port 'COM5': FileNotFoundError(2, 'The system cannot find the file specified.', None, 2)
2026-06-01 04:53:11,597 [ERROR] serial_handler: Serial error: could not open port 'COM5': FileNotFoundError(2, 'The system cannot find the file specified.', None, 2)
2026-06-01 04:53:13,600 [ERROR] serial_handler: Serial error: could not open port 'COM5': FileNotFoundError(2, 'The system cannot find the file specified.', None, 2)
2026-06-01 04:53:15,602 [ERROR] serial_handler: Serial error: could not open port 'COM5': FileNotFoundError(2, 'The system cannot find the file specified.', None, 2)
2026-06-01 04:53:17,605 [ERROR] serial_handler: Serial error: could not open port 'COM5': FileNotFoundError(2, 'The system cannot find the file specified.', None, 2)
2026-06-01 04:53:19,607 [ERROR] serial_handler: Serial error: could not open port 'COM5': FileNotFoundError(2, 'The system cannot find the file specified.', None, 2)
2026-06-01 04:53:21,610 [ERROR] serial_handler: Serial error: could not open port 'COM5': FileNotFoundError(2, 'The system cannot find the file specified.', None, 2)
2026-06-01 04:53:23,612 [ERROR] serial_handler: Serial error: could not open port 'COM5': FileNotFoundError(2, 'The system cannot find the file specified.', None, 2)
2026-06-01 04:53:25,614 [ERROR] serial_handler: Serial error: could not open port 'COM5': FileNotFoundError(2, 'The system cannot find the file specified.', None, 2)
2026-06-01 04:53:27,616 [ERROR] serial_handler: Serial error: could not open port 'COM5': FileNotFoundError(2, 'The system cannot find the file specified.', None, 2)
2026-06-01 04:53:29,619 [ERROR] serial_handler: Serial error: could not open port 'COM5': FileNotFoundError(2, 'The system cannot find the file specified.', None, 2)
2026-06-01 04:53:31,622 [ERROR] serial_handler: Serial error: could not open port 'COM5': FileNotFoundError(2, 'The system cannot find the file specified.', None, 2)
2026-06-01 04:53:33,623 [ERROR] serial_handler: Serial error: could not open port 'COM5': FileNotFoundError(2, 'The system cannot find the file specified.', None, 2)
2026-06-01 04:53:35,625 [ERROR] serial_handler: Serial error: could not open port 'COM5': FileNotFoundError(2, 'The system cannot find the file specified.', None, 2)
2026-06-01 04:53:37,627 [ERROR] serial_handler: Serial error: could not open port 'COM5': FileNotFoundError(2, 'The system cannot find the file specified.', None, 2)
2026-06-01 04:53:39,629 [ERROR] serial_handler: Serial error: could not open port 'COM5': FileNotFoundError(2, 'The system cannot find the file specified.', None, 2)
2026-06-01 04:53:41,631 [ERROR] serial_handler: Serial error: could not open port 'COM5': FileNotFoundError(2, 'The system cannot find the file specified.', None, 2)
2026-06-01 04:53:43,633 [ERROR] serial_handler: Serial error: could not open port 'COM5': FileNotFoundError(2, 'The system cannot find the file specified.', None, 2)
2026-06-01 04:53:45,635 [ERROR] serial_handler: Serial error: could not open port 'COM5': FileNotFoundError(2, 'The system cannot find the file specified.', None, 2)
2026-06-01 04:53:47,638 [ERROR] serial_handler: Serial error: could not open port 'COM5': FileNotFoundError(2, 'The system cannot find the file specified.', None, 2)
2026-06-01 04:53:49,640 [ERROR] serial_handler: Serial error: could not open port 'COM5': FileNotFoundError(2, 'The system cannot find the file specified.', None, 2)
2026-06-01 04:53:51,642 [ERROR] serial_handler: Serial error: could not open port 'COM5': FileNotFoundError(2, 'The system cannot find the file specified.', None, 2)
2026-06-01 04:53:53,645 [ERROR] serial_handler: Serial error: could not open port 'COM5': FileNotFoundError(2, 'The system cannot find the file specified.', None, 2)
2026-06-01 04:53:55,647 [ERROR] serial_handler: Serial error: could not open port 'COM5': FileNotFoundError(2, 'The system cannot find the file specified.', None, 2)
2026-06-01 04:53:57,650 [ERROR] serial_handler: Serial error: could not open port 'COM5': FileNotFoundError(2, 'The system cannot find the file specified.', None, 2)
2026-06-01 04:53:59,652 [ERROR] serial_handler: Serial error: could not open port 'COM5': FileNotFoundError(2, 'The system cannot find the file specified.', None, 2)
2026-06-01 04:54:01,654 [ERROR] serial_handler: Serial error: could not open port 'COM5': FileNotFoundError(2, 'The system cannot find the file specified.', None, 2)
2026-06-01 04:54:03,657 [ERROR] serial_handler: Serial error: could not open port 'COM5': FileNotFoundError(2, 'The system cannot find the file specified.', None, 2)
2026-06-01 04:54:05,658 [ERROR] serial_handler: Serial error: could not open port 'COM5': FileNotFoundError(2, 'The system cannot find the file specified.', None, 2)
2026-06-01 04:54:07,660 [ERROR] serial_handler: Serial error: could not open port 'COM5': FileNotFoundError(2, 'The system cannot find the file specified.', None, 2)
2026-06-01 04:54:09,662 [ERROR] serial_handler: Serial error: could not open port 'COM5': FileNotFoundError(2, 'The system cannot find the file specified.', None, 2)
2026-06-01 04:54:11,665 [ERROR] serial_handler: Serial error: could not open port 'COM5': FileNotFoundError(2, 'The system cannot find the file specified.', None, 2)
2026-06-01 04:54:13,667 [ERROR] serial_handler: Serial error: could not open port 'COM5': FileNotFoundError(2, 'The system cannot find the file specified.', None, 2)
2026-06-01 04:54:15,669 [ERROR] serial_handler: Serial error: could not open port 'COM5': FileNotFoundError(2, 'The system cannot find the file specified.', None, 2)
2026-06-01 04:54:17,671 [ERROR] serial_handler: Serial error: could not open port 'COM5': FileNotFoundError(2, 'The system cannot find the file specified.', None, 2)
2026-06-01 04:54:19,673 [ERROR] serial_handler: Serial error: could not open port 'COM5': FileNotFoundError(2, 'The system cannot find the file specified.', None, 2)
2026-06-01 04:54:21,674 [ERROR] serial_handler: Serial error: could not open port 'COM5': FileNotFoundError(2, 'The system cannot find the file specified.', None, 2)
2026-06-01 04:54:23,677 [ERROR] serial_handler: Serial error: could not open port 'COM5': FileNotFoundError(2, 'The system cannot find the file specified.', None, 2)
2026-06-01 04:54:25,679 [ERROR] serial_handler: Serial error: could not open port 'COM5': FileNotFoundError(2, 'The system cannot find the file specified.', None, 2)
2026-06-01 04:54:27,682 [ERROR] serial_handler: Serial error: could not open port 'COM5': FileNotFoundError(2, 'The system cannot find the file specified.', None, 2)
2026-06-01 04:54:29,684 [ERROR] serial_handler: Serial error: could not open port 'COM5': FileNotFoundError(2, 'The system cannot find the file specified.', None, 2)
2026-06-01 04:54:31,686 [ERROR] serial_handler: Serial error: could not open port 'COM5': FileNotFoundError(2, 'The system cannot find the file specified.', None, 2)
2026-06-01 04:54:33,689 [ERROR] serial_handler: Serial error: could not open port 'COM5': FileNotFoundError(2, 'The system cannot find the file specified.', None, 2)
2026-06-01 04:54:35,691 [ERROR] serial_handler: Serial error: could not open port 'COM5': FileNotFoundError(2, 'The system cannot find the file specified.', None, 2)
2026-06-01 04:54:37,693 [ERROR] serial_handler: Serial error: could not open port 'COM5': FileNotFoundError(2, 'The system cannot find the file specified.', None, 2)
2026-06-01 04:54:39,695 [ERROR] serial_handler: Serial error: could not open port 'COM5': FileNotFoundError(2, 'The system cannot find the file specified.', None, 2)
2026-06-01 04:54:41,698 [ERROR] serial_handler: Serial error: could not open port 'COM5': FileNotFoundError(2, 'The system cannot find the file specified.', None, 2)
2026-06-01 04:54:43,700 [ERROR] serial_handler: Serial error: could not open port 'COM5': FileNotFoundError(2, 'The system cannot find the file specified.', None, 2)
2026-06-01 04:54:45,702 [ERROR] serial_handler: Serial error: could not open port 'COM5': FileNotFoundError(2, 'The system cannot find the file specified.', None, 2)
2026-06-01 04:54:47,705 [ERROR] serial_handler: Serial error: could not open port 'COM5': FileNotFoundError(2, 'The system cannot find the file specified.', None, 2)
2026-06-01 04:54:49,707 [ERROR] serial_handler: Serial error: could not open port 'COM5': FileNotFoundError(2, 'The system cannot find the file specified.', None, 2)
2026-06-01 04:54:51,709 [ERROR] serial_handler: Serial error: could not open port 'COM5': FileNotFoundError(2, 'The system cannot find the file specified.', None, 2)
2026-06-01 04:54:53,711 [ERROR] serial_handler: Serial error: could not open port 'COM5': FileNotFoundError(2, 'The system cannot find the file specified.', None, 2)
2026-06-01 04:54:54,680 [INFO] __main__: TX: CMD,1059,MEC,0004,ON
2026-06-01 04:54:54,680 [DEBUG] serial_handler: TX queued: CMD,1059,MEC,0004,ON
2026-06-01 04:54:54,744 [INFO] __main__: TX: CMD,1059,MEC,0004,OFF
2026-06-01 04:54:54,744 [DEBUG] serial_handler: TX queued: CMD,1059,MEC,0004,OFF
2026-06-01 04:54:55,713 [ERROR] serial_handler: Serial error: could not open port 'COM5': FileNotFoundError(2, 'The system cannot find the file specified.', None, 2)
2026-06-01 04:54:57,715 [ERROR] serial_handler: Serial error: could not open port 'COM5': FileNotFoundError(2, 'The system cannot find the file specified.', None, 2)
2026-06-01 04:54:59,716 [ERROR] serial_handler: Serial error: could not open port 'COM5': FileNotFoundError(2, 'The system cannot find the file specified.', None, 2)
2026-06-01 04:55:01,718 [ERROR] serial_handler: Serial error: could not open port 'COM5': FileNotFoundError(2, 'The system cannot find the file specified.', None, 2)
2026-06-01 04:55:03,720 [ERROR] serial_handler: Serial error: could not open port 'COM5': FileNotFoundError(2, 'The system cannot find the file specified.', None, 2)
2026-06-01 04:55:05,722 [ERROR] serial_handler: Serial error: could not open port 'COM5': FileNotFoundError(2, 'The system cannot find the file specified.', None, 2)
2026-06-01 04:55:07,725 [ERROR] serial_handler: Serial error: could not open port 'COM5': FileNotFoundError(2, 'The system cannot find the file specified.', None, 2)
2026-06-01 04:55:09,728 [ERROR] serial_handler: Serial error: could not open port 'COM5': FileNotFoundError(2, 'The system cannot find the file specified.', None, 2)
2026-06-01 04:55:11,730 [ERROR] serial_handler: Serial error: could not open port 'COM5': FileNotFoundError(2, 'The system cannot find the file specified.', None, 2)
2026-06-01 04:55:13,732 [ERROR] serial_handler: Serial error: could not open port 'COM5': FileNotFoundError(2, 'The system cannot find the file specified.', None, 2)
2026-06-01 04:55:15,734 [ERROR] serial_handler: Serial error: could not open port 'COM5': FileNotFoundError(2, 'The system cannot find the file specified.', None, 2)
2026-06-01 04:55:17,737 [ERROR] serial_handler: Serial error: could not open port 'COM5': FileNotFoundError(2, 'The system cannot find the file specified.', None, 2)
2026-06-01 04:55:19,739 [ERROR] serial_handler: Serial error: could not open port 'COM5': FileNotFoundError(2, 'The system cannot find the file specified.', None, 2)
2026-06-01 04:55:21,742 [ERROR] serial_handler: Serial error: could not open port 'COM5': FileNotFoundError(2, 'The system cannot find the file specified.', None, 2)
2026-06-01 04:55:23,744 [ERROR] serial_handler: Serial error: could not open port 'COM5': FileNotFoundError(2, 'The system cannot find the file specified.', None, 2)
2026-06-01 04:55:25,746 [ERROR] serial_handler: Serial error: could not open port 'COM5': FileNotFoundError(2, 'The system cannot find the file specified.', None, 2)
2026-06-01 04:55:27,748 [ERROR] serial_handler: Serial error: could not open port 'COM5': FileNotFoundError(2, 'The system cannot find the file specified.', None, 2)
2026-06-01 04:55:29,751 [ERROR] serial_handler: Serial error: could not open port 'COM5': FileNotFoundError(2, 'The system cannot find the file specified.', None, 2)
2026-06-01 04:55:31,753 [ERROR] serial_handler: Serial error: could not open port 'COM5': FileNotFoundError(2, 'The system cannot find the file specified.', None, 2)
2026-06-01 04:55:33,755 [ERROR] serial_handler: Serial error: could not open port 'COM5': FileNotFoundError(2, 'The system cannot find the file specified.', None, 2)
2026-06-01 04:55:35,757 [ERROR] serial_handler: Serial error: could not open port 'COM5': FileNotFoundError(2, 'The system cannot find the file specified.', None, 2)
2026-06-01 04:55:37,759 [ERROR] serial_handler: Serial error: could not open port 'COM5': FileNotFoundError(2, 'The system cannot find the file specified.', None, 2)
2026-06-01 04:55:39,761 [ERROR] serial_handler: Serial error: could not open port 'COM5': FileNotFoundError(2, 'The system cannot find the file specified.', None, 2)
2026-06-01 04:55:41,762 [ERROR] serial_handler: Serial error: could not open port 'COM5': FileNotFoundError(2, 'The system cannot find the file specified.', None, 2)
2026-06-01 04:55:43,764 [ERROR] serial_handler: Serial error: could not open port 'COM5': FileNotFoundError(2, 'The system cannot find the file specified.', None, 2)
2026-06-01 04:55:45,766 [ERROR] serial_handler: Serial error: could not open port 'COM5': FileNotFoundError(2, 'The system cannot find the file specified.', None, 2)
2026-06-01 04:55:47,768 [ERROR] serial_handler: Serial error: could not open port 'COM5': FileNotFoundError(2, 'The system cannot find the file specified.', None, 2)
2026-06-01 04:55:49,771 [ERROR] serial_handler: Serial error: could not open port 'COM5': FileNotFoundError(2, 'The system cannot find the file specified.', None, 2)
2026-06-01 04:55:51,773 [ERROR] serial_handler: Serial error: could not open port 'COM5': FileNotFoundError(2, 'The system cannot find the file specified.', None, 2)
2026-06-01 04:55:53,775 [ERROR] serial_handler: Serial error: could not open port 'COM5': FileNotFoundError(2, 'The system cannot find the file specified.', None, 2)
2026-06-01 04:55:55,826 [INFO] serial_handler: Serial port COM5 opened at 9600 baud
2026-06-01 04:55:55,826 [INFO] serial_handler: TX sent: CMD,1059,MEC,0004,ON
2026-06-01 04:55:55,832 [INFO] serial_handler: TX sent: CMD,1059,MEC,0004,OFF
2026-06-01 04:56:11,248 [INFO] __main__: Shutting down...
2026-06-01 04:56:12,001 [INFO] logger: CSV log closed. 105 packets written.
2026-06-01 04:59:33,914 [INFO] logger: DataLogger initialised. CSV: logs\telemetry_20260601_045933.csv | Raw: logs\raw_20260601_045933.txt
2026-06-01 04:59:33,915 [INFO] __main__: SerialWorker started on COM5
2026-06-01 04:59:34,126 [INFO] serial_handler: Serial port COM5 opened at 9600 baud
2026-06-01 04:59:53,089 [INFO] __main__: TX: CMD,1059,CX,ON
2026-06-01 04:59:53,089 [DEBUG] serial_handler: TX queued: CMD,1059,CX,ON
2026-06-01 04:59:54,169 [INFO] serial_handler: TX sent: CMD,1059,CX,ON
2026-06-01 05:00:55,528 [ERROR] serial_handler: Read error: ClearCommError failed (PermissionError(13, 'Access is denied.', None, 5))
2026-06-01 05:00:55,528 [ERROR] serial_handler: Serial error: could not open port 'COM5': FileNotFoundError(2, 'The system cannot find the file specified.', None, 2)
2026-06-01 05:00:57,591 [INFO] serial_handler: Serial port COM5 opened at 9600 baud
2026-06-01 05:01:16,686 [INFO] __main__: TX: CMD,1059,MEC,0004,ON
2026-06-01 05:01:16,686 [DEBUG] serial_handler: TX queued: CMD,1059,MEC,0004,ON
2026-06-01 05:01:17,509 [INFO] serial_handler: TX sent: CMD,1059,MEC,0004,ON
2026-06-01 05:01:19,126 [INFO] __main__: TX: CMD,1059,MEC,0004,OFF
2026-06-01 05:01:19,126 [DEBUG] serial_handler: TX queued: CMD,1059,MEC,0004,OFF
2026-06-01 05:01:19,500 [INFO] serial_handler: TX sent: CMD,1059,MEC,0004,OFF
2026-06-01 05:01:26,484 [INFO] __main__: TX: CMD,1059,MEC,0004,ON
2026-06-01 05:01:26,484 [DEBUG] serial_handler: TX queued: CMD,1059,MEC,0004,ON
2026-06-01 05:01:26,500 [INFO] serial_handler: TX sent: CMD,1059,MEC,0004,ON
2026-06-01 05:01:27,804 [INFO] __main__: TX: CMD,1059,MEC,0004,OFF
2026-06-01 05:01:27,804 [DEBUG] serial_handler: TX queued: CMD,1059,MEC,0004,OFF
2026-06-01 05:01:28,506 [INFO] serial_handler: TX sent: CMD,1059,MEC,0004,OFF
2026-06-01 05:01:29,677 [INFO] __main__: TX: CMD,1059,MEC,0004,ON
2026-06-01 05:01:29,677 [DEBUG] serial_handler: TX queued: CMD,1059,MEC,0004,ON
2026-06-01 05:01:30,507 [INFO] serial_handler: TX sent: CMD,1059,MEC,0004,ON
2026-06-01 05:01:31,388 [INFO] __main__: TX: CMD,1059,MEC,0004,OFF
2026-06-01 05:01:31,455 [DEBUG] serial_handler: TX queued: CMD,1059,MEC,0004,OFF
2026-06-01 05:01:31,495 [INFO] serial_handler: TX sent: CMD,1059,MEC,0004,OFF
2026-06-01 05:03:49,938 [INFO] __main__: TX: CMD,1059,SIM,ENABLE
2026-06-01 05:03:49,938 [DEBUG] serial_handler: TX queued: CMD,1059,SIM,ENABLE
2026-06-01 05:03:49,938 [INFO] __main__: TX: CMD,1059,SIM,ENABLE
2026-06-01 05:03:49,938 [DEBUG] serial_handler: TX queued: CMD,1059,SIM,ENABLE
2026-06-01 05:03:50,505 [INFO] serial_handler: TX sent: CMD,1059,SIM,ENABLE
2026-06-01 05:03:50,507 [INFO] serial_handler: TX sent: CMD,1059,SIM,ENABLE
2026-06-01 05:03:52,420 [DEBUG] simp_sender: SIMP file line 19: CMD,1059,SIMP,93948
2026-06-01 05:03:52,420 [DEBUG] simp_sender: SIMP file line 20: CMD,1059,SIMP,93949
2026-06-01 05:03:52,420 [DEBUG] simp_sender: SIMP file line 21: CMD,1059,SIMP,93948
2026-06-01 05:03:52,420 [DEBUG] simp_sender: SIMP file line 22: CMD,1059,SIMP,93948
2026-06-01 05:03:52,420 [DEBUG] simp_sender: SIMP file line 23: CMD,1059,SIMP,93948
2026-06-01 05:03:52,420 [DEBUG] simp_sender: SIMP file line 24: CMD,1059,SIMP,93948
2026-06-01 05:03:52,420 [DEBUG] simp_sender: SIMP file line 25: CMD,1059,SIMP,93948
2026-06-01 05:03:52,420 [DEBUG] simp_sender: SIMP file line 26: CMD,1059,SIMP,93948
2026-06-01 05:03:52,420 [DEBUG] simp_sender: SIMP file line 27: CMD,1059,SIMP,93949
2026-06-01 05:03:52,420 [DEBUG] simp_sender: SIMP file line 28: CMD,1059,SIMP,93949
2026-06-01 05:03:52,420 [DEBUG] simp_sender: SIMP file line 29: CMD,1059,SIMP,93949
2026-06-01 05:03:52,420 [DEBUG] simp_sender: SIMP file line 30: CMD,1059,SIMP,93949
2026-06-01 05:03:52,420 [DEBUG] simp_sender: SIMP file line 31: CMD,1059,SIMP,93948
2026-06-01 05:03:52,420 [DEBUG] simp_sender: SIMP file line 32: CMD,1059,SIMP,93948
2026-06-01 05:03:52,420 [DEBUG] simp_sender: SIMP file line 33: CMD,1059,SIMP,93948
2026-06-01 05:03:52,420 [DEBUG] simp_sender: SIMP file line 34: CMD,1059,SIMP,93948
2026-06-01 05:03:52,420 [DEBUG] simp_sender: SIMP file line 35: CMD,1059,SIMP,93947
2026-06-01 05:03:52,420 [DEBUG] simp_sender: SIMP file line 36: CMD,1059,SIMP,93947
2026-06-01 05:03:52,420 [DEBUG] simp_sender: SIMP file line 37: CMD,1059,SIMP,93947
2026-06-01 05:03:52,420 [DEBUG] simp_sender: SIMP file line 38: CMD,1059,SIMP,93947
2026-06-01 05:03:52,420 [DEBUG] simp_sender: SIMP file line 39: CMD,1059,SIMP,93946
2026-06-01 05:03:52,420 [DEBUG] simp_sender: SIMP file line 40: CMD,1059,SIMP,93829
2026-06-01 05:03:52,420 [DEBUG] simp_sender: SIMP file line 41: CMD,1059,SIMP,93085
2026-06-01 05:03:52,420 [DEBUG] simp_sender: SIMP file line 42: CMD,1059,SIMP,92016
2026-06-01 05:03:52,420 [DEBUG] simp_sender: SIMP file line 43: CMD,1059,SIMP,89603
2026-06-01 05:03:52,420 [DEBUG] simp_sender: SIMP file line 44: CMD,1059,SIMP,88575
2026-06-01 05:03:52,436 [DEBUG] simp_sender: SIMP file line 45: CMD,1059,SIMP,87836
2026-06-01 05:03:52,436 [DEBUG] simp_sender: SIMP file line 46: CMD,1059,SIMP,87232
2026-06-01 05:03:52,436 [DEBUG] simp_sender: SIMP file line 47: CMD,1059,SIMP,86794
2026-06-01 05:03:52,436 [DEBUG] simp_sender: SIMP file line 48: CMD,1059,SIMP,86251
2026-06-01 05:03:52,436 [DEBUG] simp_sender: SIMP file line 49: CMD,1059,SIMP,86205
2026-06-01 05:03:52,438 [DEBUG] simp_sender: SIMP file line 50: CMD,1059,SIMP,86166
2026-06-01 05:03:52,438 [DEBUG] simp_sender: SIMP file line 51: CMD,1059,SIMP,86216
2026-06-01 05:03:52,438 [DEBUG] simp_sender: SIMP file line 52: CMD,1059,SIMP,86374
2026-06-01 05:03:52,438 [DEBUG] simp_sender: SIMP file line 53: CMD,1059,SIMP,86533
2026-06-01 05:03:52,438 [DEBUG] simp_sender: SIMP file line 54: CMD,1059,SIMP,86691
2026-06-01 05:03:52,438 [DEBUG] simp_sender: SIMP file line 55: CMD,1059,SIMP,86850
2026-06-01 05:03:52,438 [DEBUG] simp_sender: SIMP file line 56: CMD,1059,SIMP,87010
2026-06-01 05:03:52,438 [DEBUG] simp_sender: SIMP file line 57: CMD,1059,SIMP,87169
2026-06-01 05:03:52,438 [DEBUG] simp_sender: SIMP file line 58: CMD,1059,SIMP,87329
2026-06-01 05:03:52,442 [DEBUG] simp_sender: SIMP file line 59: CMD,1059,SIMP,87488
2026-06-01 05:03:52,442 [DEBUG] simp_sender: SIMP file line 60: CMD,1059,SIMP,87649
2026-06-01 05:03:52,442 [DEBUG] simp_sender: SIMP file line 61: CMD,1059,SIMP,87809
2026-06-01 05:03:52,442 [DEBUG] simp_sender: SIMP file line 62: CMD,1059,SIMP,87970
2026-06-01 05:03:52,444 [DEBUG] simp_sender: SIMP file line 63: CMD,1059,SIMP,88130
2026-06-01 05:03:52,444 [DEBUG] simp_sender: SIMP file line 64: CMD,1059,SIMP,88291
2026-06-01 05:03:52,444 [DEBUG] simp_sender: SIMP file line 65: CMD,1059,SIMP,88507
2026-06-01 05:03:52,444 [DEBUG] simp_sender: SIMP file line 66: CMD,1059,SIMP,88722
2026-06-01 05:03:52,444 [DEBUG] simp_sender: SIMP file line 67: CMD,1059,SIMP,88938
2026-06-01 05:03:52,444 [DEBUG] simp_sender: SIMP file line 68: CMD,1059,SIMP,89154
2026-06-01 05:03:52,444 [DEBUG] simp_sender: SIMP file line 69: CMD,1059,SIMP,89371
2026-06-01 05:03:52,444 [DEBUG] simp_sender: SIMP file line 70: CMD,1059,SIMP,89589
2026-06-01 05:03:52,444 [DEBUG] simp_sender: SIMP file line 71: CMD,1059,SIMP,89806
2026-06-01 05:03:52,444 [DEBUG] simp_sender: SIMP file line 72: CMD,1059,SIMP,90024
2026-06-01 05:03:52,444 [DEBUG] simp_sender: SIMP file line 73: CMD,1059,SIMP,90243
2026-06-01 05:03:52,444 [DEBUG] simp_sender: SIMP file line 74: CMD,1059,SIMP,90462
2026-06-01 05:03:52,444 [DEBUG] simp_sender: SIMP file line 75: CMD,1059,SIMP,90681
2026-06-01 05:03:52,444 [DEBUG] simp_sender: SIMP file line 76: CMD,1059,SIMP,90901
2026-06-01 05:03:52,444 [DEBUG] simp_sender: SIMP file line 77: CMD,1059,SIMP,91121
2026-06-01 05:03:52,444 [DEBUG] simp_sender: SIMP file line 78: CMD,1059,SIMP,91342
2026-06-01 05:03:52,444 [DEBUG] simp_sender: SIMP file line 79: CMD,1059,SIMP,91563
2026-06-01 05:03:52,444 [DEBUG] simp_sender: SIMP file line 80: CMD,1059,SIMP,91709
2026-06-01 05:03:52,444 [DEBUG] simp_sender: SIMP file line 81: CMD,1059,SIMP,91765
2026-06-01 05:03:52,444 [DEBUG] simp_sender: SIMP file line 82: CMD,1059,SIMP,91821
2026-06-01 05:03:52,444 [DEBUG] simp_sender: SIMP file line 83: CMD,1059,SIMP,91878
2026-06-01 05:03:52,444 [DEBUG] simp_sender: SIMP file line 84: CMD,1059,SIMP,91934
2026-06-01 05:03:52,444 [DEBUG] simp_sender: SIMP file line 85: CMD,1059,SIMP,91990
2026-06-01 05:03:52,444 [DEBUG] simp_sender: SIMP file line 86: CMD,1059,SIMP,92046
2026-06-01 05:03:52,444 [DEBUG] simp_sender: SIMP file line 87: CMD,1059,SIMP,92102
2026-06-01 05:03:52,444 [DEBUG] simp_sender: SIMP file line 88: CMD,1059,SIMP,92158
2026-06-01 05:03:52,444 [DEBUG] simp_sender: SIMP file line 89: CMD,1059,SIMP,92214
2026-06-01 05:03:52,444 [DEBUG] simp_sender: SIMP file line 90: CMD,1059,SIMP,92271
2026-06-01 05:03:52,444 [DEBUG] simp_sender: SIMP file line 91: CMD,1059,SIMP,92327
2026-06-01 05:03:52,444 [DEBUG] simp_sender: SIMP file line 92: CMD,1059,SIMP,92383
2026-06-01 05:03:52,444 [DEBUG] simp_sender: SIMP file line 93: CMD,1059,SIMP,92439
2026-06-01 05:03:52,444 [DEBUG] simp_sender: SIMP file line 94: CMD,1059,SIMP,92496
2026-06-01 05:03:52,452 [DEBUG] simp_sender: SIMP file line 95: CMD,1059,SIMP,92552
2026-06-01 05:03:52,452 [DEBUG] simp_sender: SIMP file line 96: CMD,1059,SIMP,92608
2026-06-01 05:03:52,452 [DEBUG] simp_sender: SIMP file line 97: CMD,1059,SIMP,92665
2026-06-01 05:03:52,452 [DEBUG] simp_sender: SIMP file line 98: CMD,1059,SIMP,92721
2026-06-01 05:03:52,452 [DEBUG] simp_sender: SIMP file line 99: CMD,1059,SIMP,92778
2026-06-01 05:03:52,452 [DEBUG] simp_sender: SIMP file line 100: CMD,1059,SIMP,92834
2026-06-01 05:03:52,452 [DEBUG] simp_sender: SIMP file line 101: CMD,1059,SIMP,92891
2026-06-01 05:03:52,452 [DEBUG] simp_sender: SIMP file line 102: CMD,1059,SIMP,92947
2026-06-01 05:03:52,454 [DEBUG] simp_sender: SIMP file line 103: CMD,1059,SIMP,93004
2026-06-01 05:03:52,454 [DEBUG] simp_sender: SIMP file line 104: CMD,1059,SIMP,93061
2026-06-01 05:03:52,454 [DEBUG] simp_sender: SIMP file line 105: CMD,1059,SIMP,93117
2026-06-01 05:03:52,454 [DEBUG] simp_sender: SIMP file line 106: CMD,1059,SIMP,93174
2026-06-01 05:03:52,454 [DEBUG] simp_sender: SIMP file line 107: CMD,1059,SIMP,93231
2026-06-01 05:03:52,454 [DEBUG] simp_sender: SIMP file line 108: CMD,1059,SIMP,93287
2026-06-01 05:03:52,454 [DEBUG] simp_sender: SIMP file line 109: CMD,1059,SIMP,93344
2026-06-01 05:03:52,454 [DEBUG] simp_sender: SIMP file line 110: CMD,1059,SIMP,93401
2026-06-01 05:03:52,456 [DEBUG] simp_sender: SIMP file line 111: CMD,1059,SIMP,93458
2026-06-01 05:03:52,456 [DEBUG] simp_sender: SIMP file line 112: CMD,1059,SIMP,93514
2026-06-01 05:03:52,458 [DEBUG] simp_sender: SIMP file line 113: CMD,1059,SIMP,93571
2026-06-01 05:03:52,458 [DEBUG] simp_sender: SIMP file line 114: CMD,1059,SIMP,93628
2026-06-01 05:03:52,458 [DEBUG] simp_sender: SIMP file line 115: CMD,1059,SIMP,93685
2026-06-01 05:03:52,458 [DEBUG] simp_sender: SIMP file line 116: CMD,1059,SIMP,93742
2026-06-01 05:03:52,458 [DEBUG] simp_sender: SIMP file line 117: CMD,1059,SIMP,93799
2026-06-01 05:03:52,458 [DEBUG] simp_sender: SIMP file line 118: CMD,1059,SIMP,93856
2026-06-01 05:03:52,458 [DEBUG] simp_sender: SIMP file line 119: CMD,1059,SIMP,93913
2026-06-01 05:03:52,458 [DEBUG] simp_sender: SIMP file line 120: CMD,1059,SIMP,93913
2026-06-01 05:03:52,458 [DEBUG] simp_sender: SIMP file line 121: CMD,1059,SIMP,93913
2026-06-01 05:03:52,458 [DEBUG] simp_sender: SIMP file line 122: CMD,1059,SIMP,93913
2026-06-01 05:03:52,458 [DEBUG] simp_sender: SIMP file line 123: CMD,1059,SIMP,93913
2026-06-01 05:03:52,458 [DEBUG] simp_sender: SIMP file line 124: CMD,1059,SIMP,93912
2026-06-01 05:03:52,458 [DEBUG] simp_sender: SIMP file line 125: CMD,1059,SIMP,93913
2026-06-01 05:03:52,458 [DEBUG] simp_sender: SIMP file line 126: CMD,1059,SIMP,93913
2026-06-01 05:03:52,458 [DEBUG] simp_sender: SIMP file line 127: CMD,1059,SIMP,93913
2026-06-01 05:03:52,458 [DEBUG] simp_sender: SIMP file line 128: CMD,1059,SIMP,93913
2026-06-01 05:03:52,458 [DEBUG] simp_sender: SIMP file line 129: CMD,1059,SIMP,93913
2026-06-01 05:03:52,458 [DEBUG] simp_sender: SIMP file line 130: CMD,1059,SIMP,93913
2026-06-01 05:03:52,458 [DEBUG] simp_sender: SIMP file line 131: CMD,1059,SIMP,93913
2026-06-01 05:03:52,458 [DEBUG] simp_sender: SIMP file line 132: CMD,1059,SIMP,93913
2026-06-01 05:03:52,458 [DEBUG] simp_sender: SIMP file line 133: CMD,1059,SIMP,93913
2026-06-01 05:03:52,458 [DEBUG] simp_sender: SIMP file line 134: CMD,1059,SIMP,93913
2026-06-01 05:03:52,458 [DEBUG] simp_sender: SIMP file line 135: CMD,1059,SIMP,93913
2026-06-01 05:03:52,458 [DEBUG] simp_sender: SIMP file line 136: CMD,1059,SIMP,93913
2026-06-01 05:03:52,458 [DEBUG] simp_sender: SIMP file line 137: CMD,1059,SIMP,93913
2026-06-01 05:03:52,458 [DEBUG] simp_sender: SIMP file line 138: CMD,1059,SIMP,93913
2026-06-01 05:03:52,458 [DEBUG] simp_sender: SIMP file line 139: CMD,1059,SIMP,93913
2026-06-01 05:03:52,458 [DEBUG] simp_sender: SIMP file line 140: CMD,1059,SIMP,93913
2026-06-01 05:03:52,458 [DEBUG] simp_sender: SIMP file line 141: CMD,1059,SIMP,93913
2026-06-01 05:03:52,458 [DEBUG] simp_sender: SIMP file line 142: CMD,1059,SIMP,93913
2026-06-01 05:03:52,458 [DEBUG] simp_sender: SIMP file line 143: CMD,1059,SIMP,93913
2026-06-01 05:03:52,458 [DEBUG] simp_sender: SIMP file line 144: CMD,1059,SIMP,93913
2026-06-01 05:03:52,458 [DEBUG] simp_sender: SIMP file line 145: CMD,1059,SIMP,93913
2026-06-01 05:03:52,458 [DEBUG] simp_sender: SIMP file line 146: CMD,1059,SIMP,93913
2026-06-01 05:03:52,458 [DEBUG] simp_sender: SIMP file line 147: CMD,1059,SIMP,93913
2026-06-01 05:03:52,458 [DEBUG] simp_sender: SIMP file line 148: CMD,1059,SIMP,93913
2026-06-01 05:03:52,467 [DEBUG] simp_sender: SIMP file line 149: CMD,1059,SIMP,93913
2026-06-01 05:03:52,467 [DEBUG] simp_sender: SIMP file line 150: CMD,1059,SIMP,93913
2026-06-01 05:03:52,467 [DEBUG] simp_sender: SIMP file line 151: CMD,1059,SIMP,93913
2026-06-01 05:03:52,467 [DEBUG] simp_sender: SIMP file line 152: CMD,1059,SIMP,93912
2026-06-01 05:03:52,467 [DEBUG] simp_sender: SIMP file line 153: CMD,1059,SIMP,93912
2026-06-01 05:03:52,467 [DEBUG] simp_sender: SIMP file line 154: CMD,1059,SIMP,93912
2026-06-01 05:03:52,467 [DEBUG] simp_sender: SIMP file line 155: CMD,1059,SIMP,93913
2026-06-01 05:03:52,467 [DEBUG] simp_sender: SIMP file line 156: CMD,1059,SIMP,93912
2026-06-01 05:03:52,467 [DEBUG] simp_sender: SIMP file line 157: CMD,1059,SIMP,93913
2026-06-01 05:03:52,467 [DEBUG] simp_sender: SIMP file line 158: CMD,1059,SIMP,93912
2026-06-01 05:03:52,467 [DEBUG] simp_sender: SIMP file line 159: CMD,1059,SIMP,93913
2026-06-01 05:03:52,467 [DEBUG] simp_sender: SIMP file line 160: CMD,1059,SIMP,93912
2026-06-01 05:03:52,467 [DEBUG] simp_sender: SIMP file line 161: CMD,1059,SIMP,93914
2026-06-01 05:03:52,467 [DEBUG] simp_sender: SIMP file line 162: CMD,1059,SIMP,93914
2026-06-01 05:03:52,470 [DEBUG] simp_sender: SIMP file line 163: CMD,1059,SIMP,93914
2026-06-01 05:03:52,470 [DEBUG] simp_sender: SIMP file line 164: CMD,1059,SIMP,93914
2026-06-01 05:03:52,470 [DEBUG] simp_sender: SIMP file line 165: CMD,1059,SIMP,93914
2026-06-01 05:03:52,470 [DEBUG] simp_sender: SIMP file line 166: CMD,1059,SIMP,93914
2026-06-01 05:03:52,470 [DEBUG] simp_sender: SIMP file line 167: CMD,1059,SIMP,93914
2026-06-01 05:03:52,470 [DEBUG] simp_sender: SIMP file line 168: CMD,1059,SIMP,93914
2026-06-01 05:03:52,470 [DEBUG] simp_sender: SIMP file line 169: CMD,1059,SIMP,93914
2026-06-01 05:03:52,470 [DEBUG] simp_sender: SIMP file line 170: CMD,1059,SIMP,93914
2026-06-01 05:03:52,470 [DEBUG] simp_sender: SIMP file line 171: CMD,1059,SIMP,93914
2026-06-01 05:03:52,473 [DEBUG] simp_sender: SIMP file line 172: CMD,1059,SIMP,93914
2026-06-01 05:03:52,473 [DEBUG] simp_sender: SIMP file line 173: CMD,1059,SIMP,93914
2026-06-01 05:03:52,473 [DEBUG] simp_sender: SIMP file line 174: CMD,1059,SIMP,93914
2026-06-01 05:03:52,475 [INFO] simp_sender: Loaded 156 SIMP commands from C:/Users/jasmne/Documents/GCS_26/simp.txt
2026-06-01 05:03:52,478 [INFO] __main__: SimpSender started: 156 commands from C:/Users/jasmne/Documents/GCS_26/simp.txt
2026-06-01 05:03:52,478 [INFO] simp_sender: SimpSender starting: 156 commands at 1000 ms interval
2026-06-01 05:03:52,478 [DEBUG] serial_handler: TX queued: CMD,1059,SIMP,93948
2026-06-01 05:03:52,482 [DEBUG] simp_sender: SIMP TX [1/156]: CMD,1059,SIMP,93948
2026-06-01 05:03:52,506 [INFO] serial_handler: TX sent: CMD,1059,SIMP,93948
2026-06-01 05:03:53,500 [DEBUG] serial_handler: TX queued: CMD,1059,SIMP,93949
2026-06-01 05:03:53,500 [DEBUG] simp_sender: SIMP TX [2/156]: CMD,1059,SIMP,93949
2026-06-01 05:03:53,522 [INFO] serial_handler: TX sent: CMD,1059,SIMP,93949
2026-06-01 05:03:54,512 [DEBUG] serial_handler: TX queued: CMD,1059,SIMP,93948
2026-06-01 05:03:54,512 [DEBUG] simp_sender: SIMP TX [3/156]: CMD,1059,SIMP,93948
2026-06-01 05:03:55,502 [INFO] serial_handler: TX sent: CMD,1059,SIMP,93948
2026-06-01 05:03:55,525 [DEBUG] serial_handler: TX queued: CMD,1059,SIMP,93948
2026-06-01 05:03:55,525 [DEBUG] simp_sender: SIMP TX [4/156]: CMD,1059,SIMP,93948
2026-06-01 05:03:56,511 [INFO] serial_handler: TX sent: CMD,1059,SIMP,93948
2026-06-01 05:03:56,538 [DEBUG] serial_handler: TX queued: CMD,1059,SIMP,93948
2026-06-01 05:03:56,538 [DEBUG] simp_sender: SIMP TX [5/156]: CMD,1059,SIMP,93948
2026-06-01 05:03:57,504 [INFO] serial_handler: TX sent: CMD,1059,SIMP,93948
2026-06-01 05:03:57,554 [DEBUG] serial_handler: TX queued: CMD,1059,SIMP,93948
2026-06-01 05:03:57,554 [DEBUG] simp_sender: SIMP TX [6/156]: CMD,1059,SIMP,93948
2026-06-01 05:03:58,512 [INFO] serial_handler: TX sent: CMD,1059,SIMP,93948
2026-06-01 05:03:58,568 [DEBUG] serial_handler: TX queued: CMD,1059,SIMP,93948
2026-06-01 05:03:58,568 [DEBUG] simp_sender: SIMP TX [7/156]: CMD,1059,SIMP,93948
2026-06-01 05:03:59,505 [INFO] serial_handler: TX sent: CMD,1059,SIMP,93948
2026-06-01 05:03:59,582 [DEBUG] serial_handler: TX queued: CMD,1059,SIMP,93948
2026-06-01 05:03:59,582 [DEBUG] simp_sender: SIMP TX [8/156]: CMD,1059,SIMP,93948
2026-06-01 05:04:00,514 [INFO] serial_handler: TX sent: CMD,1059,SIMP,93948
2026-06-01 05:04:00,596 [DEBUG] serial_handler: TX queued: CMD,1059,SIMP,93949
2026-06-01 05:04:00,596 [DEBUG] simp_sender: SIMP TX [9/156]: CMD,1059,SIMP,93949
2026-06-01 05:04:01,508 [INFO] serial_handler: TX sent: CMD,1059,SIMP,93949
2026-06-01 05:04:01,610 [DEBUG] serial_handler: TX queued: CMD,1059,SIMP,93949
2026-06-01 05:04:01,610 [DEBUG] simp_sender: SIMP TX [10/156]: CMD,1059,SIMP,93949
2026-06-01 05:04:02,500 [INFO] serial_handler: TX sent: CMD,1059,SIMP,93949
2026-06-01 05:04:02,623 [DEBUG] serial_handler: TX queued: CMD,1059,SIMP,93949
2026-06-01 05:04:02,623 [DEBUG] simp_sender: SIMP TX [11/156]: CMD,1059,SIMP,93949
2026-06-01 05:04:03,508 [INFO] serial_handler: TX sent: CMD,1059,SIMP,93949
2026-06-01 05:04:03,638 [DEBUG] serial_handler: TX queued: CMD,1059,SIMP,93949
2026-06-01 05:04:03,638 [DEBUG] simp_sender: SIMP TX [12/156]: CMD,1059,SIMP,93949
2026-06-01 05:04:04,502 [INFO] serial_handler: TX sent: CMD,1059,SIMP,93949
2026-06-01 05:04:04,653 [DEBUG] serial_handler: TX queued: CMD,1059,SIMP,93948
2026-06-01 05:04:04,654 [DEBUG] simp_sender: SIMP TX [13/156]: CMD,1059,SIMP,93948
2026-06-01 05:04:05,511 [INFO] serial_handler: TX sent: CMD,1059,SIMP,93948
2026-06-01 05:04:05,666 [DEBUG] serial_handler: TX queued: CMD,1059,SIMP,93948
2026-06-01 05:04:05,666 [DEBUG] simp_sender: SIMP TX [14/156]: CMD,1059,SIMP,93948
2026-06-01 05:04:06,509 [INFO] serial_handler: TX sent: CMD,1059,SIMP,93948
2026-06-01 05:04:06,679 [DEBUG] serial_handler: TX queued: CMD,1059,SIMP,93948
2026-06-01 05:04:06,679 [DEBUG] simp_sender: SIMP TX [15/156]: CMD,1059,SIMP,93948
2026-06-01 05:04:07,514 [INFO] serial_handler: TX sent: CMD,1059,SIMP,93948
2026-06-01 05:04:07,694 [DEBUG] serial_handler: TX queued: CMD,1059,SIMP,93948
2026-06-01 05:04:07,694 [DEBUG] simp_sender: SIMP TX [16/156]: CMD,1059,SIMP,93948
2026-06-01 05:04:08,506 [INFO] serial_handler: TX sent: CMD,1059,SIMP,93948
2026-06-01 05:04:08,708 [DEBUG] serial_handler: TX queued: CMD,1059,SIMP,93947
2026-06-01 05:04:08,708 [DEBUG] simp_sender: SIMP TX [17/156]: CMD,1059,SIMP,93947
2026-06-01 05:04:09,517 [INFO] serial_handler: TX sent: CMD,1059,SIMP,93947
2026-06-01 05:04:09,725 [DEBUG] serial_handler: TX queued: CMD,1059,SIMP,93947
2026-06-01 05:04:09,725 [DEBUG] simp_sender: SIMP TX [18/156]: CMD,1059,SIMP,93947
2026-06-01 05:04:10,513 [INFO] serial_handler: TX sent: CMD,1059,SIMP,93947
2026-06-01 05:04:10,737 [DEBUG] serial_handler: TX queued: CMD,1059,SIMP,93947
2026-06-01 05:04:10,737 [DEBUG] simp_sender: SIMP TX [19/156]: CMD,1059,SIMP,93947
2026-06-01 05:04:11,500 [INFO] serial_handler: TX sent: CMD,1059,SIMP,93947
2026-06-01 05:04:11,752 [DEBUG] serial_handler: TX queued: CMD,1059,SIMP,93947
2026-06-01 05:04:11,752 [DEBUG] simp_sender: SIMP TX [20/156]: CMD,1059,SIMP,93947
2026-06-01 05:04:12,509 [INFO] serial_handler: TX sent: CMD,1059,SIMP,93947
2026-06-01 05:04:12,767 [DEBUG] serial_handler: TX queued: CMD,1059,SIMP,93946
2026-06-01 05:04:12,767 [DEBUG] simp_sender: SIMP TX [21/156]: CMD,1059,SIMP,93946
2026-06-01 05:04:13,504 [INFO] serial_handler: TX sent: CMD,1059,SIMP,93946
2026-06-01 05:04:13,782 [DEBUG] serial_handler: TX queued: CMD,1059,SIMP,93829
2026-06-01 05:04:13,782 [DEBUG] simp_sender: SIMP TX [22/156]: CMD,1059,SIMP,93829
2026-06-01 05:04:14,510 [INFO] serial_handler: TX sent: CMD,1059,SIMP,93829
2026-06-01 05:04:14,796 [DEBUG] serial_handler: TX queued: CMD,1059,SIMP,93085
2026-06-01 05:04:14,796 [DEBUG] simp_sender: SIMP TX [23/156]: CMD,1059,SIMP,93085
2026-06-01 05:04:15,500 [INFO] serial_handler: TX sent: CMD,1059,SIMP,93085
2026-06-01 05:04:15,812 [DEBUG] serial_handler: TX queued: CMD,1059,SIMP,92016
2026-06-01 05:04:15,812 [DEBUG] simp_sender: SIMP TX [24/156]: CMD,1059,SIMP,92016
2026-06-01 05:04:16,513 [INFO] serial_handler: TX sent: CMD,1059,SIMP,92016
2026-06-01 05:04:16,826 [DEBUG] serial_handler: TX queued: CMD,1059,SIMP,89603
2026-06-01 05:04:16,826 [DEBUG] simp_sender: SIMP TX [25/156]: CMD,1059,SIMP,89603
2026-06-01 05:04:17,505 [INFO] serial_handler: TX sent: CMD,1059,SIMP,89603
2026-06-01 05:04:17,840 [DEBUG] serial_handler: TX queued: CMD,1059,SIMP,88575
2026-06-01 05:04:17,840 [DEBUG] simp_sender: SIMP TX [26/156]: CMD,1059,SIMP,88575
2026-06-01 05:04:18,514 [INFO] serial_handler: TX sent: CMD,1059,SIMP,88575
2026-06-01 05:04:18,853 [DEBUG] serial_handler: TX queued: CMD,1059,SIMP,87836
2026-06-01 05:04:18,853 [DEBUG] simp_sender: SIMP TX [27/156]: CMD,1059,SIMP,87836
2026-06-01 05:04:19,494 [INFO] serial_handler: TX sent: CMD,1059,SIMP,87836
2026-06-01 05:04:19,866 [DEBUG] serial_handler: TX queued: CMD,1059,SIMP,87232
2026-06-01 05:04:19,866 [DEBUG] simp_sender: SIMP TX [28/156]: CMD,1059,SIMP,87232
2026-06-01 05:04:20,514 [INFO] serial_handler: TX sent: CMD,1059,SIMP,87232
2026-06-01 05:04:20,881 [DEBUG] serial_handler: TX queued: CMD,1059,SIMP,86794
2026-06-01 05:04:20,881 [DEBUG] simp_sender: SIMP TX [29/156]: CMD,1059,SIMP,86794
2026-06-01 05:04:21,509 [INFO] serial_handler: TX sent: CMD,1059,SIMP,86794
2026-06-01 05:04:21,893 [DEBUG] serial_handler: TX queued: CMD,1059,SIMP,86251
2026-06-01 05:04:21,893 [DEBUG] simp_sender: SIMP TX [30/156]: CMD,1059,SIMP,86251
2026-06-01 05:04:22,517 [INFO] serial_handler: TX sent: CMD,1059,SIMP,86251
2026-06-01 05:04:22,905 [DEBUG] serial_handler: TX queued: CMD,1059,SIMP,86205
2026-06-01 05:04:22,905 [DEBUG] simp_sender: SIMP TX [31/156]: CMD,1059,SIMP,86205
2026-06-01 05:04:23,507 [INFO] serial_handler: TX sent: CMD,1059,SIMP,86205
2026-06-01 05:04:23,921 [DEBUG] serial_handler: TX queued: CMD,1059,SIMP,86166
2026-06-01 05:04:23,921 [DEBUG] simp_sender: SIMP TX [32/156]: CMD,1059,SIMP,86166
2026-06-01 05:04:24,504 [INFO] serial_handler: TX sent: CMD,1059,SIMP,86166
2026-06-01 05:04:24,936 [DEBUG] serial_handler: TX queued: CMD,1059,SIMP,86216
2026-06-01 05:04:24,936 [DEBUG] simp_sender: SIMP TX [33/156]: CMD,1059,SIMP,86216
2026-06-01 05:04:25,506 [INFO] serial_handler: TX sent: CMD,1059,SIMP,86216
2026-06-01 05:04:25,953 [DEBUG] serial_handler: TX queued: CMD,1059,SIMP,86374
2026-06-01 05:04:25,985 [DEBUG] simp_sender: SIMP TX [34/156]: CMD,1059,SIMP,86374
2026-06-01 05:04:26,507 [INFO] serial_handler: TX sent: CMD,1059,SIMP,86374
2026-06-01 05:04:26,997 [DEBUG] serial_handler: TX queued: CMD,1059,SIMP,86533
2026-06-01 05:04:26,997 [DEBUG] simp_sender: SIMP TX [35/156]: CMD,1059,SIMP,86533
2026-06-01 05:04:27,513 [INFO] serial_handler: TX sent: CMD,1059,SIMP,86533
2026-06-01 05:04:28,013 [DEBUG] serial_handler: TX queued: CMD,1059,SIMP,86691
2026-06-01 05:04:28,013 [DEBUG] simp_sender: SIMP TX [36/156]: CMD,1059,SIMP,86691
2026-06-01 05:04:28,507 [INFO] serial_handler: TX sent: CMD,1059,SIMP,86691
2026-06-01 05:04:29,028 [DEBUG] serial_handler: TX queued: CMD,1059,SIMP,86850
2026-06-01 05:04:29,028 [DEBUG] simp_sender: SIMP TX [37/156]: CMD,1059,SIMP,86850
2026-06-01 05:04:29,512 [INFO] serial_handler: TX sent: CMD,1059,SIMP,86850
2026-06-01 05:04:30,040 [DEBUG] serial_handler: TX queued: CMD,1059,SIMP,87010
2026-06-01 05:04:30,062 [DEBUG] simp_sender: SIMP TX [38/156]: CMD,1059,SIMP,87010
2026-06-01 05:04:30,501 [INFO] serial_handler: TX sent: CMD,1059,SIMP,87010
2026-06-01 05:04:31,084 [DEBUG] serial_handler: TX queued: CMD,1059,SIMP,87169
2026-06-01 05:04:31,084 [DEBUG] simp_sender: SIMP TX [39/156]: CMD,1059,SIMP,87169
2026-06-01 05:04:31,518 [INFO] serial_handler: TX sent: CMD,1059,SIMP,87169
2026-06-01 05:04:32,098 [DEBUG] serial_handler: TX queued: CMD,1059,SIMP,87329
2026-06-01 05:04:32,098 [DEBUG] simp_sender: SIMP TX [40/156]: CMD,1059,SIMP,87329
2026-06-01 05:04:32,511 [INFO] serial_handler: TX sent: CMD,1059,SIMP,87329
2026-06-01 05:04:33,113 [DEBUG] serial_handler: TX queued: CMD,1059,SIMP,87488
2026-06-01 05:04:33,113 [DEBUG] simp_sender: SIMP TX [41/156]: CMD,1059,SIMP,87488
2026-06-01 05:04:33,520 [INFO] serial_handler: TX sent: CMD,1059,SIMP,87488
2026-06-01 05:04:34,127 [DEBUG] serial_handler: TX queued: CMD,1059,SIMP,87649
2026-06-01 05:04:34,154 [DEBUG] simp_sender: SIMP TX [42/156]: CMD,1059,SIMP,87649
2026-06-01 05:04:34,512 [INFO] serial_handler: TX sent: CMD,1059,SIMP,87649
2026-06-01 05:04:35,178 [DEBUG] serial_handler: TX queued: CMD,1059,SIMP,87809
2026-06-01 05:04:35,179 [DEBUG] simp_sender: SIMP TX [43/156]: CMD,1059,SIMP,87809
2026-06-01 05:04:35,506 [INFO] serial_handler: TX sent: CMD,1059,SIMP,87809
2026-06-01 05:04:36,190 [DEBUG] serial_handler: TX queued: CMD,1059,SIMP,87970
2026-06-01 05:04:36,191 [DEBUG] simp_sender: SIMP TX [44/156]: CMD,1059,SIMP,87970
2026-06-01 05:04:36,515 [INFO] serial_handler: TX sent: CMD,1059,SIMP,87970
2026-06-01 05:04:37,206 [DEBUG] serial_handler: TX queued: CMD,1059,SIMP,88130
2026-06-01 05:04:37,206 [DEBUG] simp_sender: SIMP TX [45/156]: CMD,1059,SIMP,88130
2026-06-01 05:04:37,507 [INFO] serial_handler: TX sent: CMD,1059,SIMP,88130
2026-06-01 05:04:38,222 [DEBUG] serial_handler: TX queued: CMD,1059,SIMP,88291
2026-06-01 05:04:38,245 [DEBUG] simp_sender: SIMP TX [46/156]: CMD,1059,SIMP,88291
2026-06-01 05:04:38,516 [INFO] serial_handler: TX sent: CMD,1059,SIMP,88291
2026-06-01 05:04:39,260 [DEBUG] serial_handler: TX queued: CMD,1059,SIMP,88507
2026-06-01 05:04:39,260 [DEBUG] simp_sender: SIMP TX [47/156]: CMD,1059,SIMP,88507
2026-06-01 05:04:39,509 [INFO] serial_handler: TX sent: CMD,1059,SIMP,88507
2026-06-01 05:04:40,276 [DEBUG] serial_handler: TX queued: CMD,1059,SIMP,88722
2026-06-01 05:04:40,278 [DEBUG] simp_sender: SIMP TX [48/156]: CMD,1059,SIMP,88722
2026-06-01 05:04:40,518 [INFO] serial_handler: TX sent: CMD,1059,SIMP,88722
2026-06-01 05:04:41,293 [DEBUG] serial_handler: TX queued: CMD,1059,SIMP,88938
2026-06-01 05:04:41,293 [DEBUG] simp_sender: SIMP TX [49/156]: CMD,1059,SIMP,88938
2026-06-01 05:04:41,508 [INFO] serial_handler: TX sent: CMD,1059,SIMP,88938
2026-06-01 05:04:42,306 [DEBUG] serial_handler: TX queued: CMD,1059,SIMP,89154
2026-06-01 05:04:42,314 [DEBUG] simp_sender: SIMP TX [50/156]: CMD,1059,SIMP,89154
2026-06-01 05:04:42,503 [INFO] serial_handler: TX sent: CMD,1059,SIMP,89154
2026-06-01 05:04:43,336 [DEBUG] serial_handler: TX queued: CMD,1059,SIMP,89371
2026-06-01 05:04:43,336 [DEBUG] simp_sender: SIMP TX [51/156]: CMD,1059,SIMP,89371
2026-06-01 05:04:43,512 [INFO] serial_handler: TX sent: CMD,1059,SIMP,89371
2026-06-01 05:04:44,351 [DEBUG] serial_handler: TX queued: CMD,1059,SIMP,89589
2026-06-01 05:04:44,351 [DEBUG] simp_sender: SIMP TX [52/156]: CMD,1059,SIMP,89589
2026-06-01 05:04:44,505 [INFO] serial_handler: TX sent: CMD,1059,SIMP,89589
2026-06-01 05:04:45,368 [DEBUG] serial_handler: TX queued: CMD,1059,SIMP,89806
2026-06-01 05:04:45,368 [DEBUG] simp_sender: SIMP TX [53/156]: CMD,1059,SIMP,89806
2026-06-01 05:04:45,501 [INFO] serial_handler: TX sent: CMD,1059,SIMP,89806
2026-06-01 05:04:46,385 [DEBUG] serial_handler: TX queued: CMD,1059,SIMP,90024
2026-06-01 05:04:46,385 [DEBUG] simp_sender: SIMP TX [54/156]: CMD,1059,SIMP,90024
2026-06-01 05:04:46,524 [INFO] serial_handler: TX sent: CMD,1059,SIMP,90024
2026-06-01 05:04:47,399 [DEBUG] serial_handler: TX queued: CMD,1059,SIMP,90243
2026-06-01 05:04:47,399 [DEBUG] simp_sender: SIMP TX [55/156]: CMD,1059,SIMP,90243
2026-06-01 05:04:47,509 [INFO] serial_handler: TX sent: CMD,1059,SIMP,90243
2026-06-01 05:04:48,412 [DEBUG] serial_handler: TX queued: CMD,1059,SIMP,90462
2026-06-01 05:04:48,412 [DEBUG] simp_sender: SIMP TX [56/156]: CMD,1059,SIMP,90462
2026-06-01 05:04:48,510 [INFO] serial_handler: TX sent: CMD,1059,SIMP,90462
2026-06-01 05:04:49,425 [DEBUG] serial_handler: TX queued: CMD,1059,SIMP,90681
2026-06-01 05:04:49,425 [DEBUG] simp_sender: SIMP TX [57/156]: CMD,1059,SIMP,90681
2026-06-01 05:04:49,502 [INFO] serial_handler: TX sent: CMD,1059,SIMP,90681
2026-06-01 05:04:50,441 [DEBUG] serial_handler: TX queued: CMD,1059,SIMP,90901
2026-06-01 05:04:50,441 [DEBUG] simp_sender: SIMP TX [58/156]: CMD,1059,SIMP,90901
2026-06-01 05:04:50,511 [INFO] serial_handler: TX sent: CMD,1059,SIMP,90901
2026-06-01 05:04:51,454 [DEBUG] serial_handler: TX queued: CMD,1059,SIMP,91121
2026-06-01 05:04:51,454 [DEBUG] simp_sender: SIMP TX [59/156]: CMD,1059,SIMP,91121
2026-06-01 05:04:51,504 [INFO] serial_handler: TX sent: CMD,1059,SIMP,91121
2026-06-01 05:04:52,469 [DEBUG] serial_handler: TX queued: CMD,1059,SIMP,91342
2026-06-01 05:04:52,469 [DEBUG] simp_sender: SIMP TX [60/156]: CMD,1059,SIMP,91342
2026-06-01 05:04:52,512 [INFO] serial_handler: TX sent: CMD,1059,SIMP,91342
2026-06-01 05:04:53,482 [DEBUG] serial_handler: TX queued: CMD,1059,SIMP,91563
2026-06-01 05:04:53,482 [DEBUG] simp_sender: SIMP TX [61/156]: CMD,1059,SIMP,91563
2026-06-01 05:04:53,505 [INFO] serial_handler: TX sent: CMD,1059,SIMP,91563
2026-06-01 05:04:54,496 [DEBUG] serial_handler: TX queued: CMD,1059,SIMP,91709
2026-06-01 05:04:54,496 [DEBUG] simp_sender: SIMP TX [62/156]: CMD,1059,SIMP,91709
2026-06-01 05:04:54,518 [INFO] serial_handler: TX sent: CMD,1059,SIMP,91709
2026-06-01 05:04:55,509 [DEBUG] serial_handler: TX queued: CMD,1059,SIMP,91765
2026-06-01 05:04:55,509 [DEBUG] simp_sender: SIMP TX [63/156]: CMD,1059,SIMP,91765
2026-06-01 05:04:56,516 [INFO] serial_handler: TX sent: CMD,1059,SIMP,91765
2026-06-01 05:04:56,527 [DEBUG] serial_handler: TX queued: CMD,1059,SIMP,91821
2026-06-01 05:04:56,527 [DEBUG] simp_sender: SIMP TX [64/156]: CMD,1059,SIMP,91821
2026-06-01 05:04:57,504 [INFO] serial_handler: TX sent: CMD,1059,SIMP,91821
2026-06-01 05:04:57,539 [DEBUG] serial_handler: TX queued: CMD,1059,SIMP,91878
2026-06-01 05:04:57,539 [DEBUG] simp_sender: SIMP TX [65/156]: CMD,1059,SIMP,91878
2026-06-01 05:04:58,502 [INFO] serial_handler: TX sent: CMD,1059,SIMP,91878
2026-06-01 05:04:58,559 [DEBUG] serial_handler: TX queued: CMD,1059,SIMP,91934
2026-06-01 05:04:58,560 [DEBUG] simp_sender: SIMP TX [66/156]: CMD,1059,SIMP,91934
2026-06-01 05:04:59,511 [INFO] serial_handler: TX sent: CMD,1059,SIMP,91934
2026-06-01 05:04:59,575 [DEBUG] serial_handler: TX queued: CMD,1059,SIMP,91990
2026-06-01 05:04:59,576 [DEBUG] simp_sender: SIMP TX [67/156]: CMD,1059,SIMP,91990
2026-06-01 05:05:00,501 [INFO] serial_handler: TX sent: CMD,1059,SIMP,91990
2026-06-01 05:05:00,592 [DEBUG] serial_handler: TX queued: CMD,1059,SIMP,92046
2026-06-01 05:05:00,592 [DEBUG] simp_sender: SIMP TX [68/156]: CMD,1059,SIMP,92046
2026-06-01 05:05:01,512 [INFO] serial_handler: TX sent: CMD,1059,SIMP,92046
2026-06-01 05:05:01,605 [DEBUG] serial_handler: TX queued: CMD,1059,SIMP,92102
2026-06-01 05:05:01,605 [DEBUG] simp_sender: SIMP TX [69/156]: CMD,1059,SIMP,92102
2026-06-01 05:05:02,505 [INFO] serial_handler: TX sent: CMD,1059,SIMP,92102
2026-06-01 05:05:02,618 [DEBUG] serial_handler: TX queued: CMD,1059,SIMP,92158
2026-06-01 05:05:02,618 [DEBUG] simp_sender: SIMP TX [70/156]: CMD,1059,SIMP,92158
2026-06-01 05:05:03,514 [INFO] serial_handler: TX sent: CMD,1059,SIMP,92158
2026-06-01 05:05:03,631 [DEBUG] serial_handler: TX queued: CMD,1059,SIMP,92214
2026-06-01 05:05:03,631 [DEBUG] simp_sender: SIMP TX [71/156]: CMD,1059,SIMP,92214
2026-06-01 05:05:04,507 [INFO] serial_handler: TX sent: CMD,1059,SIMP,92214
2026-06-01 05:05:04,645 [DEBUG] serial_handler: TX queued: CMD,1059,SIMP,92271
2026-06-01 05:05:04,645 [DEBUG] simp_sender: SIMP TX [72/156]: CMD,1059,SIMP,92271
2026-06-01 05:05:05,516 [INFO] serial_handler: TX sent: CMD,1059,SIMP,92271
2026-06-01 05:05:05,660 [DEBUG] serial_handler: TX queued: CMD,1059,SIMP,92327
2026-06-01 05:05:05,660 [DEBUG] simp_sender: SIMP TX [73/156]: CMD,1059,SIMP,92327
2026-06-01 05:05:06,509 [INFO] serial_handler: TX sent: CMD,1059,SIMP,92327
2026-06-01 05:05:06,672 [DEBUG] serial_handler: TX queued: CMD,1059,SIMP,92383
2026-06-01 05:05:06,674 [DEBUG] simp_sender: SIMP TX [74/156]: CMD,1059,SIMP,92383
2026-06-01 05:05:07,509 [INFO] serial_handler: TX sent: CMD,1059,SIMP,92383
2026-06-01 05:05:07,689 [DEBUG] serial_handler: TX queued: CMD,1059,SIMP,92439
2026-06-01 05:05:07,689 [DEBUG] simp_sender: SIMP TX [75/156]: CMD,1059,SIMP,92439
2026-06-01 05:05:08,509 [INFO] serial_handler: TX sent: CMD,1059,SIMP,92439
2026-06-01 05:05:08,705 [DEBUG] serial_handler: TX queued: CMD,1059,SIMP,92496
2026-06-01 05:05:08,705 [DEBUG] simp_sender: SIMP TX [76/156]: CMD,1059,SIMP,92496
2026-06-01 05:05:09,503 [INFO] serial_handler: TX sent: CMD,1059,SIMP,92496
2026-06-01 05:05:09,720 [DEBUG] serial_handler: TX queued: CMD,1059,SIMP,92552
2026-06-01 05:05:09,720 [DEBUG] simp_sender: SIMP TX [77/156]: CMD,1059,SIMP,92552
2026-06-01 05:05:10,512 [INFO] serial_handler: TX sent: CMD,1059,SIMP,92552
2026-06-01 05:05:10,735 [DEBUG] serial_handler: TX queued: CMD,1059,SIMP,92608
2026-06-01 05:05:10,735 [DEBUG] simp_sender: SIMP TX [78/156]: CMD,1059,SIMP,92608
2026-06-01 05:05:11,505 [INFO] serial_handler: TX sent: CMD,1059,SIMP,92608
2026-06-01 05:05:11,751 [DEBUG] serial_handler: TX queued: CMD,1059,SIMP,92665
2026-06-01 05:05:11,751 [DEBUG] simp_sender: SIMP TX [79/156]: CMD,1059,SIMP,92665
2026-06-01 05:05:12,514 [INFO] serial_handler: TX sent: CMD,1059,SIMP,92665
2026-06-01 05:05:12,763 [DEBUG] serial_handler: TX queued: CMD,1059,SIMP,92721
2026-06-01 05:05:12,763 [DEBUG] simp_sender: SIMP TX [80/156]: CMD,1059,SIMP,92721
2026-06-01 05:05:13,506 [INFO] serial_handler: TX sent: CMD,1059,SIMP,92721
2026-06-01 05:05:13,779 [DEBUG] serial_handler: TX queued: CMD,1059,SIMP,92778
2026-06-01 05:05:13,779 [DEBUG] simp_sender: SIMP TX [81/156]: CMD,1059,SIMP,92778
2026-06-01 05:05:14,510 [INFO] serial_handler: TX sent: CMD,1059,SIMP,92778
2026-06-01 05:05:14,793 [DEBUG] serial_handler: TX queued: CMD,1059,SIMP,92834
2026-06-01 05:05:14,793 [DEBUG] simp_sender: SIMP TX [82/156]: CMD,1059,SIMP,92834
2026-06-01 05:05:15,508 [INFO] serial_handler: TX sent: CMD,1059,SIMP,92834
2026-06-01 05:05:15,804 [DEBUG] serial_handler: TX queued: CMD,1059,SIMP,92891
2026-06-01 05:05:15,804 [DEBUG] simp_sender: SIMP TX [83/156]: CMD,1059,SIMP,92891
2026-06-01 05:05:16,515 [INFO] serial_handler: TX sent: CMD,1059,SIMP,92891
2026-06-01 05:05:16,817 [DEBUG] serial_handler: TX queued: CMD,1059,SIMP,92947
2026-06-01 05:05:16,817 [DEBUG] simp_sender: SIMP TX [84/156]: CMD,1059,SIMP,92947
2026-06-01 05:05:17,510 [INFO] serial_handler: TX sent: CMD,1059,SIMP,92947
2026-06-01 05:05:17,829 [DEBUG] serial_handler: TX queued: CMD,1059,SIMP,93004
2026-06-01 05:05:17,829 [DEBUG] simp_sender: SIMP TX [85/156]: CMD,1059,SIMP,93004
2026-06-01 05:05:18,503 [INFO] serial_handler: TX sent: CMD,1059,SIMP,93004
2026-06-01 05:05:18,842 [DEBUG] serial_handler: TX queued: CMD,1059,SIMP,93061
2026-06-01 05:05:18,842 [DEBUG] simp_sender: SIMP TX [86/156]: CMD,1059,SIMP,93061
2026-06-01 05:05:19,512 [INFO] serial_handler: TX sent: CMD,1059,SIMP,93061
2026-06-01 05:05:19,854 [DEBUG] serial_handler: TX queued: CMD,1059,SIMP,93117
2026-06-01 05:05:19,854 [DEBUG] simp_sender: SIMP TX [87/156]: CMD,1059,SIMP,93117
2026-06-01 05:05:20,523 [INFO] serial_handler: TX sent: CMD,1059,SIMP,93117
2026-06-01 05:05:20,867 [DEBUG] serial_handler: TX queued: CMD,1059,SIMP,93174
2026-06-01 05:05:20,867 [DEBUG] simp_sender: SIMP TX [88/156]: CMD,1059,SIMP,93174
2026-06-01 05:05:21,507 [INFO] serial_handler: TX sent: CMD,1059,SIMP,93174
2026-06-01 05:05:21,879 [DEBUG] serial_handler: TX queued: CMD,1059,SIMP,93231
2026-06-01 05:05:21,905 [DEBUG] simp_sender: SIMP TX [89/156]: CMD,1059,SIMP,93231
2026-06-01 05:05:22,509 [INFO] serial_handler: TX sent: CMD,1059,SIMP,93231
2026-06-01 05:05:22,919 [DEBUG] serial_handler: TX queued: CMD,1059,SIMP,93287
2026-06-01 05:05:22,920 [DEBUG] simp_sender: SIMP TX [90/156]: CMD,1059,SIMP,93287
2026-06-01 05:05:23,511 [INFO] serial_handler: TX sent: CMD,1059,SIMP,93287
2026-06-01 05:05:23,934 [DEBUG] serial_handler: TX queued: CMD,1059,SIMP,93344
2026-06-01 05:05:23,934 [DEBUG] simp_sender: SIMP TX [91/156]: CMD,1059,SIMP,93344
2026-06-01 05:05:24,527 [INFO] serial_handler: TX sent: CMD,1059,SIMP,93344
2026-06-01 05:05:24,946 [DEBUG] serial_handler: TX queued: CMD,1059,SIMP,93401
2026-06-01 05:05:24,946 [DEBUG] simp_sender: SIMP TX [92/156]: CMD,1059,SIMP,93401
2026-06-01 05:05:25,502 [INFO] serial_handler: TX sent: CMD,1059,SIMP,93401
2026-06-01 05:05:25,962 [DEBUG] serial_handler: TX queued: CMD,1059,SIMP,93458
2026-06-01 05:05:25,982 [DEBUG] simp_sender: SIMP TX [93/156]: CMD,1059,SIMP,93458
2026-06-01 05:05:26,502 [INFO] serial_handler: TX sent: CMD,1059,SIMP,93458
2026-06-01 05:05:26,999 [DEBUG] serial_handler: TX queued: CMD,1059,SIMP,93514
2026-06-01 05:05:26,999 [DEBUG] simp_sender: SIMP TX [94/156]: CMD,1059,SIMP,93514
2026-06-01 05:05:27,502 [INFO] serial_handler: TX sent: CMD,1059,SIMP,93514
2026-06-01 05:05:28,015 [DEBUG] serial_handler: TX queued: CMD,1059,SIMP,93571
2026-06-01 05:05:28,015 [DEBUG] simp_sender: SIMP TX [95/156]: CMD,1059,SIMP,93571
2026-06-01 05:05:28,505 [INFO] serial_handler: TX sent: CMD,1059,SIMP,93571
2026-06-01 05:05:29,027 [DEBUG] serial_handler: TX queued: CMD,1059,SIMP,93628
2026-06-01 05:05:29,027 [DEBUG] simp_sender: SIMP TX [96/156]: CMD,1059,SIMP,93628
2026-06-01 05:05:29,505 [INFO] serial_handler: TX sent: CMD,1059,SIMP,93628
2026-06-01 05:05:30,044 [DEBUG] serial_handler: TX queued: CMD,1059,SIMP,93685
2026-06-01 05:05:30,085 [DEBUG] simp_sender: SIMP TX [97/156]: CMD,1059,SIMP,93685
2026-06-01 05:05:30,512 [INFO] serial_handler: TX sent: CMD,1059,SIMP,93685
2026-06-01 05:05:31,099 [DEBUG] serial_handler: TX queued: CMD,1059,SIMP,93742
2026-06-01 05:05:31,099 [DEBUG] simp_sender: SIMP TX [98/156]: CMD,1059,SIMP,93742
2026-06-01 05:05:31,503 [INFO] serial_handler: TX sent: CMD,1059,SIMP,93742
2026-06-01 05:05:32,108 [DEBUG] serial_handler: TX queued: CMD,1059,SIMP,93799
2026-06-01 05:05:32,108 [DEBUG] simp_sender: SIMP TX [99/156]: CMD,1059,SIMP,93799
2026-06-01 05:05:32,516 [INFO] serial_handler: TX sent: CMD,1059,SIMP,93799
2026-06-01 05:05:33,122 [DEBUG] serial_handler: TX queued: CMD,1059,SIMP,93856
2026-06-01 05:05:33,122 [DEBUG] simp_sender: SIMP TX [100/156]: CMD,1059,SIMP,93856
2026-06-01 05:05:33,506 [INFO] serial_handler: TX sent: CMD,1059,SIMP,93856
2026-06-01 05:05:34,135 [DEBUG] serial_handler: TX queued: CMD,1059,SIMP,93913
2026-06-01 05:05:34,160 [DEBUG] simp_sender: SIMP TX [101/156]: CMD,1059,SIMP,93913
2026-06-01 05:05:34,518 [INFO] serial_handler: TX sent: CMD,1059,SIMP,93913
2026-06-01 05:05:35,181 [DEBUG] serial_handler: TX queued: CMD,1059,SIMP,93913
2026-06-01 05:05:35,181 [DEBUG] simp_sender: SIMP TX [102/156]: CMD,1059,SIMP,93913
2026-06-01 05:05:35,508 [INFO] serial_handler: TX sent: CMD,1059,SIMP,93913
2026-06-01 05:05:36,196 [DEBUG] serial_handler: TX queued: CMD,1059,SIMP,93913
2026-06-01 05:05:36,196 [DEBUG] simp_sender: SIMP TX [103/156]: CMD,1059,SIMP,93913
2026-06-01 05:05:36,504 [INFO] serial_handler: TX sent: CMD,1059,SIMP,93913
2026-06-01 05:05:37,209 [DEBUG] serial_handler: TX queued: CMD,1059,SIMP,93913
2026-06-01 05:05:37,209 [DEBUG] simp_sender: SIMP TX [104/156]: CMD,1059,SIMP,93913
2026-06-01 05:05:37,514 [INFO] serial_handler: TX sent: CMD,1059,SIMP,93913
2026-06-01 05:05:38,223 [DEBUG] serial_handler: TX queued: CMD,1059,SIMP,93913
2026-06-01 05:05:38,223 [DEBUG] simp_sender: SIMP TX [105/156]: CMD,1059,SIMP,93913
2026-06-01 05:05:38,500 [INFO] serial_handler: TX sent: CMD,1059,SIMP,93913
2026-06-01 05:05:39,234 [DEBUG] serial_handler: TX queued: CMD,1059,SIMP,93912
2026-06-01 05:05:39,234 [DEBUG] simp_sender: SIMP TX [106/156]: CMD,1059,SIMP,93912
2026-06-01 05:05:39,514 [INFO] serial_handler: TX sent: CMD,1059,SIMP,93912
2026-06-01 05:05:40,248 [DEBUG] serial_handler: TX queued: CMD,1059,SIMP,93913
2026-06-01 05:05:40,248 [DEBUG] simp_sender: SIMP TX [107/156]: CMD,1059,SIMP,93913
2026-06-01 05:05:40,506 [INFO] serial_handler: TX sent: CMD,1059,SIMP,93913
2026-06-01 05:05:41,260 [DEBUG] serial_handler: TX queued: CMD,1059,SIMP,93913
2026-06-01 05:05:41,260 [DEBUG] simp_sender: SIMP TX [108/156]: CMD,1059,SIMP,93913
2026-06-01 05:05:41,515 [INFO] serial_handler: TX sent: CMD,1059,SIMP,93913
2026-06-01 05:05:42,274 [DEBUG] serial_handler: TX queued: CMD,1059,SIMP,93913
2026-06-01 05:05:42,274 [DEBUG] simp_sender: SIMP TX [109/156]: CMD,1059,SIMP,93913
2026-06-01 05:05:42,507 [INFO] serial_handler: TX sent: CMD,1059,SIMP,93913
2026-06-01 05:05:43,289 [DEBUG] serial_handler: TX queued: CMD,1059,SIMP,93913
2026-06-01 05:05:43,289 [DEBUG] simp_sender: SIMP TX [110/156]: CMD,1059,SIMP,93913
2026-06-01 05:05:43,518 [INFO] serial_handler: TX sent: CMD,1059,SIMP,93913
2026-06-01 05:05:44,304 [DEBUG] serial_handler: TX queued: CMD,1059,SIMP,93913
2026-06-01 05:05:44,304 [DEBUG] simp_sender: SIMP TX [111/156]: CMD,1059,SIMP,93913
2026-06-01 05:05:44,511 [INFO] serial_handler: TX sent: CMD,1059,SIMP,93913
2026-06-01 05:05:45,315 [DEBUG] serial_handler: TX queued: CMD,1059,SIMP,93913
2026-06-01 05:05:45,315 [DEBUG] simp_sender: SIMP TX [112/156]: CMD,1059,SIMP,93913
2026-06-01 05:05:45,504 [INFO] serial_handler: TX sent: CMD,1059,SIMP,93913
2026-06-01 05:05:46,329 [DEBUG] serial_handler: TX queued: CMD,1059,SIMP,93913
2026-06-01 05:05:46,329 [DEBUG] simp_sender: SIMP TX [113/156]: CMD,1059,SIMP,93913
2026-06-01 05:05:46,512 [INFO] serial_handler: TX sent: CMD,1059,SIMP,93913
2026-06-01 05:05:47,344 [DEBUG] serial_handler: TX queued: CMD,1059,SIMP,93913
2026-06-01 05:05:47,344 [DEBUG] simp_sender: SIMP TX [114/156]: CMD,1059,SIMP,93913
2026-06-01 05:05:47,496 [INFO] serial_handler: TX sent: CMD,1059,SIMP,93913
2026-06-01 05:05:48,358 [DEBUG] serial_handler: TX queued: CMD,1059,SIMP,93913
2026-06-01 05:05:48,358 [DEBUG] simp_sender: SIMP TX [115/156]: CMD,1059,SIMP,93913
2026-06-01 05:05:48,515 [INFO] serial_handler: TX sent: CMD,1059,SIMP,93913
2026-06-01 05:05:49,369 [DEBUG] serial_handler: TX queued: CMD,1059,SIMP,93913
2026-06-01 05:05:49,369 [DEBUG] simp_sender: SIMP TX [116/156]: CMD,1059,SIMP,93913
2026-06-01 05:05:49,497 [INFO] serial_handler: TX sent: CMD,1059,SIMP,93913
2026-06-01 05:05:50,385 [DEBUG] serial_handler: TX queued: CMD,1059,SIMP,93913
2026-06-01 05:05:50,385 [DEBUG] simp_sender: SIMP TX [117/156]: CMD,1059,SIMP,93913
2026-06-01 05:05:50,508 [INFO] serial_handler: TX sent: CMD,1059,SIMP,93913
2026-06-01 05:05:51,400 [DEBUG] serial_handler: TX queued: CMD,1059,SIMP,93913
2026-06-01 05:05:51,400 [DEBUG] simp_sender: SIMP TX [118/156]: CMD,1059,SIMP,93913
2026-06-01 05:05:51,510 [INFO] serial_handler: TX sent: CMD,1059,SIMP,93913
2026-06-01 05:05:52,415 [DEBUG] serial_handler: TX queued: CMD,1059,SIMP,93913
2026-06-01 05:05:52,415 [DEBUG] simp_sender: SIMP TX [119/156]: CMD,1059,SIMP,93913
2026-06-01 05:05:52,494 [INFO] serial_handler: TX sent: CMD,1059,SIMP,93913
2026-06-01 05:05:53,430 [DEBUG] serial_handler: TX queued: CMD,1059,SIMP,93913
2026-06-01 05:05:53,431 [DEBUG] simp_sender: SIMP TX [120/156]: CMD,1059,SIMP,93913
2026-06-01 05:05:53,512 [INFO] serial_handler: TX sent: CMD,1059,SIMP,93913
2026-06-01 05:05:54,444 [DEBUG] serial_handler: TX queued: CMD,1059,SIMP,93913
2026-06-01 05:05:54,444 [DEBUG] simp_sender: SIMP TX [121/156]: CMD,1059,SIMP,93913
2026-06-01 05:05:54,520 [INFO] serial_handler: TX sent: CMD,1059,SIMP,93913
2026-06-01 05:05:55,457 [DEBUG] serial_handler: TX queued: CMD,1059,SIMP,93913
2026-06-01 05:05:55,457 [DEBUG] simp_sender: SIMP TX [122/156]: CMD,1059,SIMP,93913
2026-06-01 05:05:55,513 [INFO] serial_handler: TX sent: CMD,1059,SIMP,93913
2026-06-01 05:05:56,472 [DEBUG] serial_handler: TX queued: CMD,1059,SIMP,93913
2026-06-01 05:05:56,472 [DEBUG] simp_sender: SIMP TX [123/156]: CMD,1059,SIMP,93913
2026-06-01 05:05:56,502 [INFO] serial_handler: TX sent: CMD,1059,SIMP,93913
2026-06-01 05:05:57,484 [DEBUG] serial_handler: TX queued: CMD,1059,SIMP,93913
2026-06-01 05:05:57,484 [DEBUG] simp_sender: SIMP TX [124/156]: CMD,1059,SIMP,93913
2026-06-01 05:05:57,513 [INFO] serial_handler: TX sent: CMD,1059,SIMP,93913
2026-06-01 05:05:58,496 [DEBUG] serial_handler: TX queued: CMD,1059,SIMP,93913
2026-06-01 05:05:58,496 [DEBUG] simp_sender: SIMP TX [125/156]: CMD,1059,SIMP,93913
2026-06-01 05:05:58,513 [INFO] serial_handler: TX sent: CMD,1059,SIMP,93913
2026-06-01 05:05:59,510 [DEBUG] serial_handler: TX queued: CMD,1059,SIMP,93913
2026-06-01 05:05:59,510 [DEBUG] simp_sender: SIMP TX [126/156]: CMD,1059,SIMP,93913
2026-06-01 05:05:59,517 [INFO] serial_handler: TX sent: CMD,1059,SIMP,93913
2026-06-01 05:06:00,522 [DEBUG] serial_handler: TX queued: CMD,1059,SIMP,93913
2026-06-01 05:06:00,525 [DEBUG] simp_sender: SIMP TX [127/156]: CMD,1059,SIMP,93913
2026-06-01 05:06:01,502 [INFO] serial_handler: TX sent: CMD,1059,SIMP,93913
2026-06-01 05:06:01,536 [DEBUG] serial_handler: TX queued: CMD,1059,SIMP,93913
2026-06-01 05:06:01,537 [DEBUG] simp_sender: SIMP TX [128/156]: CMD,1059,SIMP,93913
2026-06-01 05:06:02,514 [INFO] serial_handler: TX sent: CMD,1059,SIMP,93913
2026-06-01 05:06:02,551 [DEBUG] serial_handler: TX queued: CMD,1059,SIMP,93913
2026-06-01 05:06:02,551 [DEBUG] simp_sender: SIMP TX [129/156]: CMD,1059,SIMP,93913
2026-06-01 05:06:03,504 [INFO] serial_handler: TX sent: CMD,1059,SIMP,93913
2026-06-01 05:06:03,563 [DEBUG] serial_handler: TX queued: CMD,1059,SIMP,93913
2026-06-01 05:06:03,563 [DEBUG] simp_sender: SIMP TX [130/156]: CMD,1059,SIMP,93913
2026-06-01 05:06:04,513 [INFO] serial_handler: TX sent: CMD,1059,SIMP,93913
2026-06-01 05:06:04,577 [DEBUG] serial_handler: TX queued: CMD,1059,SIMP,93913
2026-06-01 05:06:04,577 [DEBUG] simp_sender: SIMP TX [131/156]: CMD,1059,SIMP,93913
2026-06-01 05:06:05,506 [INFO] serial_handler: TX sent: CMD,1059,SIMP,93913
2026-06-01 05:06:05,593 [DEBUG] serial_handler: TX queued: CMD,1059,SIMP,93913
2026-06-01 05:06:05,593 [DEBUG] simp_sender: SIMP TX [132/156]: CMD,1059,SIMP,93913
2026-06-01 05:06:06,515 [INFO] serial_handler: TX sent: CMD,1059,SIMP,93913
2026-06-01 05:06:06,608 [DEBUG] serial_handler: TX queued: CMD,1059,SIMP,93913
2026-06-01 05:06:06,608 [DEBUG] simp_sender: SIMP TX [133/156]: CMD,1059,SIMP,93913
2026-06-01 05:06:07,509 [INFO] serial_handler: TX sent: CMD,1059,SIMP,93913
2026-06-01 05:06:07,620 [DEBUG] serial_handler: TX queued: CMD,1059,SIMP,93912
2026-06-01 05:06:07,620 [DEBUG] simp_sender: SIMP TX [134/156]: CMD,1059,SIMP,93912
2026-06-01 05:06:08,517 [INFO] serial_handler: TX sent: CMD,1059,SIMP,93912
2026-06-01 05:06:08,636 [DEBUG] serial_handler: TX queued: CMD,1059,SIMP,93912
2026-06-01 05:06:08,636 [DEBUG] simp_sender: SIMP TX [135/156]: CMD,1059,SIMP,93912
2026-06-01 05:06:09,505 [INFO] serial_handler: TX sent: CMD,1059,SIMP,93912
2026-06-01 05:06:09,649 [DEBUG] serial_handler: TX queued: CMD,1059,SIMP,93912
2026-06-01 05:06:09,649 [DEBUG] simp_sender: SIMP TX [136/156]: CMD,1059,SIMP,93912
2026-06-01 05:06:10,502 [INFO] serial_handler: TX sent: CMD,1059,SIMP,93912
2026-06-01 05:06:10,665 [DEBUG] serial_handler: TX queued: CMD,1059,SIMP,93913
2026-06-01 05:06:10,665 [DEBUG] simp_sender: SIMP TX [137/156]: CMD,1059,SIMP,93913
2026-06-01 05:06:11,507 [INFO] serial_handler: TX sent: CMD,1059,SIMP,93913
2026-06-01 05:06:11,678 [DEBUG] serial_handler: TX queued: CMD,1059,SIMP,93912
2026-06-01 05:06:11,678 [DEBUG] simp_sender: SIMP TX [138/156]: CMD,1059,SIMP,93912
2026-06-01 05:06:12,508 [INFO] serial_handler: TX sent: CMD,1059,SIMP,93912
2026-06-01 05:06:12,690 [DEBUG] serial_handler: TX queued: CMD,1059,SIMP,93913
2026-06-01 05:06:12,690 [DEBUG] simp_sender: SIMP TX [139/156]: CMD,1059,SIMP,93913
2026-06-01 05:06:13,514 [INFO] serial_handler: TX sent: CMD,1059,SIMP,93913
2026-06-01 05:06:13,703 [DEBUG] serial_handler: TX queued: CMD,1059,SIMP,93912
2026-06-01 05:06:13,703 [DEBUG] simp_sender: SIMP TX [140/156]: CMD,1059,SIMP,93912
2026-06-01 05:06:14,504 [INFO] serial_handler: TX sent: CMD,1059,SIMP,93912
2026-06-01 05:06:14,715 [DEBUG] serial_handler: TX queued: CMD,1059,SIMP,93913
2026-06-01 05:06:14,715 [DEBUG] simp_sender: SIMP TX [141/156]: CMD,1059,SIMP,93913
2026-06-01 05:06:15,520 [INFO] serial_handler: TX sent: CMD,1059,SIMP,93913
2026-06-01 05:06:15,729 [DEBUG] serial_handler: TX queued: CMD,1059,SIMP,93912
2026-06-01 05:06:15,729 [DEBUG] simp_sender: SIMP TX [142/156]: CMD,1059,SIMP,93912
2026-06-01 05:06:16,507 [INFO] serial_handler: TX sent: CMD,1059,SIMP,93912
2026-06-01 05:06:16,742 [DEBUG] serial_handler: TX queued: CMD,1059,SIMP,93914
2026-06-01 05:06:16,742 [DEBUG] simp_sender: SIMP TX [143/156]: CMD,1059,SIMP,93914
2026-06-01 05:06:17,517 [INFO] serial_handler: TX sent: CMD,1059,SIMP,93914
2026-06-01 05:06:17,756 [DEBUG] serial_handler: TX queued: CMD,1059,SIMP,93914
2026-06-01 05:06:17,789 [DEBUG] simp_sender: SIMP TX [144/156]: CMD,1059,SIMP,93914
2026-06-01 05:06:18,509 [INFO] serial_handler: TX sent: CMD,1059,SIMP,93914
2026-06-01 05:06:18,801 [DEBUG] serial_handler: TX queued: CMD,1059,SIMP,93914
2026-06-01 05:06:18,801 [DEBUG] simp_sender: SIMP TX [145/156]: CMD,1059,SIMP,93914
2026-06-01 05:06:19,518 [INFO] serial_handler: TX sent: CMD,1059,SIMP,93914
2026-06-01 05:06:19,813 [DEBUG] serial_handler: TX queued: CMD,1059,SIMP,93914
2026-06-01 05:06:19,813 [DEBUG] simp_sender: SIMP TX [146/156]: CMD,1059,SIMP,93914
2026-06-01 05:06:20,507 [INFO] serial_handler: TX sent: CMD,1059,SIMP,93914
2026-06-01 05:06:20,830 [DEBUG] serial_handler: TX queued: CMD,1059,SIMP,93914
2026-06-01 05:06:20,830 [DEBUG] simp_sender: SIMP TX [147/156]: CMD,1059,SIMP,93914
2026-06-01 05:06:21,505 [INFO] serial_handler: TX sent: CMD,1059,SIMP,93914
2026-06-01 05:06:21,846 [DEBUG] serial_handler: TX queued: CMD,1059,SIMP,93914
2026-06-01 05:06:21,872 [DEBUG] simp_sender: SIMP TX [148/156]: CMD,1059,SIMP,93914
2026-06-01 05:06:22,513 [INFO] serial_handler: TX sent: CMD,1059,SIMP,93914
2026-06-01 05:06:22,887 [DEBUG] serial_handler: TX queued: CMD,1059,SIMP,93914
2026-06-01 05:06:22,888 [DEBUG] simp_sender: SIMP TX [149/156]: CMD,1059,SIMP,93914
2026-06-01 05:06:23,504 [INFO] serial_handler: TX sent: CMD,1059,SIMP,93914
2026-06-01 05:06:23,901 [DEBUG] serial_handler: TX queued: CMD,1059,SIMP,93914
2026-06-01 05:06:23,901 [DEBUG] simp_sender: SIMP TX [150/156]: CMD,1059,SIMP,93914
2026-06-01 05:06:24,515 [INFO] serial_handler: TX sent: CMD,1059,SIMP,93914
2026-06-01 05:06:24,915 [DEBUG] serial_handler: TX queued: CMD,1059,SIMP,93914
2026-06-01 05:06:24,915 [DEBUG] simp_sender: SIMP TX [151/156]: CMD,1059,SIMP,93914
2026-06-01 05:06:25,504 [INFO] serial_handler: TX sent: CMD,1059,SIMP,93914
2026-06-01 05:06:25,927 [DEBUG] serial_handler: TX queued: CMD,1059,SIMP,93914
2026-06-01 05:06:25,970 [DEBUG] simp_sender: SIMP TX [152/156]: CMD,1059,SIMP,93914
2026-06-01 05:06:26,517 [INFO] serial_handler: TX sent: CMD,1059,SIMP,93914
2026-06-01 05:06:26,985 [DEBUG] serial_handler: TX queued: CMD,1059,SIMP,93914
2026-06-01 05:06:26,985 [DEBUG] simp_sender: SIMP TX [153/156]: CMD,1059,SIMP,93914
2026-06-01 05:06:27,510 [INFO] serial_handler: TX sent: CMD,1059,SIMP,93914
2026-06-01 05:06:27,999 [DEBUG] serial_handler: TX queued: CMD,1059,SIMP,93914
2026-06-01 05:06:27,999 [DEBUG] simp_sender: SIMP TX [154/156]: CMD,1059,SIMP,93914
2026-06-01 05:06:28,496 [INFO] serial_handler: TX sent: CMD,1059,SIMP,93914
2026-06-01 05:06:29,015 [DEBUG] serial_handler: TX queued: CMD,1059,SIMP,93914
2026-06-01 05:06:29,015 [DEBUG] simp_sender: SIMP TX [155/156]: CMD,1059,SIMP,93914
2026-06-01 05:06:29,512 [INFO] serial_handler: TX sent: CMD,1059,SIMP,93914
2026-06-01 05:06:30,027 [DEBUG] serial_handler: TX queued: CMD,1059,SIMP,93914
2026-06-01 05:06:30,027 [DEBUG] simp_sender: SIMP TX [156/156]: CMD,1059,SIMP,93914
2026-06-01 05:06:30,505 [INFO] serial_handler: TX sent: CMD,1059,SIMP,93914
2026-06-01 05:06:31,045 [INFO] simp_sender: SimpSender finished: all 156 commands sent
2026-06-01 05:06:31,045 [INFO] __main__: SimpSender finished all commands
2026-06-01 05:10:46,008 [INFO] __main__: TX: CMD,1059,SIM,DISABLE
2026-06-01 05:10:46,008 [DEBUG] serial_handler: TX queued: CMD,1059,SIM,DISABLE
2026-06-01 05:10:46,008 [INFO] __main__: TX: CMD,1059,SIM,DISABLE
2026-06-01 05:10:46,008 [DEBUG] serial_handler: TX queued: CMD,1059,SIM,DISABLE
2026-06-01 05:10:46,982 [INFO] serial_handler: TX sent: CMD,1059,SIM,DISABLE
2026-06-01 05:10:46,982 [INFO] serial_handler: TX sent: CMD,1059,SIM,DISABLE
2026-06-01 05:10:47,563 [INFO] __main__: TX: CMD,1059,CX,OFF
2026-06-01 05:10:47,563 [DEBUG] serial_handler: TX queued: CMD,1059,CX,OFF
2026-06-01 05:10:48,995 [INFO] serial_handler: TX sent: CMD,1059,CX,OFF
2026-06-01 05:10:50,776 [INFO] __main__: TX: CMD,1059,CX,ON
2026-06-01 05:10:50,776 [DEBUG] serial_handler: TX queued: CMD,1059,CX,ON
2026-06-01 05:10:51,000 [INFO] serial_handler: TX sent: CMD,1059,CX,ON
2026-06-01 05:11:03,619 [INFO] __main__: TX: CMD,1059,MEC,0004,ON
2026-06-01 05:11:03,619 [DEBUG] serial_handler: TX queued: CMD,1059,MEC,0004,ON
2026-06-01 05:11:04,329 [INFO] serial_handler: TX sent: CMD,1059,MEC,0004,ON
2026-06-01 05:11:09,519 [INFO] __main__: TX: CMD,1059,MEC,0004,OFF
2026-06-01 05:11:09,519 [DEBUG] serial_handler: TX queued: CMD,1059,MEC,0004,OFF
2026-06-01 05:11:10,335 [INFO] serial_handler: TX sent: CMD,1059,MEC,0004,OFF
2026-06-01 05:11:11,785 [INFO] __main__: TX: CMD,1059,MEC,0004,ON
2026-06-01 05:11:11,785 [DEBUG] serial_handler: TX queued: CMD,1059,MEC,0004,ON
2026-06-01 05:11:12,336 [INFO] serial_handler: TX sent: CMD,1059,MEC,0004,ON
2026-06-01 05:11:13,622 [INFO] __main__: TX: CMD,1059,MEC,0004,OFF
2026-06-01 05:11:13,622 [DEBUG] serial_handler: TX queued: CMD,1059,MEC,0004,OFF
2026-06-01 05:11:14,338 [INFO] serial_handler: TX sent: CMD,1059,MEC,0004,OFF
2026-06-01 05:11:34,693 [INFO] __main__: TX: CMD,1059,MEC,0004,ON
2026-06-01 05:11:34,693 [DEBUG] serial_handler: TX queued: CMD,1059,MEC,0004,ON
2026-06-01 05:11:35,332 [INFO] serial_handler: TX sent: CMD,1059,MEC,0004,ON
2026-06-01 05:12:23,853 [INFO] __main__: TX: CMD,1059,MEC,0004,OFF
2026-06-01 05:12:23,853 [DEBUG] serial_handler: TX queued: CMD,1059,MEC,0004,OFF
2026-06-01 05:12:24,334 [INFO] serial_handler: TX sent: CMD,1059,MEC,0004,OFF
2026-06-01 05:12:25,509 [INFO] __main__: TX: CMD,1059,MEC,0004,ON
2026-06-01 05:12:25,525 [DEBUG] serial_handler: TX queued: CMD,1059,MEC,0004,ON
2026-06-01 05:12:26,336 [INFO] serial_handler: TX sent: CMD,1059,MEC,0004,ON
2026-06-01 05:12:26,960 [INFO] __main__: TX: CMD,1059,MEC,0004,OFF
2026-06-01 05:12:26,960 [DEBUG] serial_handler: TX queued: CMD,1059,MEC,0004,OFF
2026-06-01 05:12:27,345 [INFO] serial_handler: TX sent: CMD,1059,MEC,0004,OFF
2026-06-01 05:12:28,111 [INFO] __main__: TX: CMD,1059,MEC,0004,ON
2026-06-01 05:12:28,111 [DEBUG] serial_handler: TX queued: CMD,1059,MEC,0004,ON
2026-06-01 05:12:28,332 [INFO] serial_handler: TX sent: CMD,1059,MEC,0004,ON
2026-06-01 05:12:29,107 [INFO] __main__: TX: CMD,1059,MEC,0004,OFF
2026-06-01 05:12:29,107 [DEBUG] serial_handler: TX queued: CMD,1059,MEC,0004,OFF
2026-06-01 05:12:29,330 [INFO] serial_handler: TX sent: CMD,1059,MEC,0004,OFF
2026-06-01 05:12:29,506 [INFO] __main__: TX: CMD,1059,MEC,0004,ON
2026-06-01 05:12:29,506 [DEBUG] serial_handler: TX queued: CMD,1059,MEC,0004,ON
2026-06-01 05:12:29,538 [INFO] __main__: TX: CMD,1059,MEC,0004,OFF
2026-06-01 05:12:29,538 [DEBUG] serial_handler: TX queued: CMD,1059,MEC,0004,OFF
2026-06-01 05:12:29,691 [INFO] __main__: TX: CMD,1059,MEC,0004,ON
2026-06-01 05:12:29,691 [DEBUG] serial_handler: TX queued: CMD,1059,MEC,0004,ON
2026-06-01 05:12:29,871 [INFO] __main__: TX: CMD,1059,MEC,0004,OFF
2026-06-01 05:12:29,871 [DEBUG] serial_handler: TX queued: CMD,1059,MEC,0004,OFF
2026-06-01 05:12:30,043 [INFO] __main__: TX: CMD,1059,MEC,0004,ON
2026-06-01 05:12:30,043 [DEBUG] serial_handler: TX queued: CMD,1059,MEC,0004,ON
2026-06-01 05:12:30,202 [INFO] __main__: TX: CMD,1059,MEC,0004,OFF
2026-06-01 05:12:30,202 [DEBUG] serial_handler: TX queued: CMD,1059,MEC,0004,OFF
2026-06-01 05:12:30,325 [INFO] serial_handler: TX sent: CMD,1059,MEC,0004,ON
2026-06-01 05:12:30,341 [INFO] serial_handler: TX sent: CMD,1059,MEC,0004,OFF
2026-06-01 05:12:30,341 [INFO] serial_handler: TX sent: CMD,1059,MEC,0004,ON
2026-06-01 05:12:30,347 [INFO] serial_handler: TX sent: CMD,1059,MEC,0004,OFF
2026-06-01 05:12:30,347 [INFO] serial_handler: TX sent: CMD,1059,MEC,0004,ON
2026-06-01 05:12:30,347 [INFO] serial_handler: TX sent: CMD,1059,MEC,0004,OFF
2026-06-01 05:12:30,503 [INFO] __main__: TX: CMD,1059,MEC,0004,ON
2026-06-01 05:12:30,503 [DEBUG] serial_handler: TX queued: CMD,1059,MEC,0004,ON
2026-06-01 05:12:30,529 [INFO] __main__: TX: CMD,1059,MEC,0004,OFF
2026-06-01 05:12:30,529 [DEBUG] serial_handler: TX queued: CMD,1059,MEC,0004,OFF
2026-06-01 05:12:30,697 [INFO] __main__: TX: CMD,1059,MEC,0004,ON
2026-06-01 05:12:30,698 [DEBUG] serial_handler: TX queued: CMD,1059,MEC,0004,ON
2026-06-01 05:12:30,851 [INFO] __main__: TX: CMD,1059,MEC,0004,OFF
2026-06-01 05:12:30,851 [DEBUG] serial_handler: TX queued: CMD,1059,MEC,0004,OFF
2026-06-01 05:12:31,034 [INFO] __main__: TX: CMD,1059,MEC,0004,ON
2026-06-01 05:12:31,034 [DEBUG] serial_handler: TX queued: CMD,1059,MEC,0004,ON
2026-06-01 05:12:31,316 [INFO] __main__: TX: CMD,1059,MEC,0004,OFF
2026-06-01 05:12:31,316 [DEBUG] serial_handler: TX queued: CMD,1059,MEC,0004,OFF
2026-06-01 05:12:31,332 [INFO] serial_handler: TX sent: CMD,1059,MEC,0004,ON
2026-06-01 05:12:31,332 [INFO] serial_handler: TX sent: CMD,1059,MEC,0004,OFF
2026-06-01 05:12:31,332 [INFO] serial_handler: TX sent: CMD,1059,MEC,0004,ON
2026-06-01 05:12:31,332 [INFO] serial_handler: TX sent: CMD,1059,MEC,0004,OFF
2026-06-01 05:12:31,332 [INFO] serial_handler: TX sent: CMD,1059,MEC,0004,ON
2026-06-01 05:12:31,332 [INFO] serial_handler: TX sent: CMD,1059,MEC,0004,OFF
2026-06-01 05:12:31,506 [INFO] __main__: TX: CMD,1059,MEC,0004,ON
2026-06-01 05:12:31,506 [DEBUG] serial_handler: TX queued: CMD,1059,MEC,0004,ON
2026-06-01 05:12:31,674 [INFO] __main__: TX: CMD,1059,MEC,0004,OFF
2026-06-01 05:12:31,674 [DEBUG] serial_handler: TX queued: CMD,1059,MEC,0004,OFF
2026-06-01 05:12:31,844 [INFO] __main__: TX: CMD,1059,MEC,0004,ON
2026-06-01 05:12:31,847 [DEBUG] serial_handler: TX queued: CMD,1059,MEC,0004,ON
2026-06-01 05:12:32,037 [INFO] __main__: TX: CMD,1059,MEC,0004,OFF
2026-06-01 05:12:32,037 [DEBUG] serial_handler: TX queued: CMD,1059,MEC,0004,OFF
2026-06-01 05:12:32,212 [INFO] __main__: TX: CMD,1059,MEC,0004,ON
2026-06-01 05:12:32,212 [DEBUG] serial_handler: TX queued: CMD,1059,MEC,0004,ON
2026-06-01 05:12:32,339 [INFO] serial_handler: TX sent: CMD,1059,MEC,0004,ON
2026-06-01 05:12:32,339 [INFO] serial_handler: TX sent: CMD,1059,MEC,0004,OFF
2026-06-01 05:12:32,348 [INFO] serial_handler: TX sent: CMD,1059,MEC,0004,ON
2026-06-01 05:12:32,354 [INFO] serial_handler: TX sent: CMD,1059,MEC,0004,OFF
2026-06-01 05:12:32,358 [INFO] serial_handler: TX sent: CMD,1059,MEC,0004,ON
2026-06-01 05:12:32,506 [INFO] __main__: TX: CMD,1059,MEC,0004,OFF
2026-06-01 05:12:32,506 [DEBUG] serial_handler: TX queued: CMD,1059,MEC,0004,OFF
2026-06-01 05:12:32,574 [INFO] __main__: TX: CMD,1059,MEC,0004,ON
2026-06-01 05:12:32,576 [DEBUG] serial_handler: TX queued: CMD,1059,MEC,0004,ON
2026-06-01 05:12:32,739 [INFO] __main__: TX: CMD,1059,MEC,0004,OFF
2026-06-01 05:12:32,739 [DEBUG] serial_handler: TX queued: CMD,1059,MEC,0004,OFF
2026-06-01 05:12:32,927 [INFO] __main__: TX: CMD,1059,MEC,0004,ON
2026-06-01 05:12:32,927 [DEBUG] serial_handler: TX queued: CMD,1059,MEC,0004,ON
2026-06-01 05:12:33,093 [INFO] __main__: TX: CMD,1059,MEC,0004,OFF
2026-06-01 05:12:33,093 [DEBUG] serial_handler: TX queued: CMD,1059,MEC,0004,OFF
2026-06-01 05:12:33,327 [INFO] serial_handler: TX sent: CMD,1059,MEC,0004,OFF
2026-06-01 05:12:33,337 [INFO] serial_handler: TX sent: CMD,1059,MEC,0004,ON
2026-06-01 05:12:33,337 [INFO] serial_handler: TX sent: CMD,1059,MEC,0004,OFF
2026-06-01 05:12:33,337 [INFO] serial_handler: TX sent: CMD,1059,MEC,0004,ON
2026-06-01 05:12:33,349 [INFO] serial_handler: TX sent: CMD,1059,MEC,0004,OFF
2026-06-01 05:12:34,512 [INFO] __main__: TX: CMD,1059,MEC,0004,ON
2026-06-01 05:12:34,512 [DEBUG] serial_handler: TX queued: CMD,1059,MEC,0004,ON
2026-06-01 05:12:34,547 [INFO] __main__: TX: CMD,1059,MEC,0004,OFF
2026-06-01 05:12:34,547 [DEBUG] serial_handler: TX queued: CMD,1059,MEC,0004,OFF
2026-06-01 05:12:35,335 [INFO] serial_handler: TX sent: CMD,1059,MEC,0004,ON
2026-06-01 05:12:35,335 [INFO] serial_handler: TX sent: CMD,1059,MEC,0004,OFF
2026-06-01 05:12:36,181 [INFO] __main__: TX: CMD,1059,MEC,0004,ON
2026-06-01 05:12:36,184 [DEBUG] serial_handler: TX queued: CMD,1059,MEC,0004,ON
2026-06-01 05:12:36,343 [INFO] serial_handler: TX sent: CMD,1059,MEC,0004,ON
2026-06-01 05:12:37,498 [INFO] __main__: TX: CMD,1059,MEC,0004,OFF
2026-06-01 05:12:37,505 [DEBUG] serial_handler: TX queued: CMD,1059,MEC,0004,OFF
2026-06-01 05:12:38,335 [INFO] serial_handler: TX sent: CMD,1059,MEC,0004,OFF
2026-06-01 05:12:39,631 [INFO] __main__: TX: CMD,1059,MEC,0004,ON
2026-06-01 05:12:39,631 [DEBUG] serial_handler: TX queued: CMD,1059,MEC,0004,ON
2026-06-01 05:12:40,071 [INFO] serial_handler: TX sent: CMD,1059,MEC,0004,ON
2026-06-01 05:12:41,678 [INFO] __main__: TX: CMD,1059,MEC,0004,OFF
2026-06-01 05:12:41,678 [DEBUG] serial_handler: TX queued: CMD,1059,MEC,0004,OFF
2026-06-01 05:12:42,077 [INFO] serial_handler: TX sent: CMD,1059,MEC,0004,OFF
2026-06-01 05:12:51,542 [INFO] __main__: TX: CMD,1059,CX,OFF
2026-06-01 05:12:51,542 [DEBUG] serial_handler: TX queued: CMD,1059,CX,OFF
2026-06-01 05:12:52,085 [INFO] serial_handler: TX sent: CMD,1059,CX,OFF
2026-06-01 05:12:52,541 [INFO] __main__: TX: CMD,1059,CX,ON
2026-06-01 05:12:52,541 [DEBUG] serial_handler: TX queued: CMD,1059,CX,ON
2026-06-01 05:12:54,092 [INFO] serial_handler: TX sent: CMD,1059,CX,ON
2026-06-01 05:12:54,589 [INFO] __main__: TX: CMD,1059,MEC,0004,ON
2026-06-01 05:12:54,589 [DEBUG] serial_handler: TX queued: CMD,1059,MEC,0004,ON
2026-06-01 05:12:55,415 [INFO] serial_handler: TX sent: CMD,1059,MEC,0004,ON
2026-06-01 05:12:57,580 [INFO] __main__: TX: CMD,1059,MEC,0004,OFF
2026-06-01 05:12:57,580 [DEBUG] serial_handler: TX queued: CMD,1059,MEC,0004,OFF
2026-06-01 05:12:58,423 [INFO] serial_handler: TX sent: CMD,1059,MEC,0004,OFF
2026-06-01 05:12:59,588 [INFO] __main__: TX: CMD,1059,MEC,0004,ON
2026-06-01 05:12:59,604 [DEBUG] serial_handler: TX queued: CMD,1059,MEC,0004,ON
2026-06-01 05:13:00,428 [INFO] serial_handler: TX sent: CMD,1059,MEC,0004,ON
2026-06-01 05:13:18,598 [INFO] __main__: Shutting down...
2026-06-01 05:13:19,547 [INFO] logger: CSV log closed. 544 packets written.
2026-06-03 17:22:44,096 [INFO] logger: DataLogger initialised. CSV: logs\telemetry_20260603_172244.csv | Raw: logs\raw_20260603_172244.txt
2026-06-03 17:22:44,097 [INFO] __main__: SerialWorker started on COM5
2026-06-03 17:22:44,223 [INFO] serial_handler: Serial port COM5 opened at 9600 baud
2026-06-03 17:23:03,075 [INFO] __main__: TX: CMD,1059,CX,ON
2026-06-03 17:23:03,076 [DEBUG] serial_handler: TX queued: CMD,1059,CX,ON
2026-06-03 17:23:04,305 [INFO] serial_handler: TX sent: CMD,1059,CX,ON
2026-06-03 17:23:17,843 [INFO] __main__: Shutting down...
2026-06-03 17:26:28,053 [INFO] logger: DataLogger initialised. CSV: logs\telemetry_20260603_172628.csv | Raw: logs\raw_20260603_172628.txt
2026-06-03 17:26:28,054 [INFO] __main__: SerialWorker started on COM5
2026-06-03 17:26:28,165 [INFO] serial_handler: Serial port COM5 opened at 9600 baud
2026-06-03 17:26:32,105 [INFO] __main__: TX: CMD,1059,CX,ON
2026-06-03 17:26:32,105 [DEBUG] serial_handler: TX queued: CMD,1059,CX,ON
2026-06-03 17:26:32,171 [INFO] serial_handler: TX sent: CMD,1059,CX,ON
2026-06-03 17:26:39,548 [INFO] __main__: TX: CMD,1059,CX,OFF
2026-06-03 17:26:39,551 [DEBUG] serial_handler: TX queued: CMD,1059,CX,OFF
2026-06-03 17:26:40,188 [INFO] serial_handler: TX sent: CMD,1059,CX,OFF
2026-06-03 17:26:40,323 [INFO] __main__: TX: CMD,1059,CX,ON
2026-06-03 17:26:40,323 [DEBUG] serial_handler: TX queued: CMD,1059,CX,ON
2026-06-03 17:26:41,326 [INFO] __main__: TX: CMD,1059,CX,OFF
2026-06-03 17:26:41,329 [DEBUG] serial_handler: TX queued: CMD,1059,CX,OFF
2026-06-03 17:26:42,192 [INFO] serial_handler: TX sent: CMD,1059,CX,ON
2026-06-03 17:26:42,192 [INFO] serial_handler: TX sent: CMD,1059,CX,OFF
2026-06-03 17:26:42,376 [INFO] __main__: TX: CMD,1059,CX,ON
2026-06-03 17:26:42,376 [DEBUG] serial_handler: TX queued: CMD,1059,CX,ON
2026-06-03 17:26:43,277 [INFO] __main__: TX: CMD,1059,CX,OFF
2026-06-03 17:26:43,278 [DEBUG] serial_handler: TX queued: CMD,1059,CX,OFF
2026-06-03 17:26:44,062 [INFO] __main__: TX: CMD,1059,CX,ON
2026-06-03 17:26:44,062 [DEBUG] serial_handler: TX queued: CMD,1059,CX,ON
2026-06-03 17:26:44,244 [WARNING] data_parser: Field count mismatch: expected 28, got 1 | raw: o����������������������
2026-06-03 17:26:44,244 [INFO] serial_handler: TX sent: CMD,1059,CX,ON
2026-06-03 17:26:44,244 [INFO] serial_handler: TX sent: CMD,1059,CX,OFF
2026-06-03 17:26:44,244 [WARNING] __main__: Parse error: o����������������������
2026-06-03 17:26:44,244 [INFO] serial_handler: TX sent: CMD,1059,CX,ON
2026-06-03 17:26:45,782 [INFO] __main__: TX: CMD,1059,CX,OFF
2026-06-03 17:26:45,782 [DEBUG] serial_handler: TX queued: CMD,1059,CX,OFF
2026-06-03 17:26:46,248 [INFO] serial_handler: TX sent: CMD,1059,CX,OFF
2026-06-03 17:26:47,853 [INFO] __main__: TX: CMD,1059,CX,ON
2026-06-03 17:26:47,853 [DEBUG] serial_handler: TX queued: CMD,1059,CX,ON
2026-06-03 17:26:48,260 [INFO] serial_handler: TX sent: CMD,1059,CX,ON
2026-06-03 17:26:48,971 [INFO] __main__: TX: CMD,1059,CX,OFF
2026-06-03 17:26:48,971 [DEBUG] serial_handler: TX queued: CMD,1059,CX,OFF
2026-06-03 17:26:50,289 [WARNING] data_parser: Field count mismatch: expected 28, got 2 | raw: CMl,91=9-c}-oo�
2026-06-03 17:26:50,290 [WARNING] __main__: Parse error: CMl,91=9-c}-oo�
2026-06-03 17:26:50,290 [INFO] serial_handler: TX sent: CMD,1059,CX,OFF
2026-06-03 17:26:52,319 [WARNING] data_parser: Field count mismatch: expected 28, got 1 | raw: ������������
2026-06-03 17:26:52,319 [WARNING] __main__: Parse error: ������������
2026-06-03 17:27:01,702 [ERROR] serial_handler: Read error: ClearCommError failed (PermissionError(13, 'Access is denied.', None, 5))
2026-06-03 17:27:01,702 [ERROR] serial_handler: Serial error: could not open port 'COM5': FileNotFoundError(2, 'The system cannot find the file specified.', None, 2)
2026-06-03 17:27:03,708 [ERROR] serial_handler: Serial error: could not open port 'COM5': FileNotFoundError(2, 'The system cannot find the file specified.', None, 2)
2026-06-03 17:27:05,710 [ERROR] serial_handler: Serial error: could not open port 'COM5': FileNotFoundError(2, 'The system cannot find the file specified.', None, 2)
2026-06-03 17:27:07,712 [ERROR] serial_handler: Serial error: could not open port 'COM5': FileNotFoundError(2, 'The system cannot find the file specified.', None, 2)
2026-06-03 17:27:09,678 [INFO] __main__: Shutting down...
2026-06-03 17:27:26,618 [INFO] logger: DataLogger initialised. CSV: logs\telemetry_20260603_172726.csv | Raw: logs\raw_20260603_172726.txt
2026-06-03 17:27:26,619 [INFO] __main__: SerialWorker started on COM5
2026-06-03 17:27:26,735 [INFO] serial_handler: Serial port COM5 opened at 9600 baud
2026-06-03 17:27:33,892 [INFO] __main__: TX: CMD,1059,CX,ON
2026-06-03 17:27:33,892 [DEBUG] serial_handler: TX queued: CMD,1059,CX,ON
2026-06-03 17:27:34,772 [INFO] serial_handler: TX sent: CMD,1059,CX,ON
2026-06-03 17:27:45,863 [INFO] __main__: TX: CMD,1059,CX,OFF
2026-06-03 17:27:45,863 [DEBUG] serial_handler: TX queued: CMD,1059,CX,OFF
2026-06-03 17:27:46,691 [INFO] __main__: TX: CMD,1059,CX,ON
2026-06-03 17:27:46,691 [DEBUG] serial_handler: TX queued: CMD,1059,CX,ON
2026-06-03 17:27:46,823 [INFO] serial_handler: TX sent: CMD,1059,CX,OFF
2026-06-03 17:27:46,823 [INFO] serial_handler: TX sent: CMD,1059,CX,ON
2026-06-03 17:27:55,385 [INFO] __main__: TX: CMD,1059,CX,OFF
2026-06-03 17:27:55,385 [DEBUG] serial_handler: TX queued: CMD,1059,CX,OFF
2026-06-03 17:27:55,903 [INFO] __main__: TX: CMD,1059,CX,ON
2026-06-03 17:27:55,903 [DEBUG] serial_handler: TX queued: CMD,1059,CX,ON
2026-06-03 17:27:56,345 [INFO] __main__: TX: CMD,1059,CX,OFF
2026-06-03 17:27:56,347 [DEBUG] serial_handler: TX queued: CMD,1059,CX,OFF
2026-06-03 17:27:56,673 [INFO] __main__: TX: CMD,1059,CX,ON
2026-06-03 17:27:56,673 [DEBUG] serial_handler: TX queued: CMD,1059,CX,ON
2026-06-03 17:27:56,866 [INFO] serial_handler: TX sent: CMD,1059,CX,OFF
2026-06-03 17:27:56,866 [INFO] serial_handler: TX sent: CMD,1059,CX,ON
2026-06-03 17:27:56,866 [INFO] serial_handler: TX sent: CMD,1059,CX,OFF
2026-06-03 17:27:56,866 [INFO] serial_handler: TX sent: CMD,1059,CX,ON
2026-06-03 17:27:56,927 [INFO] __main__: TX: CMD,1059,CX,OFF
2026-06-03 17:27:56,928 [DEBUG] serial_handler: TX queued: CMD,1059,CX,OFF
2026-06-03 17:27:57,165 [INFO] __main__: TX: CMD,1059,CX,ON
2026-06-03 17:27:57,165 [DEBUG] serial_handler: TX queued: CMD,1059,CX,ON
2026-06-03 17:27:57,403 [INFO] __main__: TX: CMD,1059,CX,OFF
2026-06-03 17:27:57,403 [DEBUG] serial_handler: TX queued: CMD,1059,CX,OFF
2026-06-03 17:27:57,666 [INFO] __main__: TX: CMD,1059,CX,ON
2026-06-03 17:27:57,666 [DEBUG] serial_handler: TX queued: CMD,1059,CX,ON
2026-06-03 17:27:58,213 [INFO] __main__: TX: CMD,1059,CX,OFF
2026-06-03 17:27:58,213 [DEBUG] serial_handler: TX queued: CMD,1059,CX,OFF
2026-06-03 17:27:58,876 [INFO] serial_handler: TX sent: CMD,1059,CX,OFF
2026-06-03 17:27:58,877 [INFO] serial_handler: TX sent: CMD,1059,CX,ON
2026-06-03 17:27:58,877 [INFO] serial_handler: TX sent: CMD,1059,CX,OFF
2026-06-03 17:27:58,877 [INFO] serial_handler: TX sent: CMD,1059,CX,ON
2026-06-03 17:27:58,877 [INFO] serial_handler: TX sent: CMD,1059,CX,OFF
2026-06-03 17:27:59,121 [INFO] __main__: TX: CMD,1059,CX,ON
2026-06-03 17:27:59,121 [DEBUG] serial_handler: TX queued: CMD,1059,CX,ON
2026-06-03 17:27:59,703 [INFO] __main__: TX: CMD,1059,CX,OFF
2026-06-03 17:27:59,703 [DEBUG] serial_handler: TX queued: CMD,1059,CX,OFF
2026-06-03 17:28:00,946 [WARNING] data_parser: Field count mismatch: expected 28, got 1 | raw: CMl-1�5=��ܬO�V���������i�=9)5������j��{�Ǝ��Ԭ���N�(k~��
2026-06-03 17:28:00,946 [INFO] serial_handler: TX sent: CMD,1059,CX,ON
2026-06-03 17:28:00,946 [WARNING] __main__: Parse error: CMl-1�5=��ܬO�V���������i�=9)5������j��{�Ǝ��Ԭ���N�(k~��
2026-06-03 17:28:00,946 [INFO] serial_handler: TX sent: CMD,1059,CX,OFF
2026-06-03 17:28:06,444 [ERROR] serial_handler: Read error: ClearCommError failed (PermissionError(13, 'Access is denied.', None, 5))
2026-06-03 17:28:06,444 [ERROR] serial_handler: Serial error: could not open port 'COM5': FileNotFoundError(2, 'The system cannot find the file specified.', None, 2)
2026-06-03 17:28:08,454 [ERROR] serial_handler: Serial error: could not open port 'COM5': FileNotFoundError(2, 'The system cannot find the file specified.', None, 2)
2026-06-03 17:28:10,455 [ERROR] serial_handler: Serial error: could not open port 'COM5': FileNotFoundError(2, 'The system cannot find the file specified.', None, 2)
2026-06-03 17:28:12,456 [ERROR] serial_handler: Serial error: could not open port 'COM5': FileNotFoundError(2, 'The system cannot find the file specified.', None, 2)
2026-06-03 17:28:14,457 [ERROR] serial_handler: Serial error: could not open port 'COM5': FileNotFoundError(2, 'The system cannot find the file specified.', None, 2)
2026-06-03 17:28:16,204 [INFO] __main__: Shutting down...
2026-06-03 17:28:42,684 [INFO] logger: DataLogger initialised. CSV: logs\telemetry_20260603_172842.csv | Raw: logs\raw_20260603_172842.txt
2026-06-03 17:28:42,684 [INFO] __main__: SerialWorker started on COM6
2026-06-03 17:28:42,802 [INFO] serial_handler: Serial port COM6 opened at 9600 baud
2026-06-03 17:28:45,311 [INFO] __main__: TX: CMD,1059,CX,ON
2026-06-03 17:28:45,314 [DEBUG] serial_handler: TX queued: CMD,1059,CX,ON
2026-06-03 17:28:46,825 [INFO] serial_handler: TX sent: CMD,1059,CX,ON
2026-06-03 17:28:56,757 [INFO] __main__: TX: CMD,1059,CX,OFF
2026-06-03 17:28:56,757 [DEBUG] serial_handler: TX queued: CMD,1059,CX,OFF
2026-06-03 17:28:56,865 [INFO] serial_handler: TX sent: CMD,1059,CX,OFF
2026-06-03 17:29:05,957 [ERROR] serial_handler: Read error: ClearCommError failed (PermissionError(13, 'Access is denied.', None, 5))
2026-06-03 17:29:05,957 [ERROR] serial_handler: Serial error: could not open port 'COM6': FileNotFoundError(2, 'The system cannot find the file specified.', None, 2)
2026-06-03 17:29:07,965 [ERROR] serial_handler: Serial error: could not open port 'COM6': FileNotFoundError(2, 'The system cannot find the file specified.', None, 2)
2026-06-03 17:29:09,967 [ERROR] serial_handler: Serial error: could not open port 'COM6': FileNotFoundError(2, 'The system cannot find the file specified.', None, 2)
2026-06-03 17:29:11,969 [ERROR] serial_handler: Serial error: could not open port 'COM6': FileNotFoundError(2, 'The system cannot find the file specified.', None, 2)
2026-06-03 17:29:13,971 [ERROR] serial_handler: Serial error: could not open port 'COM6': FileNotFoundError(2, 'The system cannot find the file specified.', None, 2)
2026-06-03 17:29:15,973 [ERROR] serial_handler: Serial error: could not open port 'COM6': FileNotFoundError(2, 'The system cannot find the file specified.', None, 2)
2026-06-03 17:29:17,976 [ERROR] serial_handler: Serial error: could not open port 'COM6': FileNotFoundError(2, 'The system cannot find the file specified.', None, 2)
2026-06-03 17:29:19,977 [ERROR] serial_handler: Serial error: could not open port 'COM6': FileNotFoundError(2, 'The system cannot find the file specified.', None, 2)
2026-06-03 17:29:21,979 [ERROR] serial_handler: Serial error: could not open port 'COM6': FileNotFoundError(2, 'The system cannot find the file specified.', None, 2)
2026-06-03 17:29:23,980 [ERROR] serial_handler: Serial error: could not open port 'COM6': FileNotFoundError(2, 'The system cannot find the file specified.', None, 2)
2026-06-03 17:29:25,982 [ERROR] serial_handler: Serial error: could not open port 'COM6': FileNotFoundError(2, 'The system cannot find the file specified.', None, 2)
2026-06-03 17:29:27,984 [ERROR] serial_handler: Serial error: could not open port 'COM6': FileNotFoundError(2, 'The system cannot find the file specified.', None, 2)
2026-06-03 17:29:29,986 [ERROR] serial_handler: Serial error: could not open port 'COM6': FileNotFoundError(2, 'The system cannot find the file specified.', None, 2)
2026-06-03 17:29:31,988 [ERROR] serial_handler: Serial error: could not open port 'COM6': FileNotFoundError(2, 'The system cannot find the file specified.', None, 2)
2026-06-03 17:29:33,990 [ERROR] serial_handler: Serial error: could not open port 'COM6': FileNotFoundError(2, 'The system cannot find the file specified.', None, 2)
2026-06-03 17:29:36,049 [INFO] serial_handler: Serial port COM6 opened at 9600 baud
2026-06-03 17:30:07,276 [INFO] __main__: Shutting down...
2026-06-03 17:30:16,032 [INFO] logger: DataLogger initialised. CSV: logs\telemetry_20260603_173016.csv | Raw: logs\raw_20260603_173016.txt
2026-06-03 17:30:16,033 [INFO] __main__: SerialWorker started on COM6
2026-06-03 17:30:16,149 [INFO] serial_handler: Serial port COM6 opened at 9600 baud
2026-06-03 17:30:18,095 [INFO] __main__: TX: CMD,1059,CX,ON
2026-06-03 17:30:18,097 [DEBUG] serial_handler: TX queued: CMD,1059,CX,ON
2026-06-03 17:30:18,154 [INFO] serial_handler: TX sent: CMD,1059,CX,ON
2026-06-03 17:30:18,480 [WARNING] data_parser: Field count mismatch: expected 28, got 15 | raw: .00, 0.00, 9.81, 00:00:00, 0.0, 51.1833, -1.8214, 8, CXON, DISARMED, 95, 2.250, 0, 0, EMULATOR
2026-06-03 17:30:18,480 [WARNING] __main__: Parse error: .00, 0.00, 9.81, 00:00:00, 0.0, 51.1833, -1.8214, 8, CXON, DISARMED, 95, 2.250, 0, 0, EMULATOR
2026-06-03 17:30:19,490 [WARNING] data_parser: Field count mismatch: expected 28, got 41 | raw: 1059, 00:00:00, 1, F, LAUNCH_PAD, -0.3, 21.1, 101325.5, 4.20, 0.54, 0.0, 0.0, 0.0, 01059, 00:00:01, 2, F, LAUNCH_PAD, 0.2, 21.0, 101319.4, 4.20, 0.58, 0.0, 0.0, 0.0, 0.00, 0.00, 9.81, 00:00:01, 0.0, 51.1833, -1.8214, 8, CXON, DISARMED, 95, 2.437, 0, 0, EMULATOR
2026-06-03 17:30:19,490 [WARNING] __main__: Parse error: 1059, 00:00:00, 1, F, LAUNCH_PAD, -0.3, 21.1, 101325.5, 4.20, 0.54, 0.0, 0.0, 0.0, 01059, 00:00:01, 2, F, LAUNCH_PAD, 0.2, 21.0, 101319.4, 4.20, 0.58, 0.0, 0.0, 0.0, 0.00, 0.00, 9.81, 00:00:01, 0.0, 51.1833, -1.8214, 8, CXON, DISARMED, 95, 2.437, 0, 0, EMULATOR
2026-06-03 17:30:33,377 [INFO] __main__: TX: CMD,1059,ST,16:30:33
2026-06-03 17:30:33,377 [DEBUG] serial_handler: TX queued: CMD,1059,ST,16:30:33
2026-06-03 17:30:33,377 [INFO] dashboard: SET UTC sent: 16:30:33
2026-06-03 17:30:33,487 [INFO] serial_handler: TX sent: CMD,1059,ST,16:30:33
2026-06-03 17:30:34,168 [INFO] __main__: TX: CMD,1059,ST,16:30:34
2026-06-03 17:30:34,168 [DEBUG] serial_handler: TX queued: CMD,1059,ST,16:30:34
2026-06-03 17:30:34,168 [INFO] dashboard: SET UTC sent: 16:30:34
2026-06-03 17:30:34,480 [INFO] serial_handler: TX sent: CMD,1059,ST,16:30:34
2026-06-03 17:30:35,437 [INFO] __main__: TX: CMD,1059,CAL
2026-06-03 17:30:35,437 [DEBUG] serial_handler: TX queued: CMD,1059,CAL
2026-06-03 17:30:35,491 [INFO] serial_handler: TX sent: CMD,1059,CAL
2026-06-03 17:30:38,051 [INFO] __main__: TX: CMD,1059,MEC,1000,ON
2026-06-03 17:30:38,051 [DEBUG] serial_handler: TX queued: CMD,1059,MEC,1000,ON
2026-06-03 17:30:38,488 [INFO] serial_handler: TX sent: CMD,1059,MEC,1000,ON
2026-06-03 17:30:39,637 [INFO] __main__: TX: CMD,1059,MEC,0200,ON
2026-06-03 17:30:39,637 [DEBUG] serial_handler: TX queued: CMD,1059,MEC,0200,ON
2026-06-03 17:30:40,488 [INFO] serial_handler: TX sent: CMD,1059,MEC,0200,ON
2026-06-03 17:30:41,490 [INFO] __main__: TX: CMD,1059,MEC,0030,ON
2026-06-03 17:30:41,490 [DEBUG] serial_handler: TX queued: CMD,1059,MEC,0030,ON
2026-06-03 17:30:41,490 [INFO] serial_handler: TX sent: CMD,1059,MEC,0030,ON
2026-06-03 17:30:46,376 [INFO] __main__: TX: CMD,1059,MEC,0030,OFF
2026-06-03 17:30:46,376 [DEBUG] serial_handler: TX queued: CMD,1059,MEC,0030,OFF
2026-06-03 17:30:46,488 [INFO] serial_handler: TX sent: CMD,1059,MEC,0030,OFF
2026-06-03 17:30:47,634 [INFO] __main__: TX: CMD,1059,MEC,0200,OFF
2026-06-03 17:30:47,634 [DEBUG] serial_handler: TX queued: CMD,1059,MEC,0200,OFF
2026-06-03 17:30:48,198 [INFO] __main__: TX: CMD,1059,MEC,1000,OFF
2026-06-03 17:30:48,199 [DEBUG] serial_handler: TX queued: CMD,1059,MEC,1000,OFF
2026-06-03 17:30:48,492 [INFO] serial_handler: TX sent: CMD,1059,MEC,0200,OFF
2026-06-03 17:30:48,498 [INFO] serial_handler: TX sent: CMD,1059,MEC,1000,OFF
2026-06-03 17:30:49,351 [INFO] __main__: TX: CMD,1059,SIM,ENABLE
2026-06-03 17:30:49,351 [DEBUG] serial_handler: TX queued: CMD,1059,SIM,ENABLE
2026-06-03 17:30:49,351 [INFO] __main__: TX: CMD,1059,SIM,ENABLE
2026-06-03 17:30:49,351 [DEBUG] serial_handler: TX queued: CMD,1059,SIM,ENABLE
2026-06-03 17:30:49,490 [INFO] serial_handler: TX sent: CMD,1059,SIM,ENABLE
2026-06-03 17:30:49,490 [INFO] serial_handler: TX sent: CMD,1059,SIM,ENABLE
2026-06-03 17:30:53,543 [DEBUG] simp_sender: SIMP file line 19: CMD,1059,SIMP,93948
2026-06-03 17:30:53,543 [DEBUG] simp_sender: SIMP file line 20: CMD,1059,SIMP,93949
2026-06-03 17:30:53,543 [DEBUG] simp_sender: SIMP file line 21: CMD,1059,SIMP,93948
2026-06-03 17:30:53,543 [DEBUG] simp_sender: SIMP file line 22: CMD,1059,SIMP,93948
2026-06-03 17:30:53,543 [DEBUG] simp_sender: SIMP file line 23: CMD,1059,SIMP,93948
2026-06-03 17:30:53,543 [DEBUG] simp_sender: SIMP file line 24: CMD,1059,SIMP,93948
2026-06-03 17:30:53,543 [DEBUG] simp_sender: SIMP file line 25: CMD,1059,SIMP,93948
2026-06-03 17:30:53,548 [DEBUG] simp_sender: SIMP file line 26: CMD,1059,SIMP,93948
2026-06-03 17:30:53,548 [DEBUG] simp_sender: SIMP file line 27: CMD,1059,SIMP,93949
2026-06-03 17:30:53,548 [DEBUG] simp_sender: SIMP file line 28: CMD,1059,SIMP,93949
2026-06-03 17:30:53,548 [DEBUG] simp_sender: SIMP file line 29: CMD,1059,SIMP,93949
2026-06-03 17:30:53,548 [DEBUG] simp_sender: SIMP file line 30: CMD,1059,SIMP,93949
2026-06-03 17:30:53,548 [DEBUG] simp_sender: SIMP file line 31: CMD,1059,SIMP,93948
2026-06-03 17:30:53,548 [DEBUG] simp_sender: SIMP file line 32: CMD,1059,SIMP,93948
2026-06-03 17:30:53,548 [DEBUG] simp_sender: SIMP file line 33: CMD,1059,SIMP,93948
2026-06-03 17:30:53,548 [DEBUG] simp_sender: SIMP file line 34: CMD,1059,SIMP,93948
2026-06-03 17:30:53,548 [DEBUG] simp_sender: SIMP file line 35: CMD,1059,SIMP,93947
2026-06-03 17:30:53,548 [DEBUG] simp_sender: SIMP file line 36: CMD,1059,SIMP,93947
2026-06-03 17:30:53,548 [DEBUG] simp_sender: SIMP file line 37: CMD,1059,SIMP,93947
2026-06-03 17:30:53,548 [DEBUG] simp_sender: SIMP file line 38: CMD,1059,SIMP,93947
2026-06-03 17:30:53,548 [DEBUG] simp_sender: SIMP file line 39: CMD,1059,SIMP,93946
2026-06-03 17:30:53,548 [DEBUG] simp_sender: SIMP file line 40: CMD,1059,SIMP,93829
2026-06-03 17:30:53,548 [DEBUG] simp_sender: SIMP file line 41: CMD,1059,SIMP,93085
2026-06-03 17:30:53,548 [DEBUG] simp_sender: SIMP file line 42: CMD,1059,SIMP,92016
2026-06-03 17:30:53,548 [DEBUG] simp_sender: SIMP file line 43: CMD,1059,SIMP,89603
2026-06-03 17:30:53,548 [DEBUG] simp_sender: SIMP file line 44: CMD,1059,SIMP,88575
2026-06-03 17:30:53,548 [DEBUG] simp_sender: SIMP file line 45: CMD,1059,SIMP,87836
2026-06-03 17:30:53,548 [DEBUG] simp_sender: SIMP file line 46: CMD,1059,SIMP,87232
2026-06-03 17:30:53,548 [DEBUG] simp_sender: SIMP file line 47: CMD,1059,SIMP,86794
2026-06-03 17:30:53,548 [DEBUG] simp_sender: SIMP file line 48: CMD,1059,SIMP,86251
2026-06-03 17:30:53,548 [DEBUG] simp_sender: SIMP file line 49: CMD,1059,SIMP,86205
2026-06-03 17:30:53,548 [DEBUG] simp_sender: SIMP file line 50: CMD,1059,SIMP,86166
2026-06-03 17:30:53,548 [DEBUG] simp_sender: SIMP file line 51: CMD,1059,SIMP,86216
2026-06-03 17:30:53,548 [DEBUG] simp_sender: SIMP file line 52: CMD,1059,SIMP,86374
2026-06-03 17:30:53,548 [DEBUG] simp_sender: SIMP file line 53: CMD,1059,SIMP,86533
2026-06-03 17:30:53,548 [DEBUG] simp_sender: SIMP file line 54: CMD,1059,SIMP,86691
2026-06-03 17:30:53,548 [DEBUG] simp_sender: SIMP file line 55: CMD,1059,SIMP,86850
2026-06-03 17:30:53,548 [DEBUG] simp_sender: SIMP file line 56: CMD,1059,SIMP,87010
2026-06-03 17:30:53,548 [DEBUG] simp_sender: SIMP file line 57: CMD,1059,SIMP,87169
2026-06-03 17:30:53,548 [DEBUG] simp_sender: SIMP file line 58: CMD,1059,SIMP,87329
2026-06-03 17:30:53,548 [DEBUG] simp_sender: SIMP file line 59: CMD,1059,SIMP,87488
2026-06-03 17:30:53,548 [DEBUG] simp_sender: SIMP file line 60: CMD,1059,SIMP,87649
2026-06-03 17:30:53,548 [DEBUG] simp_sender: SIMP file line 61: CMD,1059,SIMP,87809
2026-06-03 17:30:53,548 [DEBUG] simp_sender: SIMP file line 62: CMD,1059,SIMP,87970
2026-06-03 17:30:53,548 [DEBUG] simp_sender: SIMP file line 63: CMD,1059,SIMP,88130
2026-06-03 17:30:53,548 [DEBUG] simp_sender: SIMP file line 64: CMD,1059,SIMP,88291
2026-06-03 17:30:53,548 [DEBUG] simp_sender: SIMP file line 65: CMD,1059,SIMP,88507
2026-06-03 17:30:53,548 [DEBUG] simp_sender: SIMP file line 66: CMD,1059,SIMP,88722
2026-06-03 17:30:53,548 [DEBUG] simp_sender: SIMP file line 67: CMD,1059,SIMP,88938
2026-06-03 17:30:53,548 [DEBUG] simp_sender: SIMP file line 68: CMD,1059,SIMP,89154
2026-06-03 17:30:53,548 [DEBUG] simp_sender: SIMP file line 69: CMD,1059,SIMP,89371
2026-06-03 17:30:53,548 [DEBUG] simp_sender: SIMP file line 70: CMD,1059,SIMP,89589
2026-06-03 17:30:53,548 [DEBUG] simp_sender: SIMP file line 71: CMD,1059,SIMP,89806
2026-06-03 17:30:53,548 [DEBUG] simp_sender: SIMP file line 72: CMD,1059,SIMP,90024
2026-06-03 17:30:53,548 [DEBUG] simp_sender: SIMP file line 73: CMD,1059,SIMP,90243
2026-06-03 17:30:53,553 [DEBUG] simp_sender: SIMP file line 74: CMD,1059,SIMP,90462
2026-06-03 17:30:53,553 [DEBUG] simp_sender: SIMP file line 75: CMD,1059,SIMP,90681
2026-06-03 17:30:53,553 [DEBUG] simp_sender: SIMP file line 76: CMD,1059,SIMP,90901
2026-06-03 17:30:53,553 [DEBUG] simp_sender: SIMP file line 77: CMD,1059,SIMP,91121
2026-06-03 17:30:53,553 [DEBUG] simp_sender: SIMP file line 78: CMD,1059,SIMP,91342
2026-06-03 17:30:53,553 [DEBUG] simp_sender: SIMP file line 79: CMD,1059,SIMP,91563
2026-06-03 17:30:53,553 [DEBUG] simp_sender: SIMP file line 80: CMD,1059,SIMP,91709
2026-06-03 17:30:53,553 [DEBUG] simp_sender: SIMP file line 81: CMD,1059,SIMP,91765
2026-06-03 17:30:53,553 [DEBUG] simp_sender: SIMP file line 82: CMD,1059,SIMP,91821
2026-06-03 17:30:53,553 [DEBUG] simp_sender: SIMP file line 83: CMD,1059,SIMP,91878
2026-06-03 17:30:53,554 [DEBUG] simp_sender: SIMP file line 84: CMD,1059,SIMP,91934
2026-06-03 17:30:53,554 [DEBUG] simp_sender: SIMP file line 85: CMD,1059,SIMP,91990
2026-06-03 17:30:53,554 [DEBUG] simp_sender: SIMP file line 86: CMD,1059,SIMP,92046
2026-06-03 17:30:53,554 [DEBUG] simp_sender: SIMP file line 87: CMD,1059,SIMP,92102
2026-06-03 17:30:53,554 [DEBUG] simp_sender: SIMP file line 88: CMD,1059,SIMP,92158
2026-06-03 17:30:53,554 [DEBUG] simp_sender: SIMP file line 89: CMD,1059,SIMP,92214
2026-06-03 17:30:53,554 [DEBUG] simp_sender: SIMP file line 90: CMD,1059,SIMP,92271
2026-06-03 17:30:53,554 [DEBUG] simp_sender: SIMP file line 91: CMD,1059,SIMP,92327
2026-06-03 17:30:53,554 [DEBUG] simp_sender: SIMP file line 92: CMD,1059,SIMP,92383
2026-06-03 17:30:53,554 [DEBUG] simp_sender: SIMP file line 93: CMD,1059,SIMP,92439
2026-06-03 17:30:53,555 [DEBUG] simp_sender: SIMP file line 94: CMD,1059,SIMP,92496
2026-06-03 17:30:53,555 [DEBUG] simp_sender: SIMP file line 95: CMD,1059,SIMP,92552
2026-06-03 17:30:53,555 [DEBUG] simp_sender: SIMP file line 96: CMD,1059,SIMP,92608
2026-06-03 17:30:53,555 [DEBUG] simp_sender: SIMP file line 97: CMD,1059,SIMP,92665
2026-06-03 17:30:53,555 [DEBUG] simp_sender: SIMP file line 98: CMD,1059,SIMP,92721
2026-06-03 17:30:53,555 [DEBUG] simp_sender: SIMP file line 99: CMD,1059,SIMP,92778
2026-06-03 17:30:53,555 [DEBUG] simp_sender: SIMP file line 100: CMD,1059,SIMP,92834
2026-06-03 17:30:53,555 [DEBUG] simp_sender: SIMP file line 101: CMD,1059,SIMP,92891
2026-06-03 17:30:53,555 [DEBUG] simp_sender: SIMP file line 102: CMD,1059,SIMP,92947
2026-06-03 17:30:53,555 [DEBUG] simp_sender: SIMP file line 103: CMD,1059,SIMP,93004
2026-06-03 17:30:53,555 [DEBUG] simp_sender: SIMP file line 104: CMD,1059,SIMP,93061
2026-06-03 17:30:53,555 [DEBUG] simp_sender: SIMP file line 105: CMD,1059,SIMP,93117
2026-06-03 17:30:53,555 [DEBUG] simp_sender: SIMP file line 106: CMD,1059,SIMP,93174
2026-06-03 17:30:53,555 [DEBUG] simp_sender: SIMP file line 107: CMD,1059,SIMP,93231
2026-06-03 17:30:53,555 [DEBUG] simp_sender: SIMP file line 108: CMD,1059,SIMP,93287
2026-06-03 17:30:53,555 [DEBUG] simp_sender: SIMP file line 109: CMD,1059,SIMP,93344
2026-06-03 17:30:53,555 [DEBUG] simp_sender: SIMP file line 110: CMD,1059,SIMP,93401
2026-06-03 17:30:53,555 [DEBUG] simp_sender: SIMP file line 111: CMD,1059,SIMP,93458
2026-06-03 17:30:53,555 [DEBUG] simp_sender: SIMP file line 112: CMD,1059,SIMP,93514
2026-06-03 17:30:53,557 [DEBUG] simp_sender: SIMP file line 113: CMD,1059,SIMP,93571
2026-06-03 17:30:53,557 [DEBUG] simp_sender: SIMP file line 114: CMD,1059,SIMP,93628
2026-06-03 17:30:53,557 [DEBUG] simp_sender: SIMP file line 115: CMD,1059,SIMP,93685
2026-06-03 17:30:53,557 [DEBUG] simp_sender: SIMP file line 116: CMD,1059,SIMP,93742
2026-06-03 17:30:53,557 [DEBUG] simp_sender: SIMP file line 117: CMD,1059,SIMP,93799
2026-06-03 17:30:53,557 [DEBUG] simp_sender: SIMP file line 118: CMD,1059,SIMP,93856
2026-06-03 17:30:53,557 [DEBUG] simp_sender: SIMP file line 119: CMD,1059,SIMP,93913
2026-06-03 17:30:53,557 [DEBUG] simp_sender: SIMP file line 120: CMD,1059,SIMP,93913
2026-06-03 17:30:53,557 [DEBUG] simp_sender: SIMP file line 121: CMD,1059,SIMP,93913
2026-06-03 17:30:53,557 [DEBUG] simp_sender: SIMP file line 122: CMD,1059,SIMP,93913
2026-06-03 17:30:53,557 [DEBUG] simp_sender: SIMP file line 123: CMD,1059,SIMP,93913
2026-06-03 17:30:53,558 [DEBUG] simp_sender: SIMP file line 124: CMD,1059,SIMP,93912
2026-06-03 17:30:53,558 [DEBUG] simp_sender: SIMP file line 125: CMD,1059,SIMP,93913
2026-06-03 17:30:53,558 [DEBUG] simp_sender: SIMP file line 126: CMD,1059,SIMP,93913
2026-06-03 17:30:53,558 [DEBUG] simp_sender: SIMP file line 127: CMD,1059,SIMP,93913
2026-06-03 17:30:53,558 [DEBUG] simp_sender: SIMP file line 128: CMD,1059,SIMP,93913
2026-06-03 17:30:53,558 [DEBUG] simp_sender: SIMP file line 129: CMD,1059,SIMP,93913
2026-06-03 17:30:53,558 [DEBUG] simp_sender: SIMP file line 130: CMD,1059,SIMP,93913
2026-06-03 17:30:53,558 [DEBUG] simp_sender: SIMP file line 131: CMD,1059,SIMP,93913
2026-06-03 17:30:53,558 [DEBUG] simp_sender: SIMP file line 132: CMD,1059,SIMP,93913
2026-06-03 17:30:53,558 [DEBUG] simp_sender: SIMP file line 133: CMD,1059,SIMP,93913
2026-06-03 17:30:53,558 [DEBUG] simp_sender: SIMP file line 134: CMD,1059,SIMP,93913
2026-06-03 17:30:53,559 [DEBUG] simp_sender: SIMP file line 135: CMD,1059,SIMP,93913
2026-06-03 17:30:53,559 [DEBUG] simp_sender: SIMP file line 136: CMD,1059,SIMP,93913
2026-06-03 17:30:53,559 [DEBUG] simp_sender: SIMP file line 137: CMD,1059,SIMP,93913
2026-06-03 17:30:53,559 [DEBUG] simp_sender: SIMP file line 138: CMD,1059,SIMP,93913
2026-06-03 17:30:53,559 [DEBUG] simp_sender: SIMP file line 139: CMD,1059,SIMP,93913
2026-06-03 17:30:53,559 [DEBUG] simp_sender: SIMP file line 140: CMD,1059,SIMP,93913
2026-06-03 17:30:53,559 [DEBUG] simp_sender: SIMP file line 141: CMD,1059,SIMP,93913
2026-06-03 17:30:53,559 [DEBUG] simp_sender: SIMP file line 142: CMD,1059,SIMP,93913
2026-06-03 17:30:53,559 [DEBUG] simp_sender: SIMP file line 143: CMD,1059,SIMP,93913
2026-06-03 17:30:53,559 [DEBUG] simp_sender: SIMP file line 144: CMD,1059,SIMP,93913
2026-06-03 17:30:53,559 [DEBUG] simp_sender: SIMP file line 145: CMD,1059,SIMP,93913
2026-06-03 17:30:53,560 [DEBUG] simp_sender: SIMP file line 146: CMD,1059,SIMP,93913
2026-06-03 17:30:53,560 [DEBUG] simp_sender: SIMP file line 147: CMD,1059,SIMP,93913
2026-06-03 17:30:53,560 [DEBUG] simp_sender: SIMP file line 148: CMD,1059,SIMP,93913
2026-06-03 17:30:53,560 [DEBUG] simp_sender: SIMP file line 149: CMD,1059,SIMP,93913
2026-06-03 17:30:53,560 [DEBUG] simp_sender: SIMP file line 150: CMD,1059,SIMP,93913
2026-06-03 17:30:53,560 [DEBUG] simp_sender: SIMP file line 151: CMD,1059,SIMP,93913
2026-06-03 17:30:53,560 [DEBUG] simp_sender: SIMP file line 152: CMD,1059,SIMP,93912
2026-06-03 17:30:53,560 [DEBUG] simp_sender: SIMP file line 153: CMD,1059,SIMP,93912
2026-06-03 17:30:53,560 [DEBUG] simp_sender: SIMP file line 154: CMD,1059,SIMP,93912
2026-06-03 17:30:53,560 [DEBUG] simp_sender: SIMP file line 155: CMD,1059,SIMP,93913
2026-06-03 17:30:53,560 [DEBUG] simp_sender: SIMP file line 156: CMD,1059,SIMP,93912
2026-06-03 17:30:53,560 [DEBUG] simp_sender: SIMP file line 157: CMD,1059,SIMP,93913
2026-06-03 17:30:53,561 [DEBUG] simp_sender: SIMP file line 158: CMD,1059,SIMP,93912
2026-06-03 17:30:53,561 [DEBUG] simp_sender: SIMP file line 159: CMD,1059,SIMP,93913
2026-06-03 17:30:53,561 [DEBUG] simp_sender: SIMP file line 160: CMD,1059,SIMP,93912
2026-06-03 17:30:53,561 [DEBUG] simp_sender: SIMP file line 161: CMD,1059,SIMP,93914
2026-06-03 17:30:53,561 [DEBUG] simp_sender: SIMP file line 162: CMD,1059,SIMP,93914
2026-06-03 17:30:53,561 [DEBUG] simp_sender: SIMP file line 163: CMD,1059,SIMP,93914
2026-06-03 17:30:53,561 [DEBUG] simp_sender: SIMP file line 164: CMD,1059,SIMP,93914
2026-06-03 17:30:53,561 [DEBUG] simp_sender: SIMP file line 165: CMD,1059,SIMP,93914
2026-06-03 17:30:53,561 [DEBUG] simp_sender: SIMP file line 166: CMD,1059,SIMP,93914
2026-06-03 17:30:53,561 [DEBUG] simp_sender: SIMP file line 167: CMD,1059,SIMP,93914
2026-06-03 17:30:53,561 [DEBUG] simp_sender: SIMP file line 168: CMD,1059,SIMP,93914
2026-06-03 17:30:53,561 [DEBUG] simp_sender: SIMP file line 169: CMD,1059,SIMP,93914
2026-06-03 17:30:53,562 [DEBUG] simp_sender: SIMP file line 170: CMD,1059,SIMP,93914
2026-06-03 17:30:53,562 [DEBUG] simp_sender: SIMP file line 171: CMD,1059,SIMP,93914
2026-06-03 17:30:53,562 [DEBUG] simp_sender: SIMP file line 172: CMD,1059,SIMP,93914
2026-06-03 17:30:53,562 [DEBUG] simp_sender: SIMP file line 173: CMD,1059,SIMP,93914
2026-06-03 17:30:53,562 [DEBUG] simp_sender: SIMP file line 174: CMD,1059,SIMP,93914
2026-06-03 17:30:53,562 [INFO] simp_sender: Loaded 156 SIMP commands from C:/Users/jasmne/Documents/GCS_26/simp.txt
2026-06-03 17:30:53,564 [INFO] simp_sender: SimpSender starting: 156 commands at 1000 ms interval
2026-06-03 17:30:53,567 [DEBUG] serial_handler: TX queued: CMD,1059,SIMP,93948
2026-06-03 17:30:53,569 [DEBUG] simp_sender: SIMP TX [1/156]: CMD,1059,SIMP,93948
2026-06-03 17:30:53,570 [INFO] __main__: SimpSender started: 156 commands from C:/Users/jasmne/Documents/GCS_26/simp.txt
2026-06-03 17:30:54,479 [INFO] serial_handler: TX sent: CMD,1059,SIMP,93948
2026-06-03 17:30:54,579 [DEBUG] serial_handler: TX queued: CMD,1059,SIMP,93949
2026-06-03 17:30:54,580 [DEBUG] simp_sender: SIMP TX [2/156]: CMD,1059,SIMP,93949
2026-06-03 17:30:55,494 [INFO] serial_handler: TX sent: CMD,1059,SIMP,93949
2026-06-03 17:30:55,591 [DEBUG] serial_handler: TX queued: CMD,1059,SIMP,93948
2026-06-03 17:30:55,591 [DEBUG] simp_sender: SIMP TX [3/156]: CMD,1059,SIMP,93948
2026-06-03 17:30:56,488 [INFO] serial_handler: TX sent: CMD,1059,SIMP,93948
2026-06-03 17:30:56,603 [DEBUG] serial_handler: TX queued: CMD,1059,SIMP,93948
2026-06-03 17:30:56,603 [DEBUG] simp_sender: SIMP TX [4/156]: CMD,1059,SIMP,93948
2026-06-03 17:30:57,496 [INFO] serial_handler: TX sent: CMD,1059,SIMP,93948
2026-06-03 17:30:57,615 [DEBUG] serial_handler: TX queued: CMD,1059,SIMP,93948
2026-06-03 17:30:57,615 [DEBUG] simp_sender: SIMP TX [5/156]: CMD,1059,SIMP,93948
2026-06-03 17:30:58,489 [INFO] serial_handler: TX sent: CMD,1059,SIMP,93948
2026-06-03 17:30:58,625 [DEBUG] serial_handler: TX queued: CMD,1059,SIMP,93948
2026-06-03 17:30:58,625 [DEBUG] simp_sender: SIMP TX [6/156]: CMD,1059,SIMP,93948
2026-06-03 17:30:59,484 [INFO] serial_handler: TX sent: CMD,1059,SIMP,93948
2026-06-03 17:30:59,637 [DEBUG] serial_handler: TX queued: CMD,1059,SIMP,93948
2026-06-03 17:30:59,637 [DEBUG] simp_sender: SIMP TX [7/156]: CMD,1059,SIMP,93948
2026-06-03 17:31:00,492 [INFO] serial_handler: TX sent: CMD,1059,SIMP,93948
2026-06-03 17:31:00,646 [DEBUG] serial_handler: TX queued: CMD,1059,SIMP,93948
2026-06-03 17:31:00,646 [DEBUG] simp_sender: SIMP TX [8/156]: CMD,1059,SIMP,93948
2026-06-03 17:31:01,485 [INFO] serial_handler: TX sent: CMD,1059,SIMP,93948
2026-06-03 17:31:01,656 [DEBUG] serial_handler: TX queued: CMD,1059,SIMP,93949
2026-06-03 17:31:01,656 [DEBUG] simp_sender: SIMP TX [9/156]: CMD,1059,SIMP,93949
2026-06-03 17:31:02,488 [INFO] serial_handler: TX sent: CMD,1059,SIMP,93949
2026-06-03 17:31:02,667 [DEBUG] serial_handler: TX queued: CMD,1059,SIMP,93949
2026-06-03 17:31:02,667 [DEBUG] simp_sender: SIMP TX [10/156]: CMD,1059,SIMP,93949
2026-06-03 17:31:03,488 [INFO] serial_handler: TX sent: CMD,1059,SIMP,93949
2026-06-03 17:31:03,676 [DEBUG] serial_handler: TX queued: CMD,1059,SIMP,93949
2026-06-03 17:31:03,676 [DEBUG] simp_sender: SIMP TX [11/156]: CMD,1059,SIMP,93949
2026-06-03 17:31:04,509 [INFO] serial_handler: TX sent: CMD,1059,SIMP,93949
2026-06-03 17:31:04,685 [DEBUG] serial_handler: TX queued: CMD,1059,SIMP,93949
2026-06-03 17:31:04,685 [DEBUG] simp_sender: SIMP TX [12/156]: CMD,1059,SIMP,93949
2026-06-03 17:31:05,498 [INFO] serial_handler: TX sent: CMD,1059,SIMP,93949
2026-06-03 17:31:05,693 [DEBUG] serial_handler: TX queued: CMD,1059,SIMP,93948
2026-06-03 17:31:05,694 [DEBUG] simp_sender: SIMP TX [13/156]: CMD,1059,SIMP,93948
2026-06-03 17:31:06,494 [INFO] serial_handler: TX sent: CMD,1059,SIMP,93948
2026-06-03 17:31:06,704 [DEBUG] serial_handler: TX queued: CMD,1059,SIMP,93948
2026-06-03 17:31:06,704 [DEBUG] simp_sender: SIMP TX [14/156]: CMD,1059,SIMP,93948
2026-06-03 17:31:07,506 [INFO] serial_handler: TX sent: CMD,1059,SIMP,93948
2026-06-03 17:31:07,714 [DEBUG] serial_handler: TX queued: CMD,1059,SIMP,93948
2026-06-03 17:31:07,714 [DEBUG] simp_sender: SIMP TX [15/156]: CMD,1059,SIMP,93948
2026-06-03 17:31:08,500 [INFO] serial_handler: TX sent: CMD,1059,SIMP,93948
2026-06-03 17:31:08,724 [DEBUG] serial_handler: TX queued: CMD,1059,SIMP,93948
2026-06-03 17:31:08,724 [DEBUG] simp_sender: SIMP TX [16/156]: CMD,1059,SIMP,93948
2026-06-03 17:31:09,508 [INFO] serial_handler: TX sent: CMD,1059,SIMP,93948
2026-06-03 17:31:09,736 [DEBUG] serial_handler: TX queued: CMD,1059,SIMP,93947
2026-06-03 17:31:09,736 [DEBUG] simp_sender: SIMP TX [17/156]: CMD,1059,SIMP,93947
2026-06-03 17:31:10,502 [INFO] serial_handler: TX sent: CMD,1059,SIMP,93947
2026-06-03 17:31:10,745 [DEBUG] serial_handler: TX queued: CMD,1059,SIMP,93947
2026-06-03 17:31:10,745 [DEBUG] simp_sender: SIMP TX [18/156]: CMD,1059,SIMP,93947
2026-06-03 17:31:11,508 [INFO] serial_handler: TX sent: CMD,1059,SIMP,93947
2026-06-03 17:31:11,752 [DEBUG] serial_handler: TX queued: CMD,1059,SIMP,93947
2026-06-03 17:31:11,752 [DEBUG] simp_sender: SIMP TX [19/156]: CMD,1059,SIMP,93947
2026-06-03 17:31:12,503 [INFO] serial_handler: TX sent: CMD,1059,SIMP,93947
2026-06-03 17:31:12,762 [DEBUG] serial_handler: TX queued: CMD,1059,SIMP,93947
2026-06-03 17:31:12,762 [DEBUG] simp_sender: SIMP TX [20/156]: CMD,1059,SIMP,93947
2026-06-03 17:31:13,509 [INFO] serial_handler: TX sent: CMD,1059,SIMP,93947
2026-06-03 17:31:13,770 [DEBUG] serial_handler: TX queued: CMD,1059,SIMP,93946
2026-06-03 17:31:13,770 [DEBUG] simp_sender: SIMP TX [21/156]: CMD,1059,SIMP,93946
2026-06-03 17:31:14,519 [INFO] serial_handler: TX sent: CMD,1059,SIMP,93946
2026-06-03 17:31:14,779 [DEBUG] serial_handler: TX queued: CMD,1059,SIMP,93829
2026-06-03 17:31:14,779 [DEBUG] simp_sender: SIMP TX [22/156]: CMD,1059,SIMP,93829
2026-06-03 17:31:15,529 [INFO] serial_handler: TX sent: CMD,1059,SIMP,93829
2026-06-03 17:31:15,789 [DEBUG] serial_handler: TX queued: CMD,1059,SIMP,93085
2026-06-03 17:31:15,789 [DEBUG] simp_sender: SIMP TX [23/156]: CMD,1059,SIMP,93085
2026-06-03 17:31:16,523 [INFO] serial_handler: TX sent: CMD,1059,SIMP,93085
2026-06-03 17:31:16,798 [DEBUG] serial_handler: TX queued: CMD,1059,SIMP,92016
2026-06-03 17:31:16,798 [DEBUG] simp_sender: SIMP TX [24/156]: CMD,1059,SIMP,92016
2026-06-03 17:31:17,513 [INFO] serial_handler: TX sent: CMD,1059,SIMP,92016
2026-06-03 17:31:17,806 [DEBUG] serial_handler: TX queued: CMD,1059,SIMP,89603
2026-06-03 17:31:17,806 [DEBUG] simp_sender: SIMP TX [25/156]: CMD,1059,SIMP,89603
2026-06-03 17:31:18,520 [INFO] serial_handler: TX sent: CMD,1059,SIMP,89603
2026-06-03 17:31:18,815 [DEBUG] serial_handler: TX queued: CMD,1059,SIMP,88575
2026-06-03 17:31:18,815 [DEBUG] simp_sender: SIMP TX [26/156]: CMD,1059,SIMP,88575
2026-06-03 17:31:19,519 [INFO] serial_handler: TX sent: CMD,1059,SIMP,88575
2026-06-03 17:31:19,824 [DEBUG] serial_handler: TX queued: CMD,1059,SIMP,87836
2026-06-03 17:31:19,824 [DEBUG] simp_sender: SIMP TX [27/156]: CMD,1059,SIMP,87836
2026-06-03 17:31:20,519 [INFO] serial_handler: TX sent: CMD,1059,SIMP,87836
2026-06-03 17:31:20,833 [DEBUG] serial_handler: TX queued: CMD,1059,SIMP,87232
2026-06-03 17:31:20,833 [DEBUG] simp_sender: SIMP TX [28/156]: CMD,1059,SIMP,87232
2026-06-03 17:31:21,521 [INFO] serial_handler: TX sent: CMD,1059,SIMP,87232
2026-06-03 17:31:21,844 [DEBUG] serial_handler: TX queued: CMD,1059,SIMP,86794
2026-06-03 17:31:21,844 [DEBUG] simp_sender: SIMP TX [29/156]: CMD,1059,SIMP,86794
2026-06-03 17:31:22,519 [INFO] serial_handler: TX sent: CMD,1059,SIMP,86794
2026-06-03 17:31:22,858 [DEBUG] serial_handler: TX queued: CMD,1059,SIMP,86251
2026-06-03 17:31:22,859 [DEBUG] simp_sender: SIMP TX [30/156]: CMD,1059,SIMP,86251
2026-06-03 17:31:23,520 [INFO] serial_handler: TX sent: CMD,1059,SIMP,86251
2026-06-03 17:31:23,870 [DEBUG] serial_handler: TX queued: CMD,1059,SIMP,86205
2026-06-03 17:31:23,870 [DEBUG] simp_sender: SIMP TX [31/156]: CMD,1059,SIMP,86205
2026-06-03 17:31:24,530 [INFO] serial_handler: TX sent: CMD,1059,SIMP,86205
2026-06-03 17:31:24,886 [DEBUG] serial_handler: TX queued: CMD,1059,SIMP,86166
2026-06-03 17:31:24,886 [DEBUG] simp_sender: SIMP TX [32/156]: CMD,1059,SIMP,86166
2026-06-03 17:31:25,519 [INFO] serial_handler: TX sent: CMD,1059,SIMP,86166
2026-06-03 17:31:25,895 [DEBUG] serial_handler: TX queued: CMD,1059,SIMP,86216
2026-06-03 17:31:25,895 [DEBUG] simp_sender: SIMP TX [33/156]: CMD,1059,SIMP,86216
2026-06-03 17:31:26,532 [INFO] serial_handler: TX sent: CMD,1059,SIMP,86216
2026-06-03 17:31:26,908 [DEBUG] serial_handler: TX queued: CMD,1059,SIMP,86374
2026-06-03 17:31:26,908 [DEBUG] simp_sender: SIMP TX [34/156]: CMD,1059,SIMP,86374
2026-06-03 17:31:27,526 [INFO] serial_handler: TX sent: CMD,1059,SIMP,86374
2026-06-03 17:31:27,918 [DEBUG] serial_handler: TX queued: CMD,1059,SIMP,86533
2026-06-03 17:31:27,918 [DEBUG] simp_sender: SIMP TX [35/156]: CMD,1059,SIMP,86533
2026-06-03 17:31:28,509 [INFO] serial_handler: TX sent: CMD,1059,SIMP,86533
2026-06-03 17:31:28,930 [DEBUG] serial_handler: TX queued: CMD,1059,SIMP,86691
2026-06-03 17:31:28,930 [DEBUG] simp_sender: SIMP TX [36/156]: CMD,1059,SIMP,86691
2026-06-03 17:31:29,529 [INFO] serial_handler: TX sent: CMD,1059,SIMP,86691
2026-06-03 17:31:29,941 [DEBUG] serial_handler: TX queued: CMD,1059,SIMP,86850
2026-06-03 17:31:29,941 [DEBUG] simp_sender: SIMP TX [37/156]: CMD,1059,SIMP,86850
2026-06-03 17:31:30,519 [INFO] serial_handler: TX sent: CMD,1059,SIMP,86850
2026-06-03 17:31:30,948 [DEBUG] serial_handler: TX queued: CMD,1059,SIMP,87010
2026-06-03 17:31:30,949 [DEBUG] simp_sender: SIMP TX [38/156]: CMD,1059,SIMP,87010
2026-06-03 17:31:31,529 [INFO] serial_handler: TX sent: CMD,1059,SIMP,87010
2026-06-03 17:31:31,955 [DEBUG] serial_handler: TX queued: CMD,1059,SIMP,87169
2026-06-03 17:31:31,955 [DEBUG] simp_sender: SIMP TX [39/156]: CMD,1059,SIMP,87169
2026-06-03 17:31:32,520 [INFO] serial_handler: TX sent: CMD,1059,SIMP,87169
2026-06-03 17:31:32,965 [DEBUG] serial_handler: TX queued: CMD,1059,SIMP,87329
2026-06-03 17:31:32,965 [DEBUG] simp_sender: SIMP TX [40/156]: CMD,1059,SIMP,87329
2026-06-03 17:31:33,533 [INFO] serial_handler: TX sent: CMD,1059,SIMP,87329
2026-06-03 17:31:33,977 [DEBUG] serial_handler: TX queued: CMD,1059,SIMP,87488
2026-06-03 17:31:33,977 [DEBUG] simp_sender: SIMP TX [41/156]: CMD,1059,SIMP,87488
2026-06-03 17:31:34,539 [INFO] serial_handler: TX sent: CMD,1059,SIMP,87488
2026-06-03 17:31:34,988 [DEBUG] serial_handler: TX queued: CMD,1059,SIMP,87649
2026-06-03 17:31:34,988 [DEBUG] simp_sender: SIMP TX [42/156]: CMD,1059,SIMP,87649
2026-06-03 17:31:35,534 [INFO] serial_handler: TX sent: CMD,1059,SIMP,87649
2026-06-03 17:31:35,998 [DEBUG] serial_handler: TX queued: CMD,1059,SIMP,87809
2026-06-03 17:31:35,998 [DEBUG] simp_sender: SIMP TX [43/156]: CMD,1059,SIMP,87809
2026-06-03 17:31:36,539 [INFO] serial_handler: TX sent: CMD,1059,SIMP,87809
2026-06-03 17:31:37,009 [DEBUG] serial_handler: TX queued: CMD,1059,SIMP,87970
2026-06-03 17:31:37,009 [DEBUG] simp_sender: SIMP TX [44/156]: CMD,1059,SIMP,87970
2026-06-03 17:31:37,536 [INFO] serial_handler: TX sent: CMD,1059,SIMP,87970
2026-06-03 17:31:38,020 [DEBUG] serial_handler: TX queued: CMD,1059,SIMP,88130
2026-06-03 17:31:38,020 [DEBUG] simp_sender: SIMP TX [45/156]: CMD,1059,SIMP,88130
2026-06-03 17:31:38,541 [INFO] serial_handler: TX sent: CMD,1059,SIMP,88130
2026-06-03 17:31:39,031 [DEBUG] serial_handler: TX queued: CMD,1059,SIMP,88291
2026-06-03 17:31:39,031 [DEBUG] simp_sender: SIMP TX [46/156]: CMD,1059,SIMP,88291
2026-06-03 17:31:39,569 [INFO] serial_handler: TX sent: CMD,1059,SIMP,88291
2026-06-03 17:31:40,041 [DEBUG] serial_handler: TX queued: CMD,1059,SIMP,88507
2026-06-03 17:31:40,041 [DEBUG] simp_sender: SIMP TX [47/156]: CMD,1059,SIMP,88507
2026-06-03 17:31:40,560 [INFO] serial_handler: TX sent: CMD,1059,SIMP,88507
2026-06-03 17:31:41,054 [DEBUG] serial_handler: TX queued: CMD,1059,SIMP,88722
2026-06-03 17:31:41,054 [DEBUG] simp_sender: SIMP TX [48/156]: CMD,1059,SIMP,88722
2026-06-03 17:31:41,550 [INFO] serial_handler: TX sent: CMD,1059,SIMP,88722
2026-06-03 17:31:42,066 [DEBUG] serial_handler: TX queued: CMD,1059,SIMP,88938
2026-06-03 17:31:42,066 [DEBUG] simp_sender: SIMP TX [49/156]: CMD,1059,SIMP,88938
2026-06-03 17:31:42,564 [INFO] serial_handler: TX sent: CMD,1059,SIMP,88938
2026-06-03 17:31:43,076 [DEBUG] serial_handler: TX queued: CMD,1059,SIMP,89154
2026-06-03 17:31:43,076 [DEBUG] simp_sender: SIMP TX [50/156]: CMD,1059,SIMP,89154
2026-06-03 17:31:43,551 [INFO] serial_handler: TX sent: CMD,1059,SIMP,89154
2026-06-03 17:31:44,088 [DEBUG] serial_handler: TX queued: CMD,1059,SIMP,89371
2026-06-03 17:31:44,088 [DEBUG] simp_sender: SIMP TX [51/156]: CMD,1059,SIMP,89371
2026-06-03 17:31:44,567 [INFO] serial_handler: TX sent: CMD,1059,SIMP,89371
2026-06-03 17:31:45,096 [DEBUG] serial_handler: TX queued: CMD,1059,SIMP,89589
2026-06-03 17:31:45,096 [DEBUG] simp_sender: SIMP TX [52/156]: CMD,1059,SIMP,89589
2026-06-03 17:31:45,560 [INFO] serial_handler: TX sent: CMD,1059,SIMP,89589
2026-06-03 17:31:46,107 [DEBUG] serial_handler: TX queued: CMD,1059,SIMP,89806
2026-06-03 17:31:46,107 [DEBUG] simp_sender: SIMP TX [53/156]: CMD,1059,SIMP,89806
2026-06-03 17:31:46,550 [INFO] serial_handler: TX sent: CMD,1059,SIMP,89806
2026-06-03 17:31:47,116 [DEBUG] serial_handler: TX queued: CMD,1059,SIMP,90024
2026-06-03 17:31:47,116 [DEBUG] simp_sender: SIMP TX [54/156]: CMD,1059,SIMP,90024
2026-06-03 17:31:47,562 [INFO] serial_handler: TX sent: CMD,1059,SIMP,90024
2026-06-03 17:31:48,127 [DEBUG] serial_handler: TX queued: CMD,1059,SIMP,90243
2026-06-03 17:31:48,127 [DEBUG] simp_sender: SIMP TX [55/156]: CMD,1059,SIMP,90243
2026-06-03 17:31:48,550 [INFO] serial_handler: TX sent: CMD,1059,SIMP,90243
2026-06-03 17:31:49,139 [DEBUG] serial_handler: TX queued: CMD,1059,SIMP,90462
2026-06-03 17:31:49,140 [DEBUG] simp_sender: SIMP TX [56/156]: CMD,1059,SIMP,90462
2026-06-03 17:31:49,562 [INFO] serial_handler: TX sent: CMD,1059,SIMP,90462
2026-06-03 17:31:50,150 [DEBUG] serial_handler: TX queued: CMD,1059,SIMP,90681
2026-06-03 17:31:50,150 [DEBUG] simp_sender: SIMP TX [57/156]: CMD,1059,SIMP,90681
2026-06-03 17:31:50,555 [INFO] serial_handler: TX sent: CMD,1059,SIMP,90681
2026-06-03 17:31:51,163 [DEBUG] serial_handler: TX queued: CMD,1059,SIMP,90901
2026-06-03 17:31:51,163 [DEBUG] simp_sender: SIMP TX [58/156]: CMD,1059,SIMP,90901
2026-06-03 17:31:51,560 [INFO] serial_handler: TX sent: CMD,1059,SIMP,90901
2026-06-03 17:31:52,174 [DEBUG] serial_handler: TX queued: CMD,1059,SIMP,91121
2026-06-03 17:31:52,174 [DEBUG] simp_sender: SIMP TX [59/156]: CMD,1059,SIMP,91121
2026-06-03 17:31:52,549 [INFO] serial_handler: TX sent: CMD,1059,SIMP,91121
2026-06-03 17:31:53,190 [DEBUG] serial_handler: TX queued: CMD,1059,SIMP,91342
2026-06-03 17:31:53,190 [DEBUG] simp_sender: SIMP TX [60/156]: CMD,1059,SIMP,91342
2026-06-03 17:31:53,551 [INFO] serial_handler: TX sent: CMD,1059,SIMP,91342
2026-06-03 17:31:54,200 [DEBUG] serial_handler: TX queued: CMD,1059,SIMP,91563
2026-06-03 17:31:54,200 [DEBUG] simp_sender: SIMP TX [61/156]: CMD,1059,SIMP,91563
2026-06-03 17:31:54,669 [INFO] serial_handler: TX sent: CMD,1059,SIMP,91563
2026-06-03 17:31:55,208 [DEBUG] serial_handler: TX queued: CMD,1059,SIMP,91709
2026-06-03 17:31:55,208 [DEBUG] simp_sender: SIMP TX [62/156]: CMD,1059,SIMP,91709
2026-06-03 17:31:55,679 [INFO] serial_handler: TX sent: CMD,1059,SIMP,91709
2026-06-03 17:31:56,217 [DEBUG] serial_handler: TX queued: CMD,1059,SIMP,91765
2026-06-03 17:31:56,217 [DEBUG] simp_sender: SIMP TX [63/156]: CMD,1059,SIMP,91765
2026-06-03 17:31:56,671 [INFO] serial_handler: TX sent: CMD,1059,SIMP,91765
2026-06-03 17:31:57,229 [DEBUG] serial_handler: TX queued: CMD,1059,SIMP,91821
2026-06-03 17:31:57,229 [DEBUG] simp_sender: SIMP TX [64/156]: CMD,1059,SIMP,91821
2026-06-03 17:31:57,684 [INFO] serial_handler: TX sent: CMD,1059,SIMP,91821
2026-06-03 17:31:58,239 [DEBUG] serial_handler: TX queued: CMD,1059,SIMP,91878
2026-06-03 17:31:58,240 [DEBUG] simp_sender: SIMP TX [65/156]: CMD,1059,SIMP,91878
2026-06-03 17:31:58,673 [INFO] serial_handler: TX sent: CMD,1059,SIMP,91878
2026-06-03 17:31:59,249 [DEBUG] serial_handler: TX queued: CMD,1059,SIMP,91934
2026-06-03 17:31:59,249 [DEBUG] simp_sender: SIMP TX [66/156]: CMD,1059,SIMP,91934
2026-06-03 17:31:59,668 [INFO] serial_handler: TX sent: CMD,1059,SIMP,91934
2026-06-03 17:32:00,259 [DEBUG] serial_handler: TX queued: CMD,1059,SIMP,91990
2026-06-03 17:32:00,260 [DEBUG] simp_sender: SIMP TX [67/156]: CMD,1059,SIMP,91990
2026-06-03 17:32:00,675 [INFO] serial_handler: TX sent: CMD,1059,SIMP,91990
2026-06-03 17:32:01,266 [DEBUG] serial_handler: TX queued: CMD,1059,SIMP,92046
2026-06-03 17:32:01,266 [DEBUG] simp_sender: SIMP TX [68/156]: CMD,1059,SIMP,92046
2026-06-03 17:32:01,668 [INFO] serial_handler: TX sent: CMD,1059,SIMP,92046
2026-06-03 17:32:02,276 [DEBUG] serial_handler: TX queued: CMD,1059,SIMP,92102
2026-06-03 17:32:02,276 [DEBUG] simp_sender: SIMP TX [69/156]: CMD,1059,SIMP,92102
2026-06-03 17:32:02,670 [INFO] serial_handler: TX sent: CMD,1059,SIMP,92102
2026-06-03 17:32:03,285 [DEBUG] serial_handler: TX queued: CMD,1059,SIMP,92158
2026-06-03 17:32:03,285 [DEBUG] simp_sender: SIMP TX [70/156]: CMD,1059,SIMP,92158
2026-06-03 17:32:03,670 [INFO] serial_handler: TX sent: CMD,1059,SIMP,92158
2026-06-03 17:32:04,293 [DEBUG] serial_handler: TX queued: CMD,1059,SIMP,92214
2026-06-03 17:32:04,293 [DEBUG] simp_sender: SIMP TX [71/156]: CMD,1059,SIMP,92214
2026-06-03 17:32:04,522 [INFO] __main__: Shutting down...
2026-06-03 17:32:04,545 [INFO] simp_sender: SimpSender aborted at command 71 / 156
2026-06-03 17:32:04,814 [INFO] logger: CSV log closed. 104 packets written.
2026-06-03 17:56:50,765 [INFO] logger: DataLogger initialised. CSV: logs\telemetry_20260603_175650.csv | Raw: logs\raw_20260603_175650.txt
2026-06-03 17:56:50,766 [INFO] __main__: SerialWorker started on COM5
2026-06-03 17:56:50,883 [INFO] serial_handler: Serial port COM5 opened at 9600 baud
2026-06-03 17:56:53,250 [INFO] __main__: TX: CMD,1059,CX,ON
2026-06-03 17:56:53,250 [DEBUG] serial_handler: TX queued: CMD,1059,CX,ON
2026-06-03 17:56:54,901 [INFO] serial_handler: TX sent: CMD,1059,CX,ON
2026-06-03 17:57:03,353 [INFO] __main__: TX: CMD,1059,CX,OFF
2026-06-03 17:57:03,353 [DEBUG] serial_handler: TX queued: CMD,1059,CX,OFF
2026-06-03 17:57:04,371 [INFO] __main__: TX: CMD,1059,CX,ON
2026-06-03 17:57:04,372 [DEBUG] serial_handler: TX queued: CMD,1059,CX,ON
2026-06-03 17:57:04,945 [INFO] serial_handler: TX sent: CMD,1059,CX,OFF
2026-06-03 17:57:04,946 [INFO] serial_handler: TX sent: CMD,1059,CX,ON
2026-06-03 17:57:07,801 [INFO] __main__: TX: CMD,1059,CX,OFF
2026-06-03 17:57:07,801 [DEBUG] serial_handler: TX queued: CMD,1059,CX,OFF
2026-06-03 17:57:08,959 [INFO] serial_handler: TX sent: CMD,1059,CX,OFF
2026-06-03 17:57:13,905 [INFO] __main__: TX: CMD,1059,CX,ON
2026-06-03 17:57:13,905 [DEBUG] serial_handler: TX queued: CMD,1059,CX,ON
2026-06-03 17:57:14,983 [INFO] serial_handler: TX sent: CMD,1059,CX,ON
2026-06-03 17:57:23,476 [INFO] __main__: Shutting down...
2026-06-03 17:57:33,953 [INFO] logger: DataLogger initialised. CSV: logs\telemetry_20260603_175733.csv | Raw: logs\raw_20260603_175733.txt
2026-06-03 17:57:33,954 [INFO] __main__: SerialWorker started on COM5
2026-06-03 17:57:34,073 [INFO] serial_handler: Serial port COM5 opened at 9600 baud
2026-06-03 17:57:49,704 [INFO] __main__: TX: CMD,1059,CX,ON
2026-06-03 17:57:49,704 [DEBUG] serial_handler: TX queued: CMD,1059,CX,ON
2026-06-03 17:57:50,124 [INFO] serial_handler: TX sent: CMD,1059,CX,ON
2026-06-03 17:58:18,411 [INFO] __main__: TX: CMD,1059,CX,OFF
2026-06-03 17:58:18,411 [DEBUG] serial_handler: TX queued: CMD,1059,CX,OFF
2026-06-03 17:58:19,861 [INFO] __main__: TX: CMD,1059,CX,ON
2026-06-03 17:58:19,861 [DEBUG] serial_handler: TX queued: CMD,1059,CX,ON
2026-06-03 17:58:20,251 [INFO] serial_handler: TX sent: CMD,1059,CX,OFF
2026-06-03 17:58:20,251 [INFO] serial_handler: TX sent: CMD,1059,CX,ON
2026-06-03 17:58:34,717 [ERROR] serial_handler: Read error: ClearCommError failed (PermissionError(13, 'Access is denied.', None, 5))
2026-06-03 17:58:34,719 [ERROR] serial_handler: Serial error: could not open port 'COM5': FileNotFoundError(2, 'The system cannot find the file specified.', None, 2)
2026-06-03 17:58:36,723 [ERROR] serial_handler: Serial error: could not open port 'COM5': FileNotFoundError(2, 'The system cannot find the file specified.', None, 2)
2026-06-03 17:58:38,725 [ERROR] serial_handler: Serial error: could not open port 'COM5': FileNotFoundError(2, 'The system cannot find the file specified.', None, 2)
2026-06-03 17:58:40,198 [INFO] __main__: Shutting down...
