[04:59:54.506] 1059, 00:00:00, 1, F, LAUNCH_PAD, -0.3, 21.1, 101324.4, 4.20, 0.55, 0.0, 0.0, 0.0, 0.00, 0.00, 9.81, 00:00:00, 0.0, 51.1833, -1.8214, 8, CXON, DISARMED, 95, 2.292, 0, 0, EMULATOR
[04:59:55.498] 1059, 00:00:01, 2, F, LAUNCH_PAD, -0.2, 21.0, 101323.5, 4.19, 0.51, 0.0, 0.0, 0.0, 0.00, 0.00, 9.81, 00:00:01, 0.0, 51.1833, -1.8214, 8, CXON, DISARMED, 95, 2.140, 0, 0, EMULATOR
[04:59:56.507] 1059, 00:00:02, 3, F, LAUNCH_PAD, -0.3, 21.0, 101331.6, 4.20, 0.51, 0.0, 0.0, 0.0, 0.00, 0.00, 9.81, 00:00:02, 0.0, 51.1833, -1.8214, 8, CXON, DISARMED, 95, 2.145, 0, 0, EMULATOR
[04:59:57.500] 1059, 00:00:03, 4, F, LAUNCH_PAD, -0.2, 20.9, 101327.7, 4.19, 0.51, 0.0, 0.0, 0.0, 0.00, 0.00, 9.81, 00:00:03, 0.0, 51.1833, -1.8214, 8, CXON, DISARMED, 95, 2.139, 0, 0, EMULATOR
[04:59:58.509] 1059, 00:00:04, 5, F, LAUNCH_PAD, -0.2, 21.0, 101325.9, 4.19, 0.55, 0.0, 0.0, 0.0, 0.00, 0.00, 9.81, 00:00:04, 0.0, 51.1833, -1.8214, 8, CXON, DISARMED, 95, 2.291, 0, 0, EMULATOR
[04:59:59.501] 1059, 00:00:05, 6, F, LAUNCH_PAD, 0.4, 21.1, 101322.6, 4.18, 0.52, 0.0, 0.0, 0.0, 0.00, 0.00, 9.81, 00:00:05, 0.0, 51.1833, -1.8214, 8, CXON, DISARMED, 95, 2.169, 0, 0, EMULATOR
[05:00:00.511] 1059, 00:00:06, 7, F, LAUNCH_PAD, -0.5, 21.1, 101333.9, 4.18, 0.48, 0.0, 0.0, 0.0, 0.00, 0.00, 9.81, 00:00:06, 0.0, 51.1833, -1.8214, 8, CXON, DISARMED, 95, 2.023, 0, 0, EMULATOR
[05:00:01.493] 1059, 00:00:07, 8, F, LAUNCH_PAD, -0.3, 21.1, 101325.2, 4.18, 0.51, 0.0, 0.0, 0.0, 0.00, 0.00, 9.81, 00:00:07, 0.0, 51.1833, -1.8214, 8, CXON, DISARMED, 95, 2.144, 0, 0, EMULATOR
[05:00:02.492] 1059, 00:00:08, 9, F, LAUNCH_PAD, 0.2, 21.2, 101323.5, 4.17, 0.50, 0.0, 0.0, 0.0, 0.00, 0.00, 9.81, 00:00:08, 0.0, 51.1833, -1.8214, 8, CXON, DISARMED, 95, 2.073, 0, 0, EMULATOR
[05:00:03.503] 1059, 00:00:09, 10, F, LAUNCH_PAD, -0.1, 21.2, 101323.4, 4.18, 0.53, 0.0, 0.0, 0.0, 0.00, 0.00, 9.81, 00:00:09, 0.0, 51.1833, -1.8214, 8, CXON, DISARMED, 95, 2.236, 0, 0, EMULATOR
[05:00:04.499] 1059, 00:00:10, 11, F, LAUNCH_PAD, 0.3, 21.1, 101326.1, 4.18, 0.53, 0.0, 0.0, 0.0, 0.00, 0.00, 9.81, 00:00:10, 0.0, 51.1833, -1.8214, 8, CXON, DISARMED, 95, 2.208, 0, 0, EMULATOR
[05:00:05.507] 1059, 00:00:11, 12, F, LAUNCH_PAD, 0.3, 21.2, 101323.6, 4.19, 0.53, 0.0, 0.0, 0.0, 0.00, 0.00, 9.81, 00:00:11, 0.0, 51.1833, -1.8214, 8, CXON, DISARMED, 95, 2.203, 0, 0, EMULATOR
[05:00:06.500] 1059, 00:00:12, 13, F, LAUNCH_PAD, 0.0, 21.1, 101325.5, 4.19, 0.52, 0.0, 0.0, 0.0, 0.00, 0.00, 9.81, 00:00:12, 0.0, 51.1833, -1.8214, 8, CXON, DISARMED, 95, 2.166, 0, 0, EMULATOR
[05:00:07.507] 1059, 00:00:13, 14, F, LAUNCH_PAD, 0.4, 21.2, 101317.2, 4.18, 0.51, 0.0, 0.0, 0.0, 0.00, 0.00, 9.81, 00:00:13, 0.0, 51.1833, -1.8214, 8, CXON, DISARMED, 95, 2.138, 0, 0, EMULATOR
[05:00:08.500] 1059, 00:00:14, 15, F, LAUNCH_PAD, 0.1, 21.2, 101328.9, 4.19, 0.54, 0.0, 0.0, 0.0, 0.00, 0.00, 9.81, 00:00:14, 0.0, 51.1833, -1.8214, 8, CXON, DISARMED, 95, 2.245, 0, 0, EMULATOR
[05:00:09.511] 1059, 00:00:15, 16, F, LAUNCH_PAD, -0.1, 21.3, 101323.4, 4.19, 0.50, 0.0, 0.0, 0.0, 0.00, 0.00, 9.81, 00:00:15, 0.0, 51.1833, -1.8214, 8, CXON, DISARMED, 95, 2.105, 0, 0, EMULATOR
[05:00:10.503] 1059, 00:00:16, 17, F, LAUNCH_PAD, -0.1, 21.2, 101325.1, 4.20, 0.50, 0.0, 0.0, 0.0, 0.00, 0.00, 9.81, 00:00:16, 0.0, 51.1833, -1.8214, 8, CXON, DISARMED, 95, 2.085, 0, 0, EMULATOR
[05:00:11.496] 1059, 00:00:17, 18, F, LAUNCH_PAD, 0.2, 21.2, 101318.7, 4.20, 0.52, 0.0, 0.0, 0.0, 0.00, 0.00, 9.81, 00:00:17, 0.0, 51.1833, -1.8214, 8, CXON, DISARMED, 95, 2.171, 0, 0, EMULATOR
[05:00:12.505] 1059, 00:00:18, 19, F, LAUNCH_PAD, -0.2, 21.3, 101322.9, 4.20, 0.49, 0.0, 0.0, 0.0, 0.00, 0.00, 9.81, 00:00:18, 0.0, 51.1833, -1.8214, 8, CXON, DISARMED, 95, 2.043, 0, 0, EMULATOR
[05:00:13.516] 1059, 00:00:19, 20, F, LAUNCH_PAD, -0.3, 21.3, 101326.8, 4.20, 0.45, 0.0, 0.0, 0.0, 0.00, 0.00, 9.81, 00:00:19, 0.0, 51.1833, -1.8214, 8, CXON, DISARMED, 95, 1.892, 0, 0, EMULATOR
[05:00:14.506] 1059, 00:00:20, 21, F, LAUNCH_PAD, -0.4, 21.4, 101327.1, 4.20, 0.49, 0.0, 0.0, 0.0, 0.00, 0.00, 9.81, 00:00:20, 0.0, 51.1833, -1.8214, 8, CXON, DISARMED, 95, 2.045, 0, 0, EMULATOR
[05:00:15.486] 1059, 00:00:21, 22, F, LAUNCH_PAD, 0.4, 21.3, 101316.1, 4.20, 0.49, 0.0, 0.0, 0.0, 0.00, 0.00, 9.81, 00:00:21, 0.0, 51.1833, -1.8214, 8, CXON, DISARMED, 95, 2.039, 0, 0, EMULATOR
[05:00:16.505] 1059, 00:00:22, 23, F, LAUNCH_PAD, 0.2, 21.3, 101319.4, 4.20, 0.54, 0.0, 0.0, 0.0, 0.00, 0.00, 9.81, 00:00:22, 0.0, 51.1833, -1.8214, 8, CXON, DISARMED, 95, 2.248, 0, 0, EMULATOR
[05:00:17.495] 1059, 00:00:23, 24, F, LAUNCH_PAD, -0.3, 21.4, 101331.0, 4.19, 0.51, 0.0, 0.0, 0.0, 0.00, 0.00, 9.81, 00:00:23, 0.0, 51.1833, -1.8214, 8, CXON, DISARMED, 95, 2.142, 0, 0, EMULATOR
[05:00:18.511] 1059, 00:00:24, 25, F, LAUNCH_PAD, -0.0, 21.4, 101329.7, 4.18, 0.54, 0.0, 0.0, 0.0, 0.00, 0.00, 9.81, 00:00:24, 0.0, 51.1833, -1.8214, 8, CXON, DISARMED, 95, 2.242, 0, 0, EMULATOR
[05:00:19.493] 1059, 00:00:25, 26, F, LAUNCH_PAD, -0.4, 21.4, 101325.9, 4.19, 0.50, 0.0, 0.0, 0.0, 0.00, 0.00, 9.81, 00:00:25, 0.0, 51.1833, -1.8214, 8, CXON, DISARMED, 95, 2.104, 0, 0, EMULATOR
[05:00:20.513] 1059, 00:00:26, 27, F, LAUNCH_PAD, -0.0, 21.4, 101323.4, 4.19, 0.53, 0.0, 0.0, 0.0, 0.00, 0.00, 9.81, 00:00:26, 0.0, 51.1833, -1.8214, 8, CXON, DISARMED, 95, 2.202, 0, 0, EMULATOR
[05:00:21.503] 1059, 00:00:27, 28, F, LAUNCH_PAD, -0.4, 21.3, 101332.5, 4.18, 0.52, 0.0, 0.0, 0.0, 0.00, 0.00, 9.81, 00:00:27, 0.0, 51.1833, -1.8214, 8, CXON, DISARMED, 95, 2.156, 0, 0, EMULATOR
[05:00:22.499] 1059, 00:00:28, 29, F, LAUNCH_PAD, 0.1, 21.3, 101327.2, 4.18, 0.49, 0.0, 0.0, 0.0, 0.00, 0.00, 9.81, 00:00:28, 0.0, 51.1833, -1.8214, 8, CXON, DISARMED, 95, 2.029, 0, 0, EMULATOR
[05:00:23.508] 1059, 00:00:29, 30, F, LAUNCH_PAD, 0.3, 21.3, 101325.5, 4.18, 0.50, 0.0, 0.0, 0.0, 0.00, 0.00, 9.81, 00:00:29, 0.0, 51.1833, -1.8214, 8, CXON, DISARMED, 95, 2.109, 0, 0, EMULATOR
[05:00:24.501] 1059, 00:00:30, 31, F, LAUNCH_PAD, -0.5, 21.2, 101329.3, 4.18, 0.51, 0.0, 0.0, 0.0, 0.00, 0.00, 9.81, 00:00:30, 0.0, 51.1833, -1.8214, 8, CXON, DISARMED, 95, 2.140, 0, 0, EMULATOR
[05:00:25.509] 1059, 00:00:31, 32, F, LAUNCH_PAD, 0.2, 21.1, 101326.5, 4.19, 0.48, 0.0, 0.0, 0.0, 0.00, 0.00, 9.81, 00:00:31, 0.0, 51.1833, -1.8214, 8, CXON, DISARMED, 95, 2.029, 0, 0, EMULATOR
[05:00:26.503] 1059, 00:00:32, 33, F, LAUNCH_PAD, -0.3, 21.1, 101331.8, 4.18, 0.50, 0.0, 0.0, 0.0, 0.00, 0.00, 9.81, 00:00:32, 0.0, 51.1833, -1.8214, 8, CXON, DISARMED, 95, 2.084, 0, 0, EMULATOR
[05:00:27.511] 1059, 00:00:33, 34, F, LAUNCH_PAD, 0.2, 21.1, 101326.8, 4.18, 0.45, 0.0, 0.0, 0.0, 0.00, 0.00, 9.81, 00:00:33, 0.0, 51.1833, -1.8214, 8, CXON, DISARMED, 95, 1.893, 0, 0, EMULATOR
[05:00:28.506] 1059, 00:00:34, 35, F, LAUNCH_PAD, -0.2, 21.2, 101332.4, 4.19, 0.46, 0.0, 0.0, 0.0, 0.00, 0.00, 9.81, 00:00:34, 0.0, 51.1833, -1.8214, 8, CXON, DISARMED, 95, 1.936, 0, 0, EMULATOR
[05:00:29.509] 1059, 00:00:35, 36, F, LAUNCH_PAD, -0.4, 21.2, 101331.8, 4.18, 0.46, 0.0, 0.0, 0.0, 0.00, 0.00, 9.81, 00:00:35, 0.0, 51.1833, -1.8214, 8, CXON, DISARMED, 95, 1.910, 0, 0, EMULATOR
[05:00:30.502] 1059, 00:00:36, 37, F, LAUNCH_PAD, 0.1, 21.1, 101321.7, 4.19, 0.42, 0.0, 0.0, 0.0, 0.00, 0.00, 9.81, 00:00:36, 0.0, 51.1833, -1.8214, 8, CXON, DISARMED, 95, 1.780, 0, 0, EMULATOR
[05:00:31.486] 1059, 00:00:37, 38, F, LAUNCH_PAD, 0.0, 21.0, 101327.8, 4.20, 0.43, 0.0, 0.0, 0.0, 0.00, 0.00, 9.81, 00:00:37, 0.0, 51.1833, -1.8214, 8, CXON, DISARMED, 95, 1.796, 0, 0, EMULATOR
[05:00:32.508] 1059, 00:00:38, 39, F, LAUNCH_PAD, 0.0, 21.0, 101322.8, 4.20, 0.47, 0.0, 0.0, 0.0, 0.00, 0.00, 9.81, 00:00:38, 0.0, 51.1833, -1.8214, 8, CXON, DISARMED, 95, 1.958, 0, 0, EMULATOR
[05:00:33.501] 1059, 00:00:39, 40, F, LAUNCH_PAD, -0.4, 20.9, 101330.8, 4.20, 0.50, 0.0, 0.0, 0.0, 0.00, 0.00, 9.81, 00:00:39, 0.0, 51.1833, -1.8214, 8, CXON, DISARMED, 95, 2.114, 0, 0, EMULATOR
[05:00:34.510] 1059, 00:00:40, 41, F, LAUNCH_PAD, 0.4, 21.0, 101315.2, 4.19, 0.48, 0.0, 0.0, 0.0, 0.00, 0.00, 9.81, 00:00:40, 0.0, 51.1833, -1.8214, 8, CXON, DISARMED, 95, 2.032, 0, 0, EMULATOR
[05:00:35.503] 1059, 00:00:41, 42, F, LAUNCH_PAD, 0.1, 21.0, 101324.7, 4.20, 0.44, 0.0, 0.0, 0.0, 0.00, 0.00, 9.81, 00:00:41, 0.0, 51.1833, -1.8214, 8, CXON, DISARMED, 95, 1.836, 0, 0, EMULATOR
[05:00:36.512] 1059, 00:00:42, 43, F, LAUNCH_PAD, 0.4, 21.1, 101322.6, 4.20, 0.44, 0.0, 0.0, 0.0, 0.00, 0.00, 9.81, 00:00:42, 0.0, 51.1833, -1.8214, 8, CXON, DISARMED, 95, 1.852, 0, 0, EMULATOR
[05:00:37.505] 1059, 00:00:43, 44, F, LAUNCH_PAD, 0.3, 21.1, 101321.0, 4.20, 0.48, 0.0, 0.0, 0.0, 0.00, 0.00, 9.81, 00:00:43, 0.0, 51.1833, -1.8214, 8, CXON, DISARMED, 95, 2.030, 0, 0, EMULATOR
[05:00:38.514] 1059, 00:00:44, 45, F, LAUNCH_PAD, -0.1, 21.0, 101326.2, 4.19, 0.45, 0.0, 0.0, 0.0, 0.00, 0.00, 9.81, 00:00:44, 0.0, 51.1833, -1.8214, 8, CXON, DISARMED, 95, 1.868, 0, 0, EMULATOR
[05:00:39.502] 1059, 00:00:45, 46, F, LAUNCH_PAD, -0.2, 20.9, 101329.2, 4.19, 0.46, 0.0, 0.0, 0.0, 0.00, 0.00, 9.81, 00:00:45, 0.0, 51.1833, -1.8214, 8, CXON, DISARMED, 95, 1.933, 0, 0, EMULATOR
[05:00:40.499] 1059, 00:00:46, 47, F, LAUNCH_PAD, -0.1, 20.9, 101324.3, 4.20, 0.44, 0.0, 0.0, 0.0, 0.00, 0.00, 9.81, 00:00:46, 0.0, 51.1833, -1.8214, 8, CXON, DISARMED, 95, 1.859, 0, 0, EMULATOR
[05:00:41.508] 1059, 00:00:47, 48, F, LAUNCH_PAD, -0.5, 20.8, 101327.1, 4.20, 0.46, 0.0, 0.0, 0.0, 0.00, 0.00, 9.81, 00:00:47, 0.0, 51.1833, -1.8214, 8, CXON, DISARMED, 95, 1.934, 0, 0, EMULATOR
[05:00:42.499] 1059, 00:00:48, 49, F, LAUNCH_PAD, 0.1, 20.9, 101327.4, 4.20, 0.47, 0.0, 0.0, 0.0, 0.00, 0.00, 9.81, 00:00:48, 0.0, 51.1833, -1.8214, 8, CXON, DISARMED, 95, 1.963, 0, 0, EMULATOR
[05:00:43.510] 1059, 00:00:49, 50, F, LAUNCH_PAD, 0.2, 20.8, 101317.8, 4.20, 0.49, 0.0, 0.0, 0.0, 0.00, 0.00, 9.81, 00:00:49, 0.0, 51.1833, -1.8214, 8, CXON, DISARMED, 95, 2.061, 0, 0, EMULATOR
[05:00:44.497] 1059, 00:00:50, 51, F, LAUNCH_PAD, 0.4, 20.7, 101318.4, 4.20, 0.50, 0.0, 0.0, 0.0, 0.00, 0.00, 9.81, 00:00:50, 0.0, 51.1833, -1.8214, 8, CXON, DISARMED, 95, 2.092, 0, 0, EMULATOR
[05:00:45.505] 1059, 00:00:51, 52, F, LAUNCH_PAD, -0.3, 20.7, 101332.7, 4.20, 0.53, 0.0, 0.0, 0.0, 0.00, 0.00, 9.81, 00:00:51, 0.0, 51.1833, -1.8214, 8, CXON, DISARMED, 95, 2.238, 0, 0, EMULATOR
[05:00:46.498] 1059, 00:00:52, 53, F, LAUNCH_PAD, -0.2, 20.6, 101324.6, 4.20, 0.50, 0.0, 0.0, 0.0, 0.00, 0.00, 9.81, 00:00:52, 0.0, 51.1833, -1.8214, 8, CXON, DISARMED, 95, 2.091, 0, 0, EMULATOR
[05:00:47.497] 1059, 00:00:53, 54, F, LAUNCH_PAD, 0.2, 20.6, 101326.3, 4.20, 0.52, 0.0, 0.0, 0.0, 0.00, 0.00, 9.81, 00:00:53, 0.0, 51.1833, -1.8214, 8, CXON, DISARMED, 95, 2.194, 0, 0, EMULATOR
[05:00:48.505] 1059, 00:00:54, 55, F, LAUNCH_PAD, -0.0, 20.7, 101320.7, 4.20, 0.52, 0.0, 0.0, 0.0, 0.00, 0.00, 9.81, 00:00:54, 0.0, 51.1833, -1.8214, 8, CXON, DISARMED, 95, 2.174, 0, 0, EMULATOR
[05:00:49.499] 1059, 00:00:55, 56, F, LAUNCH_PAD, -0.4, 20.7, 101324.9, 4.20, 0.57, 0.0, 0.0, 0.0, 0.00, 0.00, 9.81, 00:00:55, 0.0, 51.1833, -1.8214, 8, CXON, DISARMED, 95, 2.377, 0, 0, EMULATOR
[05:00:50.508] 1059, 00:00:56, 57, F, LAUNCH_PAD, -0.4, 20.7, 101325.5, 4.19, 0.57, 0.0, 0.0, 0.0, 0.00, 0.00, 9.81, 00:00:56, 0.0, 51.1833, -1.8214, 8, CXON, DISARMED, 95, 2.388, 0, 0, EMULATOR
[05:00:51.501] 1059, 00:00:57, 58, F, LAUNCH_PAD, 0.4, 20.8, 101319.2, 4.20, 0.62, 0.0, 0.0, 0.0, 0.00, 0.00, 9.81, 00:00:57, 0.0, 51.1833, -1.8214, 8, CXON, DISARMED, 95, 2.591, 0, 0, EMULATOR
[05:00:52.510] 1059, 00:00:58, 59, F, LAUNCH_PAD, -0.3, 20.7, 101331.1, 4.20, 0.58, 0.0, 0.0, 0.0, 0.00, 0.00, 9.81, 00:00:58, 0.0, 51.1833, -1.8214, 8, CXON, DISARMED, 95, 2.454, 0, 0, EMULATOR
[05:00:53.503] 1059, 00:00:59, 60, F, LAUNCH_PAD, 0.0, 20.8, 101328.7, 4.20, 0.57, 0.0, 0.0, 0.0, 0.00, 0.00, 9.81, 00:00:59, 0.0, 51.1833, -1.8214, 8, CXON, DISARMED, 95, 2.376, 0, 0, EMULATOR
[05:00:54.511] 1059, 00:01:00, 61, F, LAUNCH_PAD, 0.4, 20.7, 101318.8, 4.20, 0.61, 0.0, 0.0, 0.0, 0.00, 0.00, 9.81, 00:01:00, 0.0, 51.1833, -1.8214, 8, CXON, DISARMED, 95, 2.571, 0, 0, EMULATOR
[05:00:55.504] 1059, 00:01:01, 62, F, LAUNCH_PAD, -0.0, 20.7, 101329.7, 4.20, 0.59, 0.0, 0.0, 0.0, 0.00, 0.00, 9.81, 00:01:01, 0.0, 51.1833, -1.8214, 8, CXON, DISARMED, 95, 2.469, 0, 0, EMULATOR
[05:00:58.503] 1059, 00:01:04, 65, F, LAUNCH_PAD, -0.0, 20.5, 101322.0, 4.20, 0.57, 0.0, 0.0, 0.0, 0.00, 0.00, 9.81, 00:01:04, 0.0, 51.1833, -1.8214, 8, CXON, DISARMED, 95, 2.389, 0, 0, EMULATOR
[05:00:59.503] 1059, 00:01:05, 66, F, LAUNCH_PAD, 0.2, 20.6, 101323.3, 4.20, 0.58, 0.0, 0.0, 0.0, 0.00, 0.00, 9.81, 00:01:05, 0.0, 51.1833, -1.8214, 8, CXON, DISARMED, 95, 2.437, 0, 0, EMULATOR
[05:01:00.511] 1059, 00:01:06, 67, F, LAUNCH_PAD, 0.3, 20.5, 101321.1, 4.20, 0.53, 0.0, 0.0, 0.0, 0.00, 0.00, 9.81, 00:01:06, 0.0, 51.1833, -1.8214, 8, CXON, DISARMED, 95, 2.245, 0, 0, EMULATOR
[05:01:01.507] 1059, 00:01:07, 68, F, LAUNCH_PAD, 0.1, 20.4, 101319.6, 4.20, 0.50, 0.0, 0.0, 0.0, 0.00, 0.00, 9.81, 00:01:07, 0.0, 51.1833, -1.8214, 8, CXON, DISARMED, 95, 2.094, 0, 0, EMULATOR
[05:01:02.497] 1059, 00:01:08, 69, F, LAUNCH_PAD, 0.4, 20.3, 101323.1, 4.20, 0.51, 0.0, 0.0, 0.0, 0.00, 0.00, 9.81, 00:01:08, 0.0, 51.1833, -1.8214, 8, CXON, DISARMED, 95, 2.141, 0, 0, EMULATOR
[05:01:03.509] 1059, 00:01:09, 70, F, LAUNCH_PAD, -0.1, 20.3, 101330.6, 4.20, 0.54, 0.0, 0.0, 0.0, 0.00, 0.00, 9.81, 00:01:09, 0.0, 51.1833, -1.8214, 8, CXON, DISARMED, 95, 2.247, 0, 0, EMULATOR
[05:01:04.500] 1059, 00:01:10, 71, F, LAUNCH_PAD, 0.1, 20.2, 101328.5, 4.20, 0.58, 0.0, 0.0, 0.0, 0.00, 0.00, 9.81, 00:01:10, 0.0, 51.1833, -1.8214, 8, CXON, DISARMED, 95, 2.442, 0, 0, EMULATOR
[05:01:05.511] 1059, 00:01:11, 72, F, LAUNCH_PAD, -0.1, 20.2, 101328.2, 4.20, 0.61, 0.0, 0.0, 0.0, 0.00, 0.00, 9.81, 00:01:11, 0.0, 51.1833, -1.8214, 8, CXON, DISARMED, 95, 2.569, 0, 0, EMULATOR
[05:01:06.503] 1059, 00:01:12, 73, F, LAUNCH_PAD, 0.3, 20.3, 101323.0, 4.19, 0.65, 0.0, 0.0, 0.0, 0.00, 0.00, 9.81, 00:01:12, 0.0, 51.1833, -1.8214, 8, CXON, DISARMED, 95, 2.736, 0, 0, EMULATOR
[05:01:07.496] 1059, 00:01:13, 74, F, LAUNCH_PAD, 0.1, 20.3, 101323.8, 4.18, 0.67, 0.0, 0.0, 0.0, 0.00, 0.00, 9.81, 00:01:13, 0.0, 51.1833, -1.8214, 8, CXON, DISARMED, 95, 2.818, 0, 0, EMULATOR
[05:01:08.504] 1059, 00:01:14, 75, F, LAUNCH_PAD, 0.1, 20.3, 101325.6, 4.18, 0.71, 0.0, 0.0, 0.0, 0.00, 0.00, 9.81, 00:01:14, 0.0, 51.1833, -1.8214, 8, CXON, DISARMED, 95, 2.983, 0, 0, EMULATOR
[05:01:09.498] 1059, 00:01:15, 76, F, LAUNCH_PAD, 0.1, 20.3, 101326.2, 4.19, 0.72, 0.0, 0.0, 0.0, 0.00, 0.00, 9.81, 00:01:15, 0.0, 51.1833, -1.8214, 8, CXON, DISARMED, 95, 2.995, 0, 0, EMULATOR
[05:01:10.507] 1059, 00:01:16, 77, F, LAUNCH_PAD, 0.0, 20.2, 101323.7, 4.19, 0.68, 0.0, 0.0, 0.0, 0.00, 0.00, 9.81, 00:01:16, 0.0, 51.1833, -1.8214, 8, CXON, DISARMED, 95, 2.845, 0, 0, EMULATOR
[05:01:11.498] 1059, 00:01:17, 78, F, LAUNCH_PAD, -0.5, 20.3, 101335.1, 4.18, 0.65, 0.0, 0.0, 0.0, 0.00, 0.00, 9.81, 00:01:17, 0.0, 51.1833, -1.8214, 8, CXON, DISARMED, 95, 2.735, 0, 0, EMULATOR
[05:01:12.497] 1059, 00:01:18, 79, F, LAUNCH_PAD, 0.3, 20.2, 101326.2, 4.17, 0.61, 0.0, 0.0, 0.0, 0.00, 0.00, 9.81, 00:01:18, 0.0, 51.1833, -1.8214, 8, CXON, DISARMED, 95, 2.556, 0, 0, EMULATOR
[05:01:13.499] 1059, 00:01:19, 80, F, LAUNCH_PAD, -0.4, 20.2, 101332.1, 4.18, 0.60, 0.0, 0.0, 0.0, 0.00, 0.00, 9.81, 00:01:19, 0.0, 51.1833, -1.8214, 8, CXON, DISARMED, 95, 2.523, 0, 0, EMULATOR
[05:01:14.509] 1059, 00:01:20, 81, F, LAUNCH_PAD, -0.5, 20.2, 101332.1, 4.18, 0.58, 0.0, 0.0, 0.0, 0.00, 0.00, 9.81, 00:01:20, 0.0, 51.1833, -1.8214, 8, CXON, DISARMED, 95, 2.445, 0, 0, EMULATOR
[05:01:15.503] 1059, 00:01:21, 82, F, LAUNCH_PAD, 0.5, 20.1, 101320.5, 4.19, 0.60, 0.0, 0.0, 0.0, 0.00, 0.00, 9.81, 00:01:21, 0.0, 51.1833, -1.8214, 8, CXON, DISARMED, 95, 2.521, 0, 0, EMULATOR
[05:01:16.512] 1059, 00:01:22, 83, F, LAUNCH_PAD, 0.2, 20.1, 101323.0, 4.19, 0.62, 0.0, 0.0, 0.0, 0.00, 0.00, 9.81, 00:01:22, 0.0, 51.1833, -1.8214, 8, CXON, DISARMED, 95, 2.596, 0, 0, EMULATOR
[05:01:17.505] 1059, 00:01:23, 84, F, LAUNCH_PAD, -0.4, 20.1, 101330.0, 4.20, 0.62, 0.0, 0.0, 0.0, 0.00, 0.00, 9.81, 00:01:23, 0.0, 51.1833, -1.8214, 8, CXON, DISARMED, 95, 2.600, 0, 0, EMULATOR
[05:01:18.495] 1059, 00:01:24, 85, F, LAUNCH_PAD, 0.2, 20.1, 101320.6, 4.20, 0.63, 0.0, 0.0, 0.0, 0.00, 0.00, 9.81, 00:01:24, 0.0, 51.1833, -1.8214, 8, MEC, DISARMED, 95, 2.665, 8, 0, EMULATOR
[05:01:19.500] 1059, 00:01:25, 86, F, LAUNCH_PAD, 0.1, 20.2, 101321.6, 4.20, 0.59, 0.0, 0.0, 0.0, 0.00, 0.00, 9.81, 00:01:25, 0.0, 51.1833, -1.8214, 8, MEC, DISARMED, 95, 2.461, 8, 0, EMULATOR
[05:01:20.499] 1059, 00:01:26, 87, F, LAUNCH_PAD, -0.4, 20.3, 101330.3, 4.20, 0.60, 0.0, 0.0, 0.0, 0.00, 0.00, 9.81, 00:01:26, 0.0, 51.1833, -1.8214, 8, MEC, DISARMED, 95, 2.534, 0, 0, EMULATOR
[05:01:21.508] 1059, 00:01:27, 88, F, LAUNCH_PAD, -0.2, 20.3, 101325.3, 4.20, 0.64, 0.0, 0.0, 0.0, 0.00, 0.00, 9.81, 00:01:27, 0.0, 51.1833, -1.8214, 8, MEC, DISARMED, 95, 2.688, 0, 0, EMULATOR
[05:01:22.501] 1059, 00:01:28, 89, F, LAUNCH_PAD, -0.4, 20.4, 101330.3, 4.20, 0.66, 0.0, 0.0, 0.0, 0.00, 0.00, 9.81, 00:01:28, 0.0, 51.1833, -1.8214, 8, MEC, DISARMED, 95, 2.756, 0, 0, EMULATOR
[05:01:23.510] 1059, 00:01:29, 90, F, LAUNCH_PAD, -0.3, 20.4, 101330.7, 4.20, 0.68, 0.0, 0.0, 0.0, 0.00, 0.00, 9.81, 00:01:29, 0.0, 51.1833, -1.8214, 8, MEC, DISARMED, 95, 2.844, 0, 0, EMULATOR
[05:01:24.503] 1059, 00:01:30, 91, F, LAUNCH_PAD, 0.2, 20.3, 101319.1, 4.20, 0.69, 0.0, 0.0, 0.0, 0.00, 0.00, 9.81, 00:01:30, 0.0, 51.1833, -1.8214, 8, MEC, DISARMED, 95, 2.908, 0, 0, EMULATOR
[05:01:25.512] 1059, 00:01:31, 92, F, LAUNCH_PAD, 0.4, 20.2, 101324.9, 4.20, 0.71, 0.0, 0.0, 0.0, 0.00, 0.00, 9.81, 00:01:31, 0.0, 51.1833, -1.8214, 8, MEC, DISARMED, 95, 2.964, 0, 0, EMULATOR
[05:01:26.500] 1059, 00:01:32, 93, F, LAUNCH_PAD, 0.4, 20.2, 101319.8, 4.19, 0.68, 0.0, 0.0, 0.0, 0.00, 0.00, 9.81, 00:01:32, 0.0, 51.1833, -1.8214, 8, MEC, DISARMED, 95, 2.850, 0, 0, EMULATOR
[05:01:27.497] 1059, 00:01:33, 94, F, LAUNCH_PAD, 0.1, 20.1, 101329.3, 4.20, 0.72, 0.0, 0.0, 0.0, 0.00, 0.00, 9.81, 00:01:33, 0.0, 51.1833, -1.8214, 8, MEC, DISARMED, 95, 3.008, 8, 0, EMULATOR
[05:01:28.506] 1059, 00:01:34, 95, F, LAUNCH_PAD, -0.1, 20.2, 101330.8, 4.19, 0.76, 0.0, 0.0, 0.0, 0.00, 0.00, 9.81, 00:01:34, 0.0, 51.1833, -1.8214, 8, MEC, DISARMED, 95, 3.168, 8, 0, EMULATOR
[05:01:29.493] 1059, 00:01:35, 96, F, LAUNCH_PAD, -0.2, 20.2, 101326.6, 4.19, 0.73, 0.0, 0.0, 0.0, 0.00, 0.00, 9.81, 00:01:35, 0.0, 51.1833, -1.8214, 8, MEC, DISARMED, 95, 3.062, 0, 0, EMULATOR
[05:01:30.507] 1059, 00:01:36, 97, F, LAUNCH_PAD, -0.3, 20.3, 101327.5, 4.20, 0.72, 0.0, 0.0, 0.0, 0.00, 0.00, 9.81, 00:01:36, 0.0, 51.1833, -1.8214, 8, MEC, DISARMED, 95, 3.041, 0, 0, EMULATOR
[05:01:31.495] 1059, 00:01:37, 98, F, LAUNCH_PAD, -0.0, 20.2, 101330.0, 4.20, 0.69, 0.0, 0.0, 0.0, 0.00, 0.00, 9.81, 00:01:37, 0.0, 51.1833, -1.8214, 8, MEC, DISARMED, 95, 2.912, 8, 0, EMULATOR
[05:01:32.506] 1059, 00:01:38, 99, F, LAUNCH_PAD, 0.3, 20.2, 101319.5, 4.20, 0.68, 0.0, 0.0, 0.0, 0.00, 0.00, 9.81, 00:01:38, 0.0, 51.1833, -1.8214, 8, MEC, DISARMED, 95, 2.871, 0, 0, EMULATOR
[05:01:33.503] 1059, 00:01:39, 100, F, LAUNCH_PAD, -0.1, 20.1, 101326.6, 4.20, 0.69, 0.0, 0.0, 0.0, 0.00, 0.00, 9.81, 00:01:39, 0.0, 51.1833, -1.8214, 8, MEC, DISARMED, 95, 2.909, 0, 0, EMULATOR
[05:01:34.504] 1059, 00:01:40, 101, F, LAUNCH_PAD, 0.3, 20.1, 101317.1, 4.20, 0.70, 0.0, 0.0, 0.0, 0.00, 0.00, 9.81, 00:01:40, 0.0, 51.1833, -1.8214, 8, MEC, DISARMED, 95, 2.942, 0, 0, EMULATOR
[05:01:35.503] 1059, 00:01:41, 102, F, LAUNCH_PAD, 0.2, 20.1, 101324.8, 4.20, 0.68, 0.0, 0.0, 0.0, 0.00, 0.00, 9.81, 00:01:41, 0.0, 51.1833, -1.8214, 8, MEC, DISARMED, 95, 2.855, 0, 0, EMULATOR
[05:01:36.512] 1059, 00:01:42, 103, F, LAUNCH_PAD, 0.2, 20.2, 101325.1, 4.19, 0.70, 0.0, 0.0, 0.0, 0.00, 0.00, 9.81, 00:01:42, 0.0, 51.1833, -1.8214, 8, MEC, DISARMED, 95, 2.918, 0, 0, EMULATOR
[05:01:37.506] 1059, 00:01:43, 104, F, LAUNCH_PAD, 0.1, 20.1, 101320.3, 4.20, 0.70, 0.0, 0.0, 0.0, 0.00, 0.00, 9.81, 00:01:43, 0.0, 51.1833, -1.8214, 8, MEC, DISARMED, 95, 2.927, 0, 0, EMULATOR
[05:01:38.485] 1059, 00:01:44, 105, F, LAUNCH_PAD, 0.4, 20.1, 101316.2, 4.19, 0.67, 0.0, 0.0, 0.0, 0.00, 0.00, 9.81, 00:01:44, 0.0, 51.1833, -1.8214, 8, MEC, DISARMED, 95, 2.800, 0, 0, EMULATOR
[05:01:39.551] 1059, 00:01:45, 106, F, LAUNCH_PAD, 0.1, 20.0, 101322.1, 4.18, 0.72, 0.0, 0.0, 0.0, 0.00, 0.00, 9.81, 00:01:45, 0.0, 51.1833, -1.8214, 8, MEC, DISARMED, 95, 2.998, 0, 0, EMULATOR
[05:01:40.500] 1059, 00:01:46, 107, F, LAUNCH_PAD, -0.5, 20.0, 101334.6, 4.18, 0.69, 0.0, 0.0, 0.0, 0.00, 0.00, 9.81, 00:01:46, 0.0, 51.1833, -1.8214, 8, MEC, DISARMED, 95, 2.862, 0, 0, EMULATOR
[05:01:41.510] 1059, 00:01:47, 108, F, LAUNCH_PAD, -0.3, 20.0, 101331.0, 4.18, 0.70, 0.0, 0.0, 0.0, 0.00, 0.00, 9.81, 00:01:47, 0.0, 51.1833, -1.8214, 8, MEC, DISARMED, 95, 2.943, 0, 0, EMULATOR
[05:01:42.502] 1059, 00:01:48, 109, F, LAUNCH_PAD, 0.2, 20.0, 101326.3, 4.18, 0.73, 0.0, 0.0, 0.0, 0.00, 0.00, 9.81, 00:01:48, 0.0, 51.1833, -1.8214, 8, MEC, DISARMED, 95, 3.033, 0, 0, EMULATOR
[05:01:43.510] 1059, 00:01:49, 110, F, LAUNCH_PAD, 0.0, 20.1, 101326.9, 4.19, 0.71, 0.0, 0.0, 0.0, 0.00, 0.00, 9.81, 00:01:49, 0.0, 51.1833, -1.8214, 8, MEC, DISARMED, 95, 2.980, 0, 0, EMULATOR
[05:01:44.505] 1059, 00:01:50, 111, F, LAUNCH_PAD, 0.1, 20.1, 101318.8, 4.18, 0.70, 0.0, 0.0, 0.0, 0.00, 0.00, 9.81, 00:01:50, 0.0, 51.1833, -1.8214, 8, MEC, DISARMED, 95, 2.920, 0, 0, EMULATOR
[05:01:45.512] 1059, 00:01:51, 112, F, LAUNCH_PAD, 0.2, 20.1, 101319.1, 4.17, 0.66, 0.0, 0.0, 0.0, 0.00, 0.00, 9.81, 00:01:51, 0.0, 51.1833, -1.8214, 8, MEC, DISARMED, 95, 2.750, 0, 0, EMULATOR
[05:01:46.506] 1059, 00:01:52, 113, F, LAUNCH_PAD, 0.3, 20.1, 101318.9, 4.18, 0.64, 0.0, 0.0, 0.0, 0.00, 0.00, 9.81, 00:01:52, 0.0, 51.1833, -1.8214, 8, MEC, DISARMED, 95, 2.672, 0, 0, EMULATOR
[05:01:47.498] 1059, 00:01:53, 114, F, LAUNCH_PAD, 0.3, 20.1, 101316.8, 4.17, 0.63, 0.0, 0.0, 0.0, 0.00, 0.00, 9.81, 00:01:53, 0.0, 51.1833, -1.8214, 8, MEC, DISARMED, 95, 2.638, 0, 0, EMULATOR
[05:01:48.508] 1059, 00:01:54, 115, F, LAUNCH_PAD, -0.1, 20.0, 101324.0, 4.17, 0.66, 0.0, 0.0, 0.0, 0.00, 0.00, 9.81, 00:01:54, 0.0, 51.1833, -1.8214, 8, MEC, DISARMED, 95, 2.750, 0, 0, EMULATOR
[05:01:49.500] 1059, 00:01:55, 116, F, LAUNCH_PAD, 0.2, 20.1, 101318.6, 4.17, 0.65, 0.0, 0.0, 0.0, 0.00, 0.00, 9.81, 00:01:55, 0.0, 51.1833, -1.8214, 8, MEC, DISARMED, 95, 2.704, 0, 0, EMULATOR
[05:01:50.509] 1059, 00:01:56, 117, F, LAUNCH_PAD, -0.4, 20.1, 101333.9, 4.18, 0.66, 0.0, 0.0, 0.0, 0.00, 0.00, 9.81, 00:01:56, 0.0, 51.1833, -1.8214, 8, MEC, DISARMED, 95, 2.771, 0, 0, EMULATOR
[05:01:51.518] 1059, 00:01:57, 118, F, LAUNCH_PAD, 0.5, 20.1, 101323.7, 4.17, 0.63, 0.0, 0.0, 0.0, 0.00, 0.00, 9.81, 00:01:57, 0.0, 51.1833, -1.8214, 8, MEC, DISARMED, 95, 2.636, 0, 0, EMULATOR
[05:01:52.511] 1059, 00:01:58, 119, F, LAUNCH_PAD, -0.2, 20.2, 101322.5, 4.16, 0.68, 0.0, 0.0, 0.0, 0.00, 0.00, 9.81, 00:01:58, 0.0, 51.1833, -1.8214, 8, MEC, DISARMED, 95, 2.817, 0, 0, EMULATOR
[05:01:53.504] 1059, 00:01:59, 120, F, LAUNCH_PAD, 0.3, 20.2, 101316.9, 4.16, 0.66, 0.0, 0.0, 0.0, 0.00, 0.00, 9.81, 00:01:59, 0.0, 51.1833, -1.8214, 8, MEC, DISARMED, 95, 2.729, 0, 0, EMULATOR
[05:01:54.513] 1059, 00:02:00, 121, F, LAUNCH_PAD, -0.4, 20.2, 101331.6, 4.17, 0.62, 0.0, 0.0, 0.0, 0.00, 0.00, 9.81, 00:02:00, 0.0, 51.1833, -1.8214, 8, MEC, DISARMED, 95, 2.596, 0, 0, EMULATOR
[05:01:55.493] 1059, 00:02:01, 122, F, LAUNCH_PAD, -0.4, 20.1, 101331.4, 4.16, 0.66, 0.0, 0.0, 0.0, 0.00, 0.00, 9.81, 00:02:01, 0.0, 51.1833, -1.8214, 8, MEC, DISARMED, 95, 2.747, 0, 0, EMULATOR
[05:01:56.512] 1059, 00:02:02, 123, F, LAUNCH_PAD, -0.4, 20.1, 101331.3, 4.17, 0.71, 0.0, 0.0, 0.0, 0.00, 0.00, 9.81, 00:02:02, 0.0, 51.1833, -1.8214, 8, MEC, DISARMED, 95, 2.954, 0, 0, EMULATOR
[05:01:57.509] 1059, 00:02:03, 124, F, LAUNCH_PAD, -0.5, 20.1, 101331.4, 4.16, 0.70, 0.0, 0.0, 0.0, 0.00, 0.00, 9.81, 00:02:03, 0.0, 51.1833, -1.8214, 8, MEC, DISARMED, 95, 2.922, 0, 0, EMULATOR
[05:01:58.499] 1059, 00:02:04, 125, F, LAUNCH_PAD, 0.0, 20.2, 101324.1, 4.16, 0.72, 0.0, 0.0, 0.0, 0.00, 0.00, 9.81, 00:02:04, 0.0, 51.1833, -1.8214, 8, MEC, DISARMED, 95, 2.983, 0, 0, EMULATOR
[05:01:59.509] 1059, 00:02:05, 126, F, LAUNCH_PAD, -0.5, 20.1, 101328.6, 4.17, 0.74, 0.0, 0.0, 0.0, 0.00, 0.00, 9.81, 00:02:05, 0.0, 51.1833, -1.8214, 8, MEC, DISARMED, 95, 3.075, 0, 0, EMULATOR
[05:02:00.502] 1059, 00:02:06, 127, F, LAUNCH_PAD, -0.3, 20.2, 101323.8, 4.17, 0.72, 0.0, 0.0, 0.0, 0.00, 0.00, 9.81, 00:02:06, 0.0, 51.1833, -1.8214, 8, MEC, DISARMED, 95, 3.005, 0, 0, EMULATOR
[05:02:01.511] 1059, 00:02:07, 128, F, LAUNCH_PAD, 0.2, 20.1, 101318.9, 4.17, 0.77, 0.0, 0.0, 0.0, 0.00, 0.00, 9.81, 00:02:07, 0.0, 51.1833, -1.8214, 8, MEC, DISARMED, 95, 3.200, 0, 0, EMULATOR
[05:02:02.503] 1059, 00:02:08, 129, F, LAUNCH_PAD, 0.1, 20.0, 101328.4, 4.17, 0.74, 0.0, 0.0, 0.0, 0.00, 0.00, 9.81, 00:02:08, 0.0, 51.1833, -1.8214, 8, MEC, DISARMED, 95, 3.081, 0, 0, EMULATOR
[05:02:03.511] 1059, 00:02:09, 130, F, LAUNCH_PAD, 0.4, 20.0, 101319.9, 4.16, 0.77, 0.0, 0.0, 0.0, 0.00, 0.00, 9.81, 00:02:09, 0.0, 51.1833, -1.8214, 8, MEC, DISARMED, 95, 3.216, 0, 0, EMULATOR
[05:02:04.496] 1059, 00:02:10, 131, F, LAUNCH_PAD, 0.0, 19.9, 101320.0, 4.17, 0.78, 0.0, 0.0, 0.0, 0.00, 0.00, 9.81, 00:02:10, 0.0, 51.1833, -1.8214, 8, MEC, DISARMED, 95, 3.256, 0, 0, EMULATOR
[05:02:05.499] 1059, 00:02:11, 132, F, LAUNCH_PAD, 0.4, 20.0, 101323.6, 4.17, 0.77, 0.0, 0.0, 0.0, 0.00, 0.00, 9.81, 00:02:11, 0.0, 51.1833, -1.8214, 8, MEC, DISARMED, 95, 3.201, 0, 0, EMULATOR
[05:02:06.507] 1059, 00:02:12, 133, F, LAUNCH_PAD, 0.0, 20.0, 101328.6, 4.16, 0.81, 0.0, 0.0, 0.0, 0.00, 0.00, 9.81, 00:02:12, 0.0, 51.1833, -1.8214, 8, MEC, DISARMED, 95, 3.352, 0, 0, EMULATOR
[05:02:07.500] 1059, 00:02:13, 134, F, LAUNCH_PAD, 0.4, 19.9, 101317.6, 4.16, 0.76, 0.0, 0.0, 0.0, 0.00, 0.00, 9.81, 00:02:13, 0.0, 51.1833, -1.8214, 8, MEC, DISARMED, 95, 3.149, 0, 0, EMULATOR
[05:02:08.509] 1059, 00:02:14, 135, F, LAUNCH_PAD, -0.3, 19.9, 101328.0, 4.16, 0.72, 0.0, 0.0, 0.0, 0.00, 0.00, 9.81, 00:02:14, 0.0, 51.1833, -1.8214, 8, MEC, DISARMED, 95, 2.994, 0, 0, EMULATOR
[05:02:09.499] 1059, 00:02:15, 136, F, LAUNCH_PAD, -0.3, 19.9, 101325.4, 4.15, 0.77, 0.0, 0.0, 0.0, 0.00, 0.00, 9.81, 00:02:15, 0.0, 51.1833, -1.8214, 8, MEC, DISARMED, 95, 3.193, 0, 0, EMULATOR
[05:02:10.500] 1059, 00:02:16, 137, F, LAUNCH_PAD, 0.5, 19.9, 101323.7, 4.15, 0.77, 0.0, 0.0, 0.0, 0.00, 0.00, 9.81, 00:02:16, 0.0, 51.1833, -1.8214, 8, MEC, DISARMED, 95, 3.192, 0, 0, EMULATOR
[05:02:11.502] 1059, 00:02:17, 138, F, LAUNCH_PAD, -0.3, 19.8, 101326.3, 4.15, 0.77, 0.0, 0.0, 0.0, 0.00, 0.00, 9.81, 00:02:17, 0.0, 51.1833, -1.8214, 8, MEC, DISARMED, 95, 3.208, 0, 0, EMULATOR
[05:02:12.513] 1059, 00:02:18, 139, F, LAUNCH_PAD, -0.3, 19.8, 101330.9, 4.14, 0.80, 0.0, 0.0, 0.0, 0.00, 0.00, 9.81, 00:02:18, 0.0, 51.1833, -1.8214, 8, MEC, DISARMED, 95, 3.312, 0, 0, EMULATOR
[05:02:13.505] 1059, 00:02:19, 140, F, LAUNCH_PAD, 0.0, 19.7, 101322.2, 4.14, 0.77, 0.0, 0.0, 0.0, 0.00, 0.00, 9.81, 00:02:19, 0.0, 51.1833, -1.8214, 8, MEC, DISARMED, 95, 3.179, 0, 0, EMULATOR
[05:02:14.498] 1059, 00:02:20, 141, F, LAUNCH_PAD, 0.5, 19.7, 101318.6, 4.15, 0.79, 0.0, 0.0, 0.0, 0.00, 0.00, 9.81, 00:02:20, 0.0, 51.1833, -1.8214, 8, MEC, DISARMED, 95, 3.276, 0, 0, EMULATOR
[05:02:15.507] 1059, 00:02:21, 142, F, LAUNCH_PAD, -0.1, 19.8, 101321.7, 4.14, 0.78, 0.0, 0.0, 0.0, 0.00, 0.00, 9.81, 00:02:21, 0.0, 51.1833, -1.8214, 8, MEC, DISARMED, 95, 3.215, 0, 0, EMULATOR
[05:02:16.500] 1059, 00:02:22, 143, F, LAUNCH_PAD, -0.3, 19.8, 101329.8, 4.15, 0.79, 0.0, 0.0, 0.0, 0.00, 0.00, 9.81, 00:02:22, 0.0, 51.1833, -1.8214, 8, MEC, DISARMED, 95, 3.265, 0, 0, EMULATOR
[05:02:17.509] 1059, 00:02:23, 144, F, LAUNCH_PAD, -0.2, 19.8, 101331.8, 4.14, 0.77, 0.0, 0.0, 0.0, 0.00, 0.00, 9.81, 00:02:23, 0.0, 51.1833, -1.8214, 8, MEC, DISARMED, 95, 3.172, 0, 0, EMULATOR
[05:02:18.502] 1059, 00:02:24, 145, F, LAUNCH_PAD, 0.3, 19.7, 101321.0, 4.13, 0.76, 0.0, 0.0, 0.0, 0.00, 0.00, 9.81, 00:02:24, 0.0, 51.1833, -1.8214, 8, MEC, DISARMED, 95, 3.150, 0, 0, EMULATOR
[05:02:19.504] 1059, 00:02:25, 146, F, LAUNCH_PAD, 0.3, 19.7, 101318.9, 4.14, 0.75, 0.0, 0.0, 0.0, 0.00, 0.00, 9.81, 00:02:25, 0.0, 51.1833, -1.8214, 8, MEC, DISARMED, 95, 3.089, 0, 0, EMULATOR
[05:02:20.504] 1059, 00:02:26, 147, F, LAUNCH_PAD, -0.3, 19.8, 101329.1, 4.13, 0.79, 0.0, 0.0, 0.0, 0.00, 0.00, 9.81, 00:02:26, 0.0, 51.1833, -1.8214, 8, MEC, DISARMED, 95, 3.262, 0, 0, EMULATOR
[05:02:21.513] 1059, 00:02:27, 148, F, LAUNCH_PAD, 0.2, 19.8, 101322.3, 4.13, 0.79, 0.0, 0.0, 0.0, 0.00, 0.00, 9.81, 00:02:27, 0.0, 51.1833, -1.8214, 8, MEC, DISARMED, 95, 3.282, 0, 0, EMULATOR
[05:02:22.506] 1059, 00:02:28, 149, F, LAUNCH_PAD, 0.3, 19.8, 101325.4, 4.13, 0.79, 0.0, 0.0, 0.0, 0.00, 0.00, 9.81, 00:02:28, 0.0, 51.1833, -1.8214, 8, MEC, DISARMED, 95, 3.249, 0, 0, EMULATOR
[05:02:23.514] 1059, 00:02:29, 150, F, LAUNCH_PAD, -0.4, 19.7, 101334.1, 4.14, 0.81, 0.0, 0.0, 0.0, 0.00, 0.00, 9.81, 00:02:29, 0.0, 51.1833, -1.8214, 8, MEC, DISARMED, 95, 3.343, 0, 0, EMULATOR
[05:02:24.507] 1059, 00:02:30, 151, F, LAUNCH_PAD, -0.3, 19.7, 101325.2, 4.14, 0.76, 0.0, 0.0, 0.0, 0.00, 0.00, 9.81, 00:02:30, 0.0, 51.1833, -1.8214, 8, MEC, DISARMED, 95, 3.159, 0, 0, EMULATOR
[05:02:25.500] 1059, 00:02:31, 152, F, LAUNCH_PAD, 0.3, 19.6, 101316.6, 4.13, 0.73, 0.0, 0.0, 0.0, 0.00, 0.00, 9.81, 00:02:31, 0.0, 51.1833, -1.8214, 8, MEC, DISARMED, 95, 3.015, 0, 0, EMULATOR
[05:02:26.508] 1059, 00:02:32, 153, F, LAUNCH_PAD, 0.1, 19.6, 101325.0, 4.14, 0.68, 0.0, 0.0, 0.0, 0.00, 0.00, 9.81, 00:02:32, 0.0, 51.1833, -1.8214, 8, MEC, DISARMED, 95, 2.829, 0, 0, EMULATOR
[05:02:27.497] 1059, 00:02:33, 154, F, LAUNCH_PAD, 0.2, 19.6, 101318.5, 4.14, 0.71, 0.0, 0.0, 0.0, 0.00, 0.00, 9.81, 00:02:33, 0.0, 51.1833, -1.8214, 8, MEC, DISARMED, 95, 2.939, 0, 0, EMULATOR
[05:02:28.508] 1059, 00:02:34, 155, F, LAUNCH_PAD, -0.1, 19.6, 101321.4, 4.14, 0.68, 0.0, 0.0, 0.0, 0.00, 0.00, 9.81, 00:02:34, 0.0, 51.1833, -1.8214, 8, MEC, DISARMED, 95, 2.818, 0, 0, EMULATOR
[05:02:29.503] 1059, 00:02:35, 156, F, LAUNCH_PAD, -0.4, 19.6, 101327.6, 4.13, 0.65, 0.0, 0.0, 0.0, 0.00, 0.00, 9.81, 00:02:35, 0.0, 51.1833, -1.8214, 8, MEC, DISARMED, 95, 2.704, 0, 0, EMULATOR
[05:02:30.511] 1059, 00:02:36, 157, F, LAUNCH_PAD, -0.1, 19.6, 101327.6, 4.14, 0.70, 0.0, 0.0, 0.0, 0.00, 0.00, 9.81, 00:02:36, 0.0, 51.1833, -1.8214, 8, MEC, DISARMED, 95, 2.909, 0, 0, EMULATOR
[05:02:31.505] 1059, 00:02:37, 158, F, LAUNCH_PAD, 0.2, 19.5, 101322.9, 4.15, 0.69, 0.0, 0.0, 0.0, 0.00, 0.00, 9.81, 00:02:37, 0.0, 51.1833, -1.8214, 8, MEC, DISARMED, 95, 2.869, 0, 0, EMULATOR
[05:02:32.513] 1059, 00:02:38, 159, F, LAUNCH_PAD, -0.4, 19.6, 101327.4, 4.15, 0.71, 0.0, 0.0, 0.0, 0.00, 0.00, 9.81, 00:02:38, 0.0, 51.1833, -1.8214, 8, MEC, DISARMED, 95, 2.943, 0, 0, EMULATOR
[05:02:33.522] 1059, 00:02:39, 160, F, LAUNCH_PAD, -0.1, 19.5, 101325.1, 4.14, 0.68, 0.0, 0.0, 0.0, 0.00, 0.00, 9.81, 00:02:39, 0.0, 51.1833, -1.8214, 8, MEC, DISARMED, 95, 2.797, 0, 0, EMULATOR
[05:02:34.489] 1059, 00:02:40, 161, F, LAUNCH_PAD, 0.4, 19.5, 101324.2, 4.14, 0.67, 0.0, 0.0, 0.0, 0.00, 0.00, 9.81, 00:02:40, 0.0, 51.1833, -1.8214, 8, MEC, DISARMED, 95, 2.772, 0, 0, EMULATOR
[05:02:35.509] 1059, 00:02:41, 162, F, LAUNCH_PAD, 0.1, 19.5, 101319.9, 4.13, 0.69, 0.0, 0.0, 0.0, 0.00, 0.00, 9.81, 00:02:41, 0.0, 51.1833, -1.8214, 8, MEC, DISARMED, 95, 2.848, 0, 0, EMULATOR
[05:02:36.500] 1059, 00:02:42, 163, F, LAUNCH_PAD, -0.3, 19.6, 101325.2, 4.14, 0.74, 0.0, 0.0, 0.0, 0.00, 0.00, 9.81, 00:02:42, 0.0, 51.1833, -1.8214, 8, MEC, DISARMED, 95, 3.051, 0, 0, EMULATOR
[05:02:37.501] 1059, 00:02:43, 164, F, LAUNCH_PAD, 0.4, 19.5, 101320.4, 4.14, 0.72, 0.0, 0.0, 0.0, 0.00, 0.00, 9.81, 00:02:43, 0.0, 51.1833, -1.8214, 8, MEC, DISARMED, 95, 2.988, 0, 0, EMULATOR
[05:02:38.504] 1059, 00:02:44, 165, F, LAUNCH_PAD, 0.5, 19.6, 101315.8, 4.15, 0.70, 0.0, 0.0, 0.0, 0.00, 0.00, 9.81, 00:02:44, 0.0, 51.1833, -1.8214, 8, MEC, DISARMED, 95, 2.917, 0, 0, EMULATOR
[05:02:39.505] 1059, 00:02:45, 166, F, LAUNCH_PAD, -0.3, 19.7, 101324.6, 4.14, 0.71, 0.0, 0.0, 0.0, 0.00, 0.00, 9.81, 00:02:45, 0.0, 51.1833, -1.8214, 8, MEC, DISARMED, 95, 2.935, 0, 0, EMULATOR
[05:02:40.502] 1059, 00:02:46, 167, F, LAUNCH_PAD, -0.4, 19.6, 101328.5, 4.14, 0.68, 0.0, 0.0, 0.0, 0.00, 0.00, 9.81, 00:02:46, 0.0, 51.1833, -1.8214, 8, MEC, DISARMED, 95, 2.835, 0, 0, EMULATOR
[05:02:41.503] 1059, 00:02:47, 168, F, LAUNCH_PAD, 0.3, 19.6, 101317.7, 4.14, 0.69, 0.0, 0.0, 0.0, 0.00, 0.00, 9.81, 00:02:47, 0.0, 51.1833, -1.8214, 8, MEC, DISARMED, 95, 2.854, 0, 0, EMULATOR
[05:02:42.507] 1059, 00:02:48, 169, F, LAUNCH_PAD, -0.1, 19.6, 101328.1, 4.14, 0.71, 0.0, 0.0, 0.0, 0.00, 0.00, 9.81, 00:02:48, 0.0, 51.1833, -1.8214, 8, MEC, DISARMED, 95, 2.924, 0, 0, EMULATOR
[05:02:43.500] 1059, 00:02:49, 170, F, LAUNCH_PAD, -0.3, 19.7, 101328.8, 4.14, 0.72, 0.0, 0.0, 0.0, 0.00, 0.00, 9.81, 00:02:49, 0.0, 51.1833, -1.8214, 8, MEC, DISARMED, 95, 2.971, 0, 0, EMULATOR
[05:02:44.505] 1059, 00:02:50, 171, F, LAUNCH_PAD, -0.4, 19.7, 101326.0, 4.14, 0.72, 0.0, 0.0, 0.0, 0.00, 0.00, 9.81, 00:02:50, 0.0, 51.1833, -1.8214, 8, MEC, DISARMED, 95, 2.979, 0, 0, EMULATOR
[05:02:45.500] 1059, 00:02:51, 172, F, LAUNCH_PAD, -0.2, 19.7, 101326.2, 4.14, 0.69, 0.0, 0.0, 0.0, 0.00, 0.00, 9.81, 00:02:51, 0.0, 51.1833, -1.8214, 8, MEC, DISARMED, 95, 2.878, 0, 0, EMULATOR
[05:02:46.506] 1059, 00:02:52, 173, F, LAUNCH_PAD, 0.2, 19.7, 101318.4, 4.14, 0.66, 0.0, 0.0, 0.0, 0.00, 0.00, 9.81, 00:02:52, 0.0, 51.1833, -1.8214, 8, MEC, DISARMED, 95, 2.752, 0, 0, EMULATOR
[05:02:47.504] 1059, 00:02:53, 174, F, LAUNCH_PAD, -0.3, 19.8, 101324.5, 4.14, 0.63, 0.0, 0.0, 0.0, 0.00, 0.00, 9.81, 00:02:53, 0.0, 51.1833, -1.8214, 8, MEC, DISARMED, 95, 2.616, 0, 0, EMULATOR
[05:02:48.501] 1059, 00:02:54, 175, F, LAUNCH_PAD, -0.3, 19.9, 101324.5, 4.14, 0.62, 0.0, 0.0, 0.0, 0.00, 0.00, 9.81, 00:02:54, 0.0, 51.1833, -1.8214, 8, MEC, DISARMED, 95, 2.553, 0, 0, EMULATOR
[05:02:49.502] 1059, 00:02:55, 176, F, LAUNCH_PAD, -0.4, 19.8, 101325.5, 4.15, 0.66, 0.0, 0.0, 0.0, 0.00, 0.00, 9.81, 00:02:55, 0.0, 51.1833, -1.8214, 8, MEC, DISARMED, 95, 2.761, 0, 0, EMULATOR
[05:02:50.512] 1059, 00:02:56, 177, F, LAUNCH_PAD, 0.3, 19.7, 101325.6, 4.16, 0.65, 0.0, 0.0, 0.0, 0.00, 0.00, 9.81, 00:02:56, 0.0, 51.1833, -1.8214, 8, MEC, DISARMED, 95, 2.719, 0, 0, EMULATOR
[05:02:51.507] 1059, 00:02:57, 178, F, LAUNCH_PAD, 0.2, 19.8, 101326.9, 4.15, 0.69, 0.0, 0.0, 0.0, 0.00, 0.00, 9.81, 00:02:57, 0.0, 51.1833, -1.8214, 8, MEC, DISARMED, 95, 2.879, 0, 0, EMULATOR
[05:02:52.490] 1059, 00:02:58, 179, F, LAUNCH_PAD, 0.0, 19.9, 101324.1, 4.16, 0.68, 0.0, 0.0, 0.0, 0.00, 0.00, 9.81, 00:02:58, 0.0, 51.1833, -1.8214, 8, MEC, DISARMED, 95, 2.825, 0, 0, EMULATOR
[05:02:53.506] 1059, 00:02:59, 180, F, LAUNCH_PAD, 0.5, 19.9, 101319.5, 4.15, 0.71, 0.0, 0.0, 0.0, 0.00, 0.00, 9.81, 00:02:59, 0.0, 51.1833, -1.8214, 8, MEC, DISARMED, 95, 2.929, 0, 0, EMULATOR
[05:02:54.503] 1059, 00:03:00, 181, F, LAUNCH_PAD, -0.1, 20.0, 101325.1, 4.15, 0.73, 0.0, 0.0, 0.0, 0.00, 0.00, 9.81, 00:03:00, 0.0, 51.1833, -1.8214, 8, MEC, DISARMED, 95, 3.020, 0, 0, EMULATOR
[05:02:55.503] 1059, 00:03:01, 182, F, LAUNCH_PAD, -0.3, 20.0, 101332.9, 4.14, 0.77, 0.0, 0.0, 0.0, 0.00, 0.00, 9.81, 00:03:01, 0.0, 51.1833, -1.8214, 8, MEC, DISARMED, 95, 3.203, 0, 0, EMULATOR
[05:02:56.502] 1059, 00:03:02, 183, F, LAUNCH_PAD, 0.0, 20.0, 101326.4, 4.13, 0.75, 0.0, 0.0, 0.0, 0.00, 0.00, 9.81, 00:03:02, 0.0, 51.1833, -1.8214, 8, MEC, DISARMED, 95, 3.082, 0, 0, EMULATOR
[05:02:57.502] 1059, 00:03:03, 184, F, LAUNCH_PAD, -0.2, 20.1, 101322.4, 4.13, 0.78, 0.0, 0.0, 0.0, 0.00, 0.00, 9.81, 00:03:03, 0.0, 51.1833, -1.8214, 8, MEC, DISARMED, 95, 3.227, 0, 0, EMULATOR
[05:02:58.500] 1059, 00:03:04, 185, F, LAUNCH_PAD, 0.2, 20.2, 101320.6, 4.12, 0.74, 0.0, 0.0, 0.0, 0.00, 0.00, 9.81, 00:03:04, 0.0, 51.1833, -1.8214, 8, MEC, DISARMED, 95, 3.063, 0, 0, EMULATOR
[05:02:59.503] 1059, 00:03:05, 186, F, LAUNCH_PAD, -0.5, 20.2, 101333.9, 4.12, 0.76, 0.0, 0.0, 0.0, 0.00, 0.00, 9.81, 00:03:05, 0.0, 51.1833, -1.8214, 8, MEC, DISARMED, 95, 3.117, 0, 0, EMULATOR
[05:03:00.505] 1059, 00:03:06, 187, F, LAUNCH_PAD, 0.4, 20.2, 101317.4, 4.13, 0.76, 0.0, 0.0, 0.0, 0.00, 0.00, 9.81, 00:03:06, 0.0, 51.1833, -1.8214, 8, MEC, DISARMED, 95, 3.133, 0, 0, EMULATOR
[05:03:01.500] 1059, 00:03:07, 188, F, LAUNCH_PAD, 0.4, 20.2, 101318.6, 4.13, 0.73, 0.0, 0.0, 0.0, 0.00, 0.00, 9.81, 00:03:07, 0.0, 51.1833, -1.8214, 8, MEC, DISARMED, 95, 3.000, 0, 0, EMULATOR
[05:03:02.504] 1059, 00:03:08, 189, F, LAUNCH_PAD, 0.0, 20.3, 101325.9, 4.13, 0.75, 0.0, 0.0, 0.0, 0.00, 0.00, 9.81, 00:03:08, 0.0, 51.1833, -1.8214, 8, MEC, DISARMED, 95, 3.094, 0, 0, EMULATOR
[05:03:03.502] 1059, 00:03:09, 190, F, LAUNCH_PAD, 0.3, 20.2, 101322.5, 4.13, 0.79, 0.0, 0.0, 0.0, 0.00, 0.00, 9.81, 00:03:09, 0.0, 51.1833, -1.8214, 8, MEC, DISARMED, 95, 3.257, 0, 0, EMULATOR
[05:03:04.504] 1059, 00:03:10, 191, F, LAUNCH_PAD, -0.4, 20.3, 101331.4, 4.14, 0.82, 0.0, 0.0, 0.0, 0.00, 0.00, 9.81, 00:03:10, 0.0, 51.1833, -1.8214, 8, MEC, DISARMED, 95, 3.384, 0, 0, EMULATOR
[05:03:05.504] 1059, 00:03:11, 192, F, LAUNCH_PAD, 0.4, 20.3, 101324.5, 4.14, 0.78, 0.0, 0.0, 0.0, 0.00, 0.00, 9.81, 00:03:11, 0.0, 51.1833, -1.8214, 8, MEC, DISARMED, 95, 3.248, 0, 0, EMULATOR
[05:03:06.503] 1059, 00:03:12, 193, F, LAUNCH_PAD, 0.1, 20.3, 101321.7, 4.14, 0.83, 0.0, 0.0, 0.0, 0.00, 0.00, 9.81, 00:03:12, 0.0, 51.1833, -1.8214, 8, MEC, DISARMED, 95, 3.420, 0, 0, EMULATOR
[05:03:07.503] 1059, 00:03:13, 194, F, LAUNCH_PAD, -0.4, 20.4, 101329.1, 4.14, 0.83, 0.0, 0.0, 0.0, 0.00, 0.00, 9.81, 00:03:13, 0.0, 51.1833, -1.8214, 8, MEC, DISARMED, 95, 3.448, 0, 0, EMULATOR
[05:03:08.492] 1059, 00:03:14, 195, F, LAUNCH_PAD, 0.2, 20.4, 101320.3, 4.15, 0.83, 0.0, 0.0, 0.0, 0.00, 0.00, 9.81, 00:03:14, 0.0, 51.1833, -1.8214, 8, MEC, DISARMED, 95, 3.446, 0, 0, EMULATOR
[05:03:09.506] 1059, 00:03:15, 196, F, LAUNCH_PAD, -0.1, 20.3, 101326.1, 4.16, 0.83, 0.0, 0.0, 0.0, 0.00, 0.00, 9.81, 00:03:15, 0.0, 51.1833, -1.8214, 8, MEC, DISARMED, 95, 3.445, 0, 0, EMULATOR
[05:03:10.501] 1059, 00:03:16, 197, F, LAUNCH_PAD, -0.5, 20.4, 101329.8, 4.16, 0.85, 0.0, 0.0, 0.0, 0.00, 0.00, 9.81, 00:03:16, 0.0, 51.1833, -1.8214, 8, MEC, DISARMED, 95, 3.519, 0, 0, EMULATOR
[05:03:11.510] 1059, 00:03:17, 198, F, LAUNCH_PAD, -0.1, 20.4, 101321.9, 4.16, 0.85, 0.0, 0.0, 0.0, 0.00, 0.00, 9.81, 00:03:17, 0.0, 51.1833, -1.8214, 8, MEC, DISARMED, 95, 3.526, 0, 0, EMULATOR
[05:03:12.498] 1059, 00:03:18, 199, F, LAUNCH_PAD, -0.4, 20.3, 101326.7, 4.16, 0.83, 0.0, 0.0, 0.0, 0.00, 0.00, 9.81, 00:03:18, 0.0, 51.1833, -1.8214, 8, MEC, DISARMED, 95, 3.434, 0, 0, EMULATOR
[05:03:13.511] 1059, 00:03:19, 200, F, LAUNCH_PAD, 0.3, 20.4, 101326.2, 4.16, 0.84, 0.0, 0.0, 0.0, 0.00, 0.00, 9.81, 00:03:19, 0.0, 51.1833, -1.8214, 8, MEC, DISARMED, 95, 3.503, 0, 0, EMULATOR
[05:03:14.503] 1059, 00:03:20, 201, F, LAUNCH_PAD, 0.4, 20.4, 101322.8, 4.16, 0.85, 0.0, 0.0, 0.0, 0.00, 0.00, 9.81, 00:03:20, 0.0, 51.1833, -1.8214, 8, MEC, DISARMED, 95, 3.553, 0, 0, EMULATOR
[05:03:15.508] 1059, 00:03:21, 202, F, LAUNCH_PAD, 0.1, 20.5, 101325.5, 4.15, 0.89, 0.0, 0.0, 0.0, 0.00, 0.00, 9.81, 00:03:21, 0.0, 51.1833, -1.8214, 8, MEC, DISARMED, 95, 3.691, 0, 0, EMULATOR
[05:03:16.506] 1059, 00:03:22, 203, F, LAUNCH_PAD, 0.1, 20.5, 101318.9, 4.15, 0.93, 0.0, 0.0, 0.0, 0.00, 0.00, 9.81, 00:03:22, 0.0, 51.1833, -1.8214, 8, MEC, DISARMED, 95, 3.846, 0, 0, EMULATOR
[05:03:17.515] 1059, 00:03:23, 204, F, LAUNCH_PAD, 0.3, 20.5, 101326.6, 4.15, 0.91, 0.0, 0.0, 0.0, 0.00, 0.00, 9.81, 00:03:23, 0.0, 51.1833, -1.8214, 8, MEC, DISARMED, 95, 3.762, 0, 0, EMULATOR
[05:03:18.508] 1059, 00:03:24, 205, F, LAUNCH_PAD, 0.2, 20.5, 101320.4, 4.15, 0.89, 0.0, 0.0, 0.0, 0.00, 0.00, 9.81, 00:03:24, 0.0, 51.1833, -1.8214, 8, MEC, DISARMED, 95, 3.711, 0, 0, EMULATOR
[05:03:19.501] 1059, 00:03:25, 206, F, LAUNCH_PAD, 0.1, 20.5, 101322.9, 4.16, 0.90, 0.0, 0.0, 0.0, 0.00, 0.00, 9.81, 00:03:25, 0.0, 51.1833, -1.8214, 8, MEC, DISARMED, 95, 3.757, 0, 0, EMULATOR
[05:03:20.510] 1059, 00:03:26, 207, F, LAUNCH_PAD, 0.1, 20.6, 101321.0, 4.15, 0.91, 0.0, 0.0, 0.0, 0.00, 0.00, 9.81, 00:03:26, 0.0, 51.1833, -1.8214, 8, MEC, DISARMED, 95, 3.779, 0, 0, EMULATOR
[05:03:21.502] 1059, 00:03:27, 208, F, LAUNCH_PAD, -0.4, 20.6, 101333.0, 4.15, 0.89, 0.0, 0.0, 0.0, 0.00, 0.00, 9.81, 00:03:27, 0.0, 51.1833, -1.8214, 8, MEC, DISARMED, 95, 3.679, 0, 0, EMULATOR
[05:03:22.511] 1059, 00:03:28, 209, F, LAUNCH_PAD, 0.1, 20.6, 101328.7, 4.16, 0.85, 0.0, 0.0, 0.0, 0.00, 0.00, 9.81, 00:03:28, 0.0, 51.1833, -1.8214, 8, MEC, DISARMED, 95, 3.526, 0, 0, EMULATOR
[05:03:23.504] 1059, 00:03:29, 210, F, LAUNCH_PAD, 0.4, 20.5, 101324.5, 4.15, 0.80, 0.0, 0.0, 0.0, 0.00, 0.00, 9.81, 00:03:29, 0.0, 51.1833, -1.8214, 8, MEC, DISARMED, 95, 3.317, 0, 0, EMULATOR
[05:03:24.512] 1059, 00:03:30, 211, F, LAUNCH_PAD, -0.3, 20.6, 101324.2, 4.15, 0.81, 0.0, 0.0, 0.0, 0.00, 0.00, 9.81, 00:03:30, 0.0, 51.1833, -1.8214, 8, MEC, DISARMED, 95, 3.367, 0, 0, EMULATOR
[05:03:25.506] 1059, 00:03:31, 212, F, LAUNCH_PAD, -0.0, 20.6, 101325.6, 4.14, 0.80, 0.0, 0.0, 0.0, 0.00, 0.00, 9.81, 00:03:31, 0.0, 51.1833, -1.8214, 8, MEC, DISARMED, 95, 3.329, 0, 0, EMULATOR
[05:03:26.510] 1059, 00:03:32, 213, F, LAUNCH_PAD, 0.3, 20.6, 101316.4, 4.14, 0.80, 0.0, 0.0, 0.0, 0.00, 0.00, 9.81, 00:03:32, 0.0, 51.1833, -1.8214, 8, MEC, DISARMED, 95, 3.317, 0, 0, EMULATOR
[05:03:27.508] 1059, 00:03:33, 214, F, LAUNCH_PAD, -0.3, 20.7, 101323.5, 4.13, 0.85, 0.0, 0.0, 0.0, 0.00, 0.00, 9.81, 00:03:33, 0.0, 51.1833, -1.8214, 8, MEC, DISARMED, 95, 3.500, 0, 0, EMULATOR
[05:03:28.517] 1059, 00:03:34, 215, F, LAUNCH_PAD, -0.2, 20.7, 101324.2, 4.14, 0.84, 0.0, 0.0, 0.0, 0.00, 0.00, 9.81, 00:03:34, 0.0, 51.1833, -1.8214, 8, MEC, DISARMED, 95, 3.484, 0, 0, EMULATOR
[05:03:29.510] 1059, 00:03:35, 216, F, LAUNCH_PAD, 0.0, 20.7, 101323.4, 4.15, 0.89, 0.0, 0.0, 0.0, 0.00, 0.00, 9.81, 00:03:35, 0.0, 51.1833, -1.8214, 8, MEC, DISARMED, 95, 3.676, 0, 0, EMULATOR
[05:03:30.502] 1059, 00:03:36, 217, F, LAUNCH_PAD, 0.2, 20.8, 101321.1, 4.15, 0.92, 0.0, 0.0, 0.0, 0.00, 0.00, 9.81, 00:03:36, 0.0, 51.1833, -1.8214, 8, MEC, DISARMED, 95, 3.806, 0, 0, EMULATOR
[05:03:31.511] 1059, 00:03:37, 218, F, LAUNCH_PAD, 0.2, 20.8, 101321.8, 4.15, 0.87, 0.0, 0.0, 0.0, 0.00, 0.00, 9.81, 00:03:37, 0.0, 51.1833, -1.8214, 8, MEC, DISARMED, 95, 3.604, 0, 0, EMULATOR
[05:03:32.504] 1059, 00:03:38, 219, F, LAUNCH_PAD, -0.0, 20.8, 101327.7, 4.16, 0.85, 0.0, 0.0, 0.0, 0.00, 0.00, 9.81, 00:03:38, 0.0, 51.1833, -1.8214, 8, MEC, DISARMED, 95, 3.515, 0, 0, EMULATOR
[05:03:33.502] 1059, 00:03:39, 220, F, LAUNCH_PAD, 0.3, 20.8, 101316.8, 4.15, 0.84, 0.0, 0.0, 0.0, 0.00, 0.00, 9.81, 00:03:39, 0.0, 51.1833, -1.8214, 8, MEC, DISARMED, 95, 3.474, 0, 0, EMULATOR
[05:03:34.502] 1059, 00:03:40, 221, F, LAUNCH_PAD, 0.3, 20.7, 101325.3, 4.14, 0.88, 0.0, 0.0, 0.0, 0.00, 0.00, 9.81, 00:03:40, 0.0, 51.1833, -1.8214, 8, MEC, DISARMED, 95, 3.664, 0, 0, EMULATOR
[05:03:35.516] 1059, 00:03:41, 222, F, LAUNCH_PAD, 0.3, 20.7, 101319.3, 4.14, 0.87, 0.0, 0.0, 0.0, 0.00, 0.00, 9.81, 00:03:41, 0.0, 51.1833, -1.8214, 8, MEC, DISARMED, 95, 3.585, 0, 0, EMULATOR
[05:03:36.509] 1059, 00:03:42, 223, F, LAUNCH_PAD, -0.2, 20.6, 101322.7, 4.14, 0.90, 0.0, 0.0, 0.0, 0.00, 0.00, 9.81, 00:03:42, 0.0, 51.1833, -1.8214, 8, MEC, DISARMED, 95, 3.708, 0, 0, EMULATOR
[05:03:37.502] 1059, 00:03:43, 224, F, LAUNCH_PAD, -0.3, 20.7, 101329.0, 4.13, 0.90, 0.0, 0.0, 0.0, 0.00, 0.00, 9.81, 00:03:43, 0.0, 51.1833, -1.8214, 8, MEC, DISARMED, 95, 3.734, 0, 0, EMULATOR
[05:03:38.511] 1059, 00:03:44, 225, F, LAUNCH_PAD, -0.3, 20.6, 101327.3, 4.14, 0.94, 0.0, 0.0, 0.0, 0.00, 0.00, 9.81, 00:03:44, 0.0, 51.1833, -1.8214, 8, MEC, DISARMED, 95, 3.887, 0, 0, EMULATOR
[05:03:39.503] 1059, 00:03:45, 226, F, LAUNCH_PAD, -0.1, 20.6, 101322.1, 4.14, 0.92, 0.0, 0.0, 0.0, 0.00, 0.00, 9.81, 00:03:45, 0.0, 51.1833, -1.8214, 8, MEC, DISARMED, 95, 3.791, 0, 0, EMULATOR
[05:03:40.513] 1059, 00:03:46, 227, F, LAUNCH_PAD, -0.2, 20.7, 101331.2, 4.13, 0.95, 0.0, 0.0, 0.0, 0.00, 0.00, 9.81, 00:03:46, 0.0, 51.1833, -1.8214, 8, MEC, DISARMED, 95, 3.916, 0, 0, EMULATOR
[05:03:41.506] 1059, 00:03:47, 228, F, LAUNCH_PAD, -0.2, 20.7, 101326.2, 4.14, 0.96, 0.0, 0.0, 0.0, 0.00, 0.00, 9.81, 00:03:47, 0.0, 51.1833, -1.8214, 8, MEC, DISARMED, 95, 3.958, 0, 0, EMULATOR
[05:03:42.513] 1059, 00:03:48, 229, F, LAUNCH_PAD, 0.1, 20.6, 101319.0, 4.14, 0.95, 0.0, 0.0, 0.0, 0.00, 0.00, 9.81, 00:03:48, 0.0, 51.1833, -1.8214, 8, MEC, DISARMED, 95, 3.953, 0, 0, EMULATOR
[05:03:43.507] 1059, 00:03:49, 230, F, LAUNCH_PAD, -0.2, 20.7, 101327.7, 4.14, 0.91, 0.0, 0.0, 0.0, 0.00, 0.00, 9.81, 00:03:49, 0.0, 51.1833, -1.8214, 8, MEC, DISARMED, 95, 3.780, 0, 0, EMULATOR
[05:03:44.510] 1059, 00:03:50, 231, F, LAUNCH_PAD, 0.3, 20.7, 101326.5, 4.14, 0.90, 0.0, 0.0, 0.0, 0.00, 0.00, 9.81, 00:03:50, 0.0, 51.1833, -1.8214, 8, MEC, DISARMED, 95, 3.743, 0, 0, EMULATOR
[05:03:45.508] 1059, 00:03:51, 232, F, LAUNCH_PAD, 0.2, 20.6, 101325.4, 4.14, 0.86, 0.0, 0.0, 0.0, 0.00, 0.00, 9.81, 00:03:51, 0.0, 51.1833, -1.8214, 8, MEC, DISARMED, 95, 3.556, 0, 0, EMULATOR
[05:03:46.518] 1059, 00:03:52, 233, F, LAUNCH_PAD, 0.4, 20.6, 101319.5, 4.15, 0.88, 0.0, 0.0, 0.0, 0.00, 0.00, 9.81, 00:03:52, 0.0, 51.1833, -1.8214, 8, MEC, DISARMED, 95, 3.647, 0, 0, EMULATOR
[05:03:47.511] 1059, 00:03:53, 234, F, LAUNCH_PAD, -0.2, 20.7, 101329.1, 4.15, 0.88, 0.0, 0.0, 0.0, 0.00, 0.00, 9.81, 00:03:53, 0.0, 51.1833, -1.8214, 8, MEC, DISARMED, 95, 3.656, 0, 0, EMULATOR
[05:03:48.503] 1059, 00:03:54, 235, F, LAUNCH_PAD, 0.2, 20.7, 101317.3, 4.16, 0.92, 0.0, 0.0, 0.0, 0.00, 0.00, 9.81, 00:03:54, 0.0, 51.1833, -1.8214, 8, MEC, DISARMED, 95, 3.842, 0, 0, EMULATOR
[05:03:49.511] 1059, 00:03:55, 236, F, LAUNCH_PAD, 0.1, 20.8, 101322.9, 4.16, 0.91, 0.0, 0.0, 0.0, 0.00, 0.00, 9.81, 00:03:55, 0.0, 51.1833, -1.8214, 8, MEC, DISARMED, 95, 3.782, 0, 0, EMULATOR
[05:03:50.505] 1059, 00:03:56, 237, F, LAUNCH_PAD, 0.5, 20.8, 101321.3, 4.16, 0.87, 0.0, 0.0, 0.0, 0.00, 0.00, 9.81, 00:03:56, 0.0, 51.1833, -1.8214, 8, MEC, DISARMED, 95, 3.637, 0, 0, EMULATOR
[05:03:51.509] 1059, 00:03:57, 238, S, LAUNCH_PAD, 0.5, 20.7, 101319.1, 4.16, 0.83, 0.0, 0.0, 0.0, 0.00, 0.00, 9.81, 00:03:57, 0.0, 51.1833, -1.8214, 8, SIMEN, DISARMED, 95, 3.459, 0, 0, EMULATOR
[05:03:52.522] 1059, 00:03:58, 239, S, LAUNCH_PAD, 0.5, 20.8, 101322.7, 4.15, 0.88, 0.0, 0.0, 0.0, 0.00, 0.00, 9.81, 00:03:58, 0.0, 51.1833, -1.8214, 8, SIMEN, DISARMED, 95, 3.643, 0, 0, EMULATOR
[05:03:53.516] 1059, 00:03:59, 240, S, APOGEE, 633.1, 20.9, 93950.0, 4.16, 0.92, 0.0, 0.0, 0.0, 0.00, 0.00, 9.81, 00:03:59, 634.7, 51.1833, -1.8214, 8, SIMP, DISARMED, 95, 3.835, 0, 0, EMULATOR
[05:03:54.508] 1059, 00:04:00, 241, S, APOGEE, 633.0, 20.8, 93947.1, 4.16, 0.90, 0.0, 0.0, 0.0, 0.00, 0.00, 9.81, 00:04:00, 633.2, 51.1833, -1.8214, 8, SIMP, DISARMED, 95, 3.752, 0, 0, EMULATOR
[05:03:55.502] 1059, 00:04:01, 242, S, APOGEE, 633.0, 20.8, 93946.0, 4.16, 0.93, 0.0, 0.0, 0.0, 0.00, 0.00, 9.81, 00:04:01, 633.2, 51.1833, -1.8214, 8, SIMP, DISARMED, 95, 3.880, 0, 0, EMULATOR
[05:03:56.511] 1059, 00:04:02, 243, S, APOGEE, 633.1, 20.8, 93946.5, 4.16, 0.93, 0.0, 0.0, 0.0, 0.00, 0.00, 9.81, 00:04:02, 631.7, 51.1833, -1.8214, 8, SIMP, DISARMED, 95, 3.856, 0, 0, EMULATOR
[05:03:57.504] 1059, 00:04:03, 244, S, APOGEE, 633.1, 20.8, 93943.1, 4.16, 0.94, 0.0, 0.0, 0.0, 0.00, 0.00, 9.81, 00:04:03, 632.2, 51.1833, -1.8214, 8, SIMP, DISARMED, 95, 3.890, 0, 0, EMULATOR
[05:03:58.512] 1059, 00:04:04, 245, S, APOGEE, 633.1, 20.8, 93946.3, 4.16, 0.94, 0.0, 0.0, 0.0, 0.00, 0.00, 9.81, 00:04:04, 633.1, 51.1833, -1.8214, 8, SIMP, DISARMED, 95, 3.928, 0, 0, EMULATOR
[05:03:59.505] 1059, 00:04:05, 246, S, APOGEE, 633.1, 20.8, 93950.3, 4.16, 0.98, 0.0, 0.0, 0.0, 0.00, 0.00, 9.81, 00:04:05, 633.4, 51.1833, -1.8214, 8, SIMP, DISARMED, 95, 4.084, 0, 0, EMULATOR
[05:04:00.514] 1059, 00:04:06, 247, S, APOGEE, 633.1, 20.9, 93950.3, 4.16, 1.00, 0.0, 0.0, 0.0, 0.00, 0.00, 9.81, 00:04:06, 633.1, 51.1833, -1.8214, 8, SIMP, DISARMED, 95, 4.155, 0, 0, EMULATOR
[05:04:01.508] 1059, 00:04:07, 248, S, APOGEE, 633.1, 20.8, 93947.7, 4.15, 0.96, 0.0, 0.0, 0.0, 0.00, 0.00, 9.81, 00:04:07, 632.6, 51.1833, -1.8214, 8, SIMP, DISARMED, 95, 3.968, 0, 0, EMULATOR
[05:04:02.500] 1059, 00:04:08, 249, S, APOGEE, 633.1, 20.9, 93949.3, 4.15, 0.97, 0.0, 0.0, 0.0, 0.00, 0.00, 9.81, 00:04:08, 632.6, 51.1833, -1.8214, 8, SIMP, DISARMED, 95, 4.035, 0, 0, EMULATOR
[05:04:03.508] 1059, 00:04:09, 250, S, APOGEE, 633.1, 20.9, 93947.2, 4.15, 0.96, 0.0, 0.0, 0.0, 0.00, 0.00, 9.81, 00:04:09, 632.6, 51.1833, -1.8214, 8, SIMP, DISARMED, 95, 3.984, 0, 0, EMULATOR
[05:04:04.502] 1059, 00:04:10, 251, S, APOGEE, 633.1, 21.0, 93946.7, 4.15, 0.94, 0.0, 0.0, 0.0, 0.00, 0.00, 9.81, 00:04:10, 632.6, 51.1833, -1.8214, 8, SIMP, DISARMED, 95, 3.900, 0, 0, EMULATOR
[05:04:05.511] 1059, 00:04:11, 252, S, APOGEE, 633.1, 21.0, 93949.5, 4.14, 0.98, 0.0, 0.0, 0.0, 0.00, 0.00, 9.81, 00:04:11, 632.6, 51.1833, -1.8214, 8, SIMP, DISARMED, 95, 4.073, 0, 0, EMULATOR
[05:04:06.504] 1059, 00:04:12, 253, S, APOGEE, 633.1, 21.0, 93952.6, 4.14, 0.96, 0.0, 0.0, 0.0, 0.00, 0.00, 9.81, 00:04:12, 631.3, 51.1833, -1.8214, 8, SIMP, DISARMED, 95, 3.974, 0, 0, EMULATOR
[05:04:07.505] 1059, 00:04:13, 254, S, APOGEE, 633.1, 21.0, 93943.2, 4.14, 0.96, 0.0, 0.0, 0.0, 0.00, 0.00, 9.81, 00:04:13, 631.3, 51.1833, -1.8214, 8, SIMP, DISARMED, 95, 3.979, 0, 0, EMULATOR
[05:04:08.506] 1059, 00:04:14, 255, S, APOGEE, 633.1, 21.0, 93943.2, 4.14, 0.94, 0.0, 0.0, 0.0, 0.00, 0.00, 9.81, 00:04:14, 631.3, 51.1833, -1.8214, 8, SIMP, DISARMED, 95, 3.911, 0, 0, EMULATOR
[05:04:09.515] 1059, 00:04:15, 256, S, APOGEE, 633.1, 21.0, 93952.8, 4.13, 0.97, 0.0, 0.0, 0.0, 0.00, 0.00, 9.81, 00:04:15, 632.6, 51.1833, -1.8214, 8, SIMP, DISARMED, 95, 4.028, 0, 0, EMULATOR
[05:04:10.507] 1059, 00:04:16, 257, S, APOGEE, 633.2, 21.0, 93944.3, 4.13, 0.93, 0.0, 0.0, 0.0, 0.00, 0.00, 9.81, 00:04:16, 635.0, 51.1833, -1.8214, 8, SIMP, DISARMED, 95, 3.851, 0, 0, EMULATOR
[05:04:11.500] 1059, 00:04:17, 258, S, APOGEE, 633.2, 20.9, 93950.3, 4.13, 0.92, 0.0, 0.0, 0.0, 0.00, 0.00, 9.81, 00:04:17, 632.9, 51.1833, -1.8214, 8, SIMP, DISARMED, 95, 3.820, 0, 0, EMULATOR
[05:04:12.509] 1059, 00:04:18, 259, S, APOGEE, 633.2, 20.8, 93949.6, 4.14, 0.93, 0.0, 0.0, 0.0, 0.00, 0.00, 9.81, 00:04:18, 632.5, 51.1833, -1.8214, 8, SIMP, DISARMED, 95, 3.860, 0, 0, EMULATOR
[05:04:13.502] 1059, 00:04:19, 260, S, APOGEE, 633.2, 20.8, 93951.4, 4.14, 0.95, 0.0, 0.0, 0.0, 0.00, 0.00, 9.81, 00:04:19, 632.5, 51.1833, -1.8214, 8, SIMP, DISARMED, 95, 3.936, 0, 0, EMULATOR
[05:04:14.510] 1059, 00:04:20, 261, S, APOGEE, 633.3, 20.9, 93949.2, 4.14, 0.96, 0.0, 0.0, 0.0, 0.00, 0.00, 9.81, 00:04:20, 633.5, 51.1833, -1.8214, 8, SIMP, DISARMED, 95, 3.962, 0, 0, EMULATOR
[05:04:15.500] 1059, 00:04:21, 262, S, APOGEE, 643.7, 20.8, 93827.8, 4.14, 0.97, 0.0, 0.0, 0.0, 0.00, 0.00, 9.81, 00:04:21, 645.5, 51.1833, -1.8214, 8, SIMP, DISARMED, 95, 4.016, 0, 0, EMULATOR
[05:04:16.513] 1059, 00:04:22, 263, S, APOGEE, 643.7, 20.9, 93824.5, 4.13, 0.98, 0.0, 0.0, 0.0, 0.00, 0.00, 9.81, 00:04:22, 645.5, 51.1833, -1.8214, 8, SIMP, DISARMED, 95, 4.033, 0, 0, EMULATOR
[05:04:17.505] 1059, 00:04:23, 264, S, APOGEE, 643.7, 20.9, 93831.5, 4.13, 1.00, 0.0, 0.0, 0.0, 0.00, 0.00, 9.81, 00:04:23, 645.5, 51.1833, -1.8214, 8, SIMP, DISARMED, 95, 4.142, 0, 0, EMULATOR
[05:04:18.514] 1059, 00:04:24, 265, S, APOGEE, 643.7, 21.0, 93828.7, 4.13, 0.96, 0.0, 0.0, 0.0, 0.00, 0.00, 9.81, 00:04:24, 645.5, 51.1833, -1.8214, 8, SIMP, DISARMED, 95, 3.951, 0, 0, EMULATOR
[05:04:19.494] 1059, 00:04:25, 266, S, APOGEE, 1120.1, 21.0, 88578.7, 4.13, 0.99, 0.0, 0.0, 0.0, 0.00, 0.00, 9.81, 00:04:25, 1121.0, 51.1833, -1.8214, 8, SIMP, DISARMED, 95, 4.073, 0, 0, EMULATOR
[05:04:20.514] 1059, 00:04:26, 267, S, APOGEE, 1188.9, 21.0, 87832.2, 4.12, 0.99, 0.0, 0.0, 0.0, 0.00, 0.00, 9.81, 00:04:26, 1187.6, 51.1833, -1.8214, 8, SIMP, DISARMED, 95, 4.080, 0, 0, EMULATOR
[05:04:21.509] 1059, 00:04:27, 268, S, APOGEE, 1245.5, 21.0, 87228.6, 4.13, 1.00, 0.0, 0.0, 0.0, 0.00, 0.00, 9.81, 00:04:27, 1245.2, 51.1833, -1.8214, 8, SIMP, DISARMED, 95, 4.141, 0, 0, EMULATOR
[05:04:22.517] 1059, 00:04:28, 269, S, APOGEE, 1245.5, 20.9, 87236.1, 4.13, 0.96, 0.0, 0.0, 0.0, 0.00, 0.00, 9.81, 00:04:28, 1245.2, 51.1833, -1.8214, 8, SIMP, DISARMED, 95, 3.948, 0, 0, EMULATOR
[05:04:23.507] 1059, 00:04:29, 270, S, APOGEE, 1245.5, 20.9, 87236.1, 4.13, 0.95, 0.0, 0.0, 0.0, 0.00, 0.00, 9.81, 00:04:29, 1245.2, 51.1833, -1.8214, 8, SIMP, DISARMED, 95, 3.928, 0, 0, EMULATOR
[05:04:24.504] 1059, 00:04:30, 271, S, APOGEE, 1342.5, 20.8, 86201.4, 4.14, 0.95, 0.0, 0.0, 0.0, 0.00, 0.00, 9.81, 00:04:30, 1344.0, 51.1833, -1.8214, 8, SIMP, DISARMED, 95, 3.935, 0, 0, EMULATOR
[05:04:25.506] 1059, 00:04:31, 272, S, APOGEE, 1346.2, 20.8, 86169.8, 4.14, 0.95, 0.0, 0.0, 0.0, 0.00, 0.00, 9.81, 00:04:31, 1347.6, 51.1833, -1.8214, 8, SIMP, DISARMED, 95, 3.916, 0, 0, EMULATOR
[05:04:26.507] 1059, 00:04:32, 273, S, APOGEE, 1341.5, 20.7, 86213.2, 4.14, 0.92, 0.0, 0.0, 0.0, 0.00, 0.00, 9.81, 00:04:32, 1340.2, 51.1833, -1.8214, 8, SIMP, DISARMED, 95, 3.812, 0, 0, EMULATOR
[05:04:27.513] 1059, 00:04:33, 274, S, APOGEE, 1326.5, 20.6, 86374.8, 4.14, 0.89, 0.0, 0.0, 0.0, 0.00, 0.00, 9.81, 00:04:33, 1327.7, 51.1833, -1.8214, 8, SIMP, DISARMED, 95, 3.694, 0, 0, EMULATOR
[05:04:28.507] 1059, 00:04:34, 275, S, APOGEE, 1326.5, 20.5, 86373.5, 4.14, 0.93, 0.0, 0.0, 0.0, 0.00, 0.00, 9.81, 00:04:34, 1327.7, 51.1833, -1.8214, 8, SIMP, DISARMED, 95, 3.832, 0, 0, EMULATOR
[05:04:29.512] 1059, 00:04:35, 276, S, APOGEE, 1296.5, 20.5, 86687.4, 4.14, 0.95, 0.0, 0.0, 0.0, 0.00, 0.00, 9.81, 00:04:35, 1294.8, 51.1833, -1.8214, 8, SIMP, DISARMED, 95, 3.928, 0, 0, EMULATOR
[05:04:30.501] 1059, 00:04:36, 277, S, APOGEE, 1281.5, 20.6, 86847.2, 4.14, 0.95, 0.0, 0.0, 0.0, 0.00, 0.00, 9.81, 00:04:36, 1282.5, 51.1833, -1.8214, 8, SIMP, DISARMED, 95, 3.954, 0, 0, EMULATOR
[05:04:31.518] 1059, 00:04:37, 278, S, APOGEE, 1281.5, 20.6, 86852.0, 4.14, 0.94, 0.0, 0.0, 0.0, 0.00, 0.00, 9.81, 00:04:37, 1282.5, 51.1833, -1.8214, 8, SIMP, DISARMED, 95, 3.874, 0, 0, EMULATOR
[05:04:32.511] 1059, 00:04:38, 279, S, APOGEE, 1281.5, 20.7, 86849.3, 4.14, 0.93, 0.0, 0.0, 0.0, 0.00, 0.00, 9.81, 00:04:38, 1282.5, 51.1833, -1.8214, 8, SIMP, DISARMED, 95, 3.862, 0, 0, EMULATOR
[05:04:33.520] 1059, 00:04:39, 280, S, APOGEE, 1281.5, 20.8, 86849.7, 4.14, 0.97, 0.0, 0.0, 0.0, 0.00, 0.00, 9.81, 00:04:39, 1282.5, 51.1833, -1.8214, 8, SIMP, DISARMED, 95, 4.023, 0, 0, EMULATOR
[05:04:34.512] 1059, 00:04:40, 281, S, APOGEE, 1221.5, 20.7, 87492.8, 4.14, 0.97, 0.0, 0.0, 0.0, 0.00, 0.00, 9.81, 00:04:40, 1223.0, 51.1833, -1.8214, 8, SIMP, DISARMED, 95, 4.025, 0, 0, EMULATOR
[05:04:35.506] 1059, 00:04:41, 282, S, APOGEE, 1206.4, 20.8, 87646.7, 4.13, 0.95, 0.0, 0.0, 0.0, 0.00, 0.00, 9.81, 00:04:41, 1206.2, 51.1833, -1.8214, 8, SIMP, DISARMED, 95, 3.907, 0, 0, EMULATOR
[05:04:36.515] 1059, 00:04:42, 283, S, APOGEE, 1191.4, 20.8, 87808.4, 4.13, 0.93, 0.0, 0.0, 0.0, 0.00, 0.00, 9.81, 00:04:42, 1190.3, 51.1833, -1.8214, 8, SIMP, DISARMED, 95, 3.860, 0, 0, EMULATOR
[05:04:37.507] 1059, 00:04:43, 284, S, APOGEE, 1191.4, 20.8, 87809.6, 4.13, 0.89, 0.0, 0.0, 0.0, 0.00, 0.00, 9.81, 00:04:43, 1190.3, 51.1833, -1.8214, 8, SIMP, DISARMED, 95, 3.658, 0, 0, EMULATOR
[05:04:38.516] 1059, 00:04:44, 285, S, APOGEE, 1191.4, 20.8, 87813.5, 4.13, 0.87, 0.0, 0.0, 0.0, 0.00, 0.00, 9.81, 00:04:44, 1190.3, 51.1833, -1.8214, 8, SIMP, DISARMED, 95, 3.591, 0, 0, EMULATOR
[05:04:39.509] 1059, 00:04:45, 286, S, APOGEE, 1146.5, 20.8, 88289.9, 4.14, 0.88, 0.0, 0.0, 0.0, 0.00, 0.00, 9.81, 00:04:45, 1145.8, 51.1833, -1.8214, 8, SIMP, DISARMED, 95, 3.660, 0, 0, EMULATOR
[05:04:40.518] 1059, 00:04:46, 287, S, APOGEE, 1126.4, 20.8, 88508.5, 4.14, 0.86, 0.0, 0.0, 0.0, 0.00, 0.00, 9.81, 00:04:46, 1128.3, 51.1833, -1.8214, 8, SIMP, DISARMED, 95, 3.566, 0, 0, EMULATOR
[05:04:41.508] 1059, 00:04:47, 288, S, APOGEE, 1106.4, 20.9, 88719.5, 4.13, 0.89, 0.0, 0.0, 0.0, 0.00, 0.00, 9.81, 00:04:47, 1105.2, 51.1833, -1.8214, 8, SIMP, DISARMED, 95, 3.671, 0, 0, EMULATOR
[05:04:42.503] 1059, 00:04:48, 289, S, APOGEE, 1086.4, 20.9, 88933.5, 4.13, 0.85, 0.0, 0.0, 0.0, 0.00, 0.00, 9.81, 00:04:48, 1084.9, 51.1833, -1.8214, 8, SIMP, DISARMED, 95, 3.504, 0, 0, EMULATOR
[05:04:43.512] 1059, 00:04:49, 290, S, APOGEE, 1086.4, 20.8, 88942.3, 4.14, 0.82, 0.0, 0.0, 0.0, 0.00, 0.00, 9.81, 00:04:49, 1084.9, 51.1833, -1.8214, 8, SIMP, DISARMED, 95, 3.394, 0, 0, EMULATOR
[05:04:44.505] 1059, 00:04:50, 291, S, APOGEE, 1046.5, 20.8, 89369.8, 4.14, 0.87, 0.0, 0.0, 0.0, 0.00, 0.00, 9.81, 00:04:50, 1044.9, 51.1833, -1.8214, 8, SIMP, DISARMED, 95, 3.588, 0, 0, EMULATOR
[05:04:45.501] 1059, 00:04:51, 292, S, APOGEE, 1026.4, 20.7, 89591.2, 4.14, 0.90, 0.0, 0.0, 0.0, 0.00, 0.00, 9.81, 00:04:51, 1026.4, 51.1833, -1.8214, 8, SIMP, DISARMED, 95, 3.716, 0, 0, EMULATOR
[05:04:46.524] 1059, 00:04:52, 293, S, APOGEE, 1026.4, 20.7, 89585.7, 4.14, 0.91, 0.0, 0.0, 0.0, 0.00, 0.00, 9.81, 00:04:52, 1026.4, 51.1833, -1.8214, 8, SIMP, DISARMED, 95, 3.767, 0, 0, EMULATOR
[05:04:47.509] 1059, 00:04:53, 294, S, APOGEE, 1026.4, 20.7, 89593.5, 4.15, 0.88, 0.0, 0.0, 0.0, 0.00, 0.00, 9.81, 00:04:53, 1026.4, 51.1833, -1.8214, 8, SIMP, DISARMED, 95, 3.653, 0, 0, EMULATOR
[05:04:48.510] 1059, 00:04:54, 295, S, APOGEE, 1026.4, 20.7, 89588.9, 4.15, 0.85, 0.0, 0.0, 0.0, 0.00, 0.00, 9.81, 00:04:54, 1026.4, 51.1833, -1.8214, 8, SIMP, DISARMED, 95, 3.523, 0, 0, EMULATOR
[05:04:49.502] 1059, 00:04:55, 296, S, APOGEE, 946.4, 20.7, 90461.4, 4.14, 0.80, 0.0, 0.0, 0.0, 0.00, 0.00, 9.81, 00:04:55, 948.2, 51.1833, -1.8214, 8, SIMP, DISARMED, 95, 3.326, 0, 0, EMULATOR
[05:04:50.511] 1059, 00:04:56, 297, S, APOGEE, 926.4, 20.6, 90676.1, 4.13, 0.80, 0.0, 0.0, 0.0, 0.00, 0.00, 9.81, 00:04:56, 928.3, 51.1833, -1.8214, 8, SIMP, DISARMED, 95, 3.295, 0, 0, EMULATOR
[05:04:51.504] 1059, 00:04:57, 298, S, APOGEE, 906.4, 20.6, 90898.3, 4.14, 0.85, 0.0, 0.0, 0.0, 0.00, 0.00, 9.81, 00:04:57, 906.1, 51.1833, -1.8214, 8, SIMP, DISARMED, 95, 3.501, 0, 0, EMULATOR
[05:04:52.512] 1059, 00:04:58, 299, S, APOGEE, 906.4, 20.5, 90905.8, 4.14, 0.86, 0.0, 0.0, 0.0, 0.00, 0.00, 9.81, 00:04:58, 906.1, 51.1833, -1.8214, 8, SIMP, DISARMED, 95, 3.563, 0, 0, EMULATOR
[05:04:53.505] 1059, 00:04:59, 300, S, APOGEE, 906.4, 20.6, 90901.5, 4.13, 0.86, 0.0, 0.0, 0.0, 0.00, 0.00, 9.81, 00:04:59, 906.1, 51.1833, -1.8214, 8, SIMP, DISARMED, 95, 3.536, 0, 0, EMULATOR
[05:04:54.518] 1059, 00:05:00, 301, S, APOGEE, 846.4, 20.5, 91558.9, 4.13, 0.82, 0.0, 0.0, 0.0, 0.00, 0.00, 9.81, 00:05:00, 847.4, 51.1833, -1.8214, 8, SIMP, DISARMED, 95, 3.372, 0, 0, EMULATOR
[05:04:55.507] 1059, 00:05:01, 302, S, APOGEE, 833.2, 20.5, 91704.9, 4.14, 0.81, 0.0, 0.0, 0.0, 0.00, 0.00, 9.81, 00:05:01, 834.0, 51.1833, -1.8214, 8, SIMP, DISARMED, 95, 3.351, 0, 0, EMULATOR
[05:04:56.516] 1059, 00:05:02, 303, S, APOGEE, 833.2, 20.6, 91705.3, 4.14, 0.77, 0.0, 0.0, 0.0, 0.00, 0.00, 9.81, 00:05:02, 834.0, 51.1833, -1.8214, 8, SIMP, DISARMED, 95, 3.170, 0, 0, EMULATOR
[05:04:57.504] 1059, 00:05:03, 304, S, APOGEE, 828.2, 20.6, 91761.0, 4.14, 0.81, 0.0, 0.0, 0.0, 0.00, 0.00, 9.81, 00:05:03, 829.6, 51.1833, -1.8214, 8, SIMP, DISARMED, 95, 3.370, 0, 0, EMULATOR
[05:04:58.502] 1059, 00:05:04, 305, S, APOGEE, 823.1, 20.5, 91824.1, 4.14, 0.85, 0.0, 0.0, 0.0, 0.00, 0.00, 9.81, 00:05:04, 824.2, 51.1833, -1.8214, 8, SIMP, DISARMED, 95, 3.504, 0, 0, EMULATOR
[05:04:59.511] 1059, 00:05:05, 306, S, APOGEE, 818.0, 20.6, 91881.6, 4.14, 0.82, 0.0, 0.0, 0.0, 0.00, 0.00, 9.81, 00:05:05, 816.8, 51.1833, -1.8214, 8, SIMP, DISARMED, 95, 3.388, 0, 0, EMULATOR
[05:05:00.501] 1059, 00:05:06, 307, S, APOGEE, 812.9, 20.5, 91932.0, 4.14, 0.86, 0.0, 0.0, 0.0, 0.00, 0.00, 9.81, 00:05:06, 814.8, 51.1833, -1.8214, 8, SIMP, DISARMED, 95, 3.540, 0, 0, EMULATOR
[05:05:01.512] 1059, 00:05:07, 308, S, APOGEE, 812.9, 20.6, 91932.7, 4.14, 0.81, 0.0, 0.0, 0.0, 0.00, 0.00, 9.81, 00:05:07, 814.8, 51.1833, -1.8214, 8, SIMP, DISARMED, 95, 3.345, 0, 0, EMULATOR
[05:05:02.505] 1059, 00:05:08, 309, S, APOGEE, 812.9, 20.6, 91935.5, 4.14, 0.85, 0.0, 0.0, 0.0, 0.00, 0.00, 9.81, 00:05:08, 814.8, 51.1833, -1.8214, 8, SIMP, DISARMED, 95, 3.512, 0, 0, EMULATOR
[05:05:03.514] 1059, 00:05:09, 310, S, APOGEE, 812.9, 20.5, 91937.0, 4.14, 0.89, 0.0, 0.0, 0.0, 0.00, 0.00, 9.81, 00:05:09, 814.8, 51.1833, -1.8214, 8, SIMP, DISARMED, 95, 3.684, 0, 0, EMULATOR
[05:05:04.507] 1059, 00:05:10, 311, S, APOGEE, 792.8, 20.5, 92159.4, 4.14, 0.84, 0.0, 0.0, 0.0, 0.00, 0.00, 9.81, 00:05:10, 791.6, 51.1833, -1.8214, 8, SIMP, DISARMED, 95, 3.498, 0, 0, EMULATOR
[05:05:05.516] 1059, 00:05:11, 312, S, APOGEE, 787.7, 20.5, 92213.3, 4.14, 0.85, 0.0, 0.0, 0.0, 0.00, 0.00, 9.81, 00:05:11, 787.9, 51.1833, -1.8214, 8, SIMP, DISARMED, 95, 3.538, 0, 0, EMULATOR
[05:05:06.509] 1059, 00:05:12, 313, S, APOGEE, 782.6, 20.5, 92269.5, 4.14, 0.86, 0.0, 0.0, 0.0, 0.00, 0.00, 9.81, 00:05:12, 783.6, 51.1833, -1.8214, 8, SIMP, DISARMED, 95, 3.549, 0, 0, EMULATOR
[05:05:07.509] 1059, 00:05:13, 314, S, APOGEE, 782.6, 20.5, 92268.4, 4.15, 0.83, 0.0, 0.0, 0.0, 0.00, 0.00, 9.81, 00:05:13, 783.6, 51.1833, -1.8214, 8, SIMP, DISARMED, 95, 3.440, 0, 0, EMULATOR
[05:05:08.509] 1059, 00:05:14, 315, S, APOGEE, 782.6, 20.4, 92267.5, 4.15, 0.84, 0.0, 0.0, 0.0, 0.00, 0.00, 9.81, 00:05:14, 783.6, 51.1833, -1.8214, 8, SIMP, DISARMED, 95, 3.501, 0, 0, EMULATOR
[05:05:09.503] 1059, 00:05:15, 316, S, APOGEE, 767.5, 20.5, 92440.9, 4.15, 0.85, 0.0, 0.0, 0.0, 0.00, 0.00, 9.81, 00:05:15, 768.6, 51.1833, -1.8214, 8, SIMP, DISARMED, 95, 3.515, 0, 0, EMULATOR
[05:05:10.512] 1059, 00:05:16, 317, S, APOGEE, 762.4, 20.6, 92495.2, 4.15, 0.84, 0.0, 0.0, 0.0, 0.00, 0.00, 9.81, 00:05:16, 761.9, 51.1833, -1.8214, 8, SIMP, DISARMED, 95, 3.467, 0, 0, EMULATOR
[05:05:11.505] 1059, 00:05:17, 318, S, APOGEE, 757.4, 20.6, 92549.3, 4.14, 0.83, 0.0, 0.0, 0.0, 0.00, 0.00, 9.81, 00:05:17, 755.7, 51.1833, -1.8214, 8, SIMP, DISARMED, 95, 3.432, 0, 0, EMULATOR
[05:05:12.514] 1059, 00:05:18, 319, S, APOGEE, 752.4, 20.6, 92604.8, 4.13, 0.81, 0.0, 0.0, 0.0, 0.00, 0.00, 9.81, 00:05:18, 753.6, 51.1833, -1.8214, 8, SIMP, DISARMED, 95, 3.345, 0, 0, EMULATOR
[05:05:13.506] 1059, 00:05:19, 320, S, APOGEE, 752.4, 20.6, 92612.6, 4.14, 0.76, 0.0, 0.0, 0.0, 0.00, 0.00, 9.81, 00:05:19, 753.6, 51.1833, -1.8214, 8, SIMP, DISARMED, 95, 3.148, 0, 0, EMULATOR
[05:05:14.510] 1059, 00:05:20, 321, S, APOGEE, 742.3, 20.6, 92725.7, 4.14, 0.78, 0.0, 0.0, 0.0, 0.00, 0.00, 9.81, 00:05:20, 740.5, 51.1833, -1.8214, 8, SIMP, DISARMED, 95, 3.243, 0, 0, EMULATOR
[05:05:15.508] 1059, 00:05:21, 322, S, APOGEE, 737.2, 20.5, 92774.1, 4.14, 0.74, 0.0, 0.0, 0.0, 0.00, 0.00, 9.81, 00:05:21, 736.3, 51.1833, -1.8214, 8, SIMP, DISARMED, 95, 3.056, 0, 0, EMULATOR
[05:05:16.515] 1059, 00:05:22, 323, S, APOGEE, 737.2, 20.5, 92778.4, 4.14, 0.75, 0.0, 0.0, 0.0, 0.00, 0.00, 9.81, 00:05:22, 736.3, 51.1833, -1.8214, 8, SIMP, DISARMED, 95, 3.102, 0, 0, EMULATOR
[05:05:17.510] 1059, 00:05:23, 324, S, APOGEE, 737.2, 20.4, 92776.6, 4.15, 0.73, 0.0, 0.0, 0.0, 0.00, 0.00, 9.81, 00:05:23, 736.3, 51.1833, -1.8214, 8, SIMP, DISARMED, 95, 3.041, 0, 0, EMULATOR
[05:05:18.503] 1059, 00:05:24, 325, S, APOGEE, 737.2, 20.4, 92781.6, 4.14, 0.73, 0.0, 0.0, 0.0, 0.00, 0.00, 9.81, 00:05:24, 736.3, 51.1833, -1.8214, 8, SIMP, DISARMED, 95, 3.030, 0, 0, EMULATOR
[05:05:19.512] 1059, 00:05:25, 326, S, APOGEE, 717.0, 20.5, 93008.0, 4.13, 0.76, 0.0, 0.0, 0.0, 0.00, 0.00, 9.81, 00:05:25, 715.3, 51.1833, -1.8214, 8, SIMP, DISARMED, 95, 3.143, 0, 0, EMULATOR
[05:05:20.521] 1059, 00:05:26, 327, S, APOGEE, 711.9, 20.5, 93059.8, 4.14, 0.72, 0.0, 0.0, 0.0, 0.00, 0.00, 9.81, 00:05:26, 710.6, 51.1833, -1.8214, 8, SIMP, DISARMED, 95, 2.989, 0, 0, EMULATOR
[05:05:21.507] 1059, 00:05:27, 328, S, APOGEE, 706.9, 20.5, 93118.6, 4.14, 0.74, 0.0, 0.0, 0.0, 0.00, 0.00, 9.81, 00:05:27, 707.1, 51.1833, -1.8214, 8, SIMP, DISARMED, 95, 3.055, 0, 0, EMULATOR
[05:05:22.509] 1059, 00:05:28, 329, S, APOGEE, 706.9, 20.4, 93118.5, 4.14, 0.70, 0.0, 0.0, 0.0, 0.00, 0.00, 9.81, 00:05:28, 707.1, 51.1833, -1.8214, 8, SIMP, DISARMED, 95, 2.907, 0, 0, EMULATOR
[05:05:23.511] 1059, 00:05:29, 330, S, APOGEE, 706.9, 20.3, 93118.9, 4.15, 0.74, 0.0, 0.0, 0.0, 0.00, 0.00, 9.81, 00:05:29, 707.1, 51.1833, -1.8214, 8, SIMP, DISARMED, 95, 3.076, 0, 0, EMULATOR
[05:05:24.518] 1059, 00:05:30, 331, S, APOGEE, 691.8, 20.3, 93283.9, 4.14, 0.75, 0.0, 0.0, 0.0, 0.00, 0.00, 9.81, 00:05:30, 690.1, 51.1833, -1.8214, 8, SIMP, DISARMED, 95, 3.109, 0, 0, EMULATOR
[05:05:25.502] 1059, 00:05:31, 332, S, APOGEE, 686.7, 20.4, 93340.7, 4.15, 0.80, 0.0, 0.0, 0.0, 0.00, 0.00, 9.81, 00:05:31, 687.5, 51.1833, -1.8214, 8, SIMP, DISARMED, 95, 3.309, 0, 0, EMULATOR
[05:05:26.502] 1059, 00:05:32, 333, S, APOGEE, 681.6, 20.4, 93401.6, 4.15, 0.76, 0.0, 0.0, 0.0, 0.00, 0.00, 9.81, 00:05:32, 682.5, 51.1833, -1.8214, 8, SIMP, DISARMED, 95, 3.160, 0, 0, EMULATOR
[05:05:27.502] 1059, 00:05:33, 334, S, APOGEE, 676.6, 20.5, 93463.0, 4.15, 0.71, 0.0, 0.0, 0.0, 0.00, 0.00, 9.81, 00:05:33, 677.7, 51.1833, -1.8214, 8, SIMP, DISARMED, 95, 2.959, 0, 0, EMULATOR
[05:05:28.505] 1059, 00:05:34, 335, S, APOGEE, 676.6, 20.4, 93461.5, 4.14, 0.73, 0.0, 0.0, 0.0, 0.00, 0.00, 9.81, 00:05:34, 677.7, 51.1833, -1.8214, 8, SIMP, DISARMED, 95, 3.004, 0, 0, EMULATOR
[05:05:29.505] 1059, 00:05:35, 336, S, APOGEE, 666.5, 20.4, 93568.0, 4.14, 0.76, 0.0, 0.0, 0.0, 0.00, 0.00, 9.81, 00:05:35, 667.7, 51.1833, -1.8214, 8, SIMP, DISARMED, 95, 3.154, 0, 0, EMULATOR
[05:05:30.512] 1059, 00:05:36, 337, S, APOGEE, 661.5, 20.4, 93628.9, 4.14, 0.72, 0.0, 0.0, 0.0, 0.00, 0.00, 9.81, 00:05:36, 661.7, 51.1833, -1.8214, 8, SIMP, DISARMED, 95, 2.988, 0, 0, EMULATOR
[05:05:31.503] 1059, 00:05:37, 338, S, APOGEE, 661.5, 20.4, 93627.4, 4.14, 0.71, 0.0, 0.0, 0.0, 0.00, 0.00, 9.81, 00:05:37, 661.7, 51.1833, -1.8214, 8, SIMP, DISARMED, 95, 2.931, 0, 0, EMULATOR
[05:05:32.516] 1059, 00:05:38, 339, S, APOGEE, 661.5, 20.4, 93623.2, 4.13, 0.72, 0.0, 0.0, 0.0, 0.00, 0.00, 9.81, 00:05:38, 661.7, 51.1833, -1.8214, 8, SIMP, DISARMED, 95, 2.967, 0, 0, EMULATOR
[05:05:33.506] 1059, 00:05:39, 340, S, APOGEE, 661.5, 20.4, 93623.2, 4.12, 0.70, 0.0, 0.0, 0.0, 0.00, 0.00, 9.81, 00:05:39, 661.7, 51.1833, -1.8214, 8, SIMP, DISARMED, 95, 2.901, 0, 0, EMULATOR
[05:05:34.518] 1059, 00:05:40, 341, S, APOGEE, 641.3, 20.3, 93858.3, 4.13, 0.72, 0.0, 0.0, 0.0, 0.00, 0.00, 9.81, 00:05:40, 639.5, 51.1833, -1.8214, 8, SIMP, DISARMED, 95, 2.984, 0, 0, EMULATOR
[05:05:35.508] 1059, 00:05:41, 342, S, APOGEE, 636.2, 20.3, 93914.7, 4.12, 0.68, 0.0, 0.0, 0.0, 0.00, 0.00, 9.81, 00:05:41, 637.5, 51.1833, -1.8214, 8, SIMP, DISARMED, 95, 2.797, 0, 0, EMULATOR
[05:05:36.504] 1059, 00:05:42, 343, S, APOGEE, 636.2, 20.3, 93908.2, 4.13, 0.67, 0.0, 0.0, 0.0, 0.00, 0.00, 9.81, 00:05:42, 634.3, 51.1833, -1.8214, 8, SIMP, DISARMED, 95, 2.779, 0, 0, EMULATOR
[05:05:37.514] 1059, 00:05:43, 344, S, APOGEE, 636.2, 20.4, 93915.9, 4.12, 0.71, 0.0, 0.0, 0.0, 0.00, 0.00, 9.81, 00:05:43, 634.3, 51.1833, -1.8214, 8, SIMP, DISARMED, 95, 2.920, 0, 0, EMULATOR
[05:05:38.500] 1059, 00:05:44, 345, S, APOGEE, 636.2, 20.4, 93917.5, 4.12, 0.66, 0.0, 0.0, 0.0, 0.00, 0.00, 9.81, 00:05:44, 634.3, 51.1833, -1.8214, 8, SIMP, DISARMED, 95, 2.718, 0, 0, EMULATOR
[05:05:39.514] 1059, 00:05:45, 346, S, APOGEE, 636.2, 20.5, 93916.4, 4.11, 0.61, 0.0, 0.0, 0.0, 0.00, 0.00, 9.81, 00:05:45, 636.9, 51.1833, -1.8214, 8, SIMP, DISARMED, 95, 2.517, 0, 0, EMULATOR
[05:05:40.506] 1059, 00:05:46, 347, S, APOGEE, 636.3, 20.4, 93910.9, 4.10, 0.60, 0.0, 0.0, 0.0, 0.00, 0.00, 9.81, 00:05:46, 634.9, 51.1833, -1.8214, 8, SIMP, DISARMED, 95, 2.466, 0, 0, EMULATOR
[05:05:41.515] 1059, 00:05:47, 348, S, APOGEE, 636.2, 20.4, 93913.2, 4.10, 0.63, 0.0, 0.0, 0.0, 0.00, 0.00, 9.81, 00:05:47, 637.8, 51.1833, -1.8214, 8, SIMP, DISARMED, 95, 2.587, 0, 0, EMULATOR
[05:05:42.507] 1059, 00:05:48, 349, S, APOGEE, 636.2, 20.3, 93915.9, 4.10, 0.63, 0.0, 0.0, 0.0, 0.00, 0.00, 9.81, 00:05:48, 637.6, 51.1833, -1.8214, 8, SIMP, DISARMED, 95, 2.577, 0, 0, EMULATOR
[05:05:43.518] 1059, 00:05:49, 350, S, APOGEE, 636.2, 20.4, 93913.9, 4.10, 0.63, 0.0, 0.0, 0.0, 0.00, 0.00, 9.81, 00:05:49, 637.6, 51.1833, -1.8214, 8, SIMP, DISARMED, 95, 2.599, 0, 0, EMULATOR
[05:05:44.511] 1059, 00:05:50, 351, S, APOGEE, 636.2, 20.4, 93916.3, 4.11, 0.64, 0.0, 0.0, 0.0, 0.00, 0.00, 9.81, 00:05:50, 635.8, 51.1833, -1.8214, 8, SIMP, DISARMED, 95, 2.617, 0, 0, EMULATOR
[05:05:45.504] 1059, 00:05:51, 352, S, APOGEE, 636.2, 20.4, 93917.7, 4.12, 0.60, 0.0, 0.0, 0.0, 0.00, 0.00, 9.81, 00:05:51, 637.5, 51.1833, -1.8214, 8, SIMP, DISARMED, 95, 2.467, 0, 0, EMULATOR
[05:05:46.512] 1059, 00:05:52, 353, S, APOGEE, 636.2, 20.4, 93913.9, 4.11, 0.65, 0.0, 0.0, 0.0, 0.00, 0.00, 9.81, 00:05:52, 637.5, 51.1833, -1.8214, 8, SIMP, DISARMED, 95, 2.650, 0, 0, EMULATOR
[05:05:47.496] 1059, 00:05:53, 354, S, APOGEE, 636.2, 20.3, 93916.6, 4.10, 0.64, 0.0, 0.0, 0.0, 0.00, 0.00, 9.81, 00:05:53, 637.5, 51.1833, -1.8214, 8, SIMP, DISARMED, 95, 2.642, 0, 0, EMULATOR
[05:05:48.515] 1059, 00:05:54, 355, S, APOGEE, 636.2, 20.3, 93908.5, 4.09, 0.68, 0.0, 0.0, 0.0, 0.00, 0.00, 9.81, 00:05:54, 637.5, 51.1833, -1.8214, 8, SIMP, DISARMED, 95, 2.774, 0, 0, EMULATOR
[05:05:49.497] 1059, 00:05:55, 356, S, APOGEE, 636.2, 20.2, 93914.5, 4.09, 0.68, 0.0, 0.0, 0.0, 0.00, 0.00, 9.81, 00:05:55, 635.7, 51.1833, -1.8214, 8, SIMP, DISARMED, 95, 2.769, 0, 0, EMULATOR
[05:05:50.508] 1059, 00:05:56, 357, S, APOGEE, 636.2, 20.3, 93909.9, 4.08, 0.66, 0.0, 0.0, 0.0, 0.00, 0.00, 9.81, 00:05:56, 636.1, 51.1833, -1.8214, 8, SIMP, DISARMED, 95, 2.699, 0, 0, EMULATOR
[05:05:51.510] 1059, 00:05:57, 358, S, APOGEE, 636.2, 20.3, 93915.0, 4.07, 0.63, 0.0, 0.0, 0.0, 0.00, 0.00, 9.81, 00:05:57, 637.1, 51.1833, -1.8214, 8, SIMP, DISARMED, 95, 2.571, 0, 0, EMULATOR
[05:05:52.494] 1059, 00:05:58, 359, S, APOGEE, 636.2, 20.2, 93914.0, 4.08, 0.60, 0.0, 0.0, 0.0, 0.00, 0.00, 9.81, 00:05:58, 637.1, 51.1833, -1.8214, 8, SIMP, DISARMED, 95, 2.469, 0, 0, EMULATOR
[05:05:53.512] 1059, 00:05:59, 360, S, APOGEE, 636.2, 20.3, 93917.3, 4.08, 0.64, 0.0, 0.0, 0.0, 0.00, 0.00, 9.81, 00:05:59, 637.1, 51.1833, -1.8214, 8, SIMP, DISARMED, 95, 2.595, 0, 0, EMULATOR
[05:05:54.520] 1059, 00:06:00, 361, S, APOGEE, 636.2, 20.2, 93910.1, 4.09, 0.63, 0.0, 0.0, 0.0, 0.00, 0.00, 9.81, 00:06:00, 634.8, 51.1833, -1.8214, 8, SIMP, DISARMED, 95, 2.561, 0, 0, EMULATOR
[05:05:55.513] 1059, 00:06:01, 362, S, APOGEE, 636.2, 20.3, 93911.8, 4.09, 0.58, 0.0, 0.0, 0.0, 0.00, 0.00, 9.81, 00:06:01, 635.2, 51.1833, -1.8214, 8, SIMP, DISARMED, 95, 2.386, 0, 0, EMULATOR
[05:05:56.502] 1059, 00:06:02, 363, S, APOGEE, 636.2, 20.3, 93914.8, 4.09, 0.61, 0.0, 0.0, 0.0, 0.00, 0.00, 9.81, 00:06:02, 637.3, 51.1833, -1.8214, 8, SIMP, DISARMED, 95, 2.507, 0, 0, EMULATOR
[05:05:57.513] 1059, 00:06:03, 364, S, APOGEE, 636.2, 20.3, 93914.8, 4.09, 0.57, 0.0, 0.0, 0.0, 0.00, 0.00, 9.81, 00:06:03, 634.9, 51.1833, -1.8214, 8, SIMP, DISARMED, 95, 2.338, 0, 0, EMULATOR
[05:05:58.508] 1059, 00:06:04, 365, S, APOGEE, 636.2, 20.2, 93912.9, 4.10, 0.53, 0.0, 0.0, 0.0, 0.00, 0.00, 9.81, 00:06:04, 634.9, 51.1833, -1.8214, 8, SIMP, DISARMED, 95, 2.159, 0, 0, EMULATOR
[05:05:59.517] 1059, 00:06:05, 366, S, APOGEE, 636.2, 20.3, 93914.1, 4.11, 0.53, 0.0, 0.0, 0.0, 0.00, 0.00, 9.81, 00:06:05, 637.0, 51.1833, -1.8214, 8, SIMP, DISARMED, 95, 2.192, 0, 0, EMULATOR
[05:06:00.511] 1059, 00:06:06, 367, S, APOGEE, 636.2, 20.3, 93910.0, 4.10, 0.57, 0.0, 0.0, 0.0, 0.00, 0.00, 9.81, 00:06:06, 637.1, 51.1833, -1.8214, 8, SIMP, DISARMED, 95, 2.341, 0, 0, EMULATOR
[05:06:01.502] 1059, 00:06:07, 368, S, APOGEE, 636.2, 20.3, 93916.0, 4.09, 0.55, 0.0, 0.0, 0.0, 0.00, 0.00, 9.81, 00:06:07, 637.1, 51.1833, -1.8214, 8, SIMP, DISARMED, 95, 2.236, 0, 0, EMULATOR
[05:06:02.512] 1059, 00:06:08, 369, S, APOGEE, 636.2, 20.3, 93912.4, 4.10, 0.51, 0.0, 0.0, 0.0, 0.00, 0.00, 9.81, 00:06:08, 637.1, 51.1833, -1.8214, 8, SIMP, DISARMED, 95, 2.088, 0, 0, EMULATOR
[05:06:03.504] 1059, 00:06:09, 370, S, APOGEE, 636.2, 20.4, 93911.1, 4.09, 0.54, 0.0, 0.0, 0.0, 0.00, 0.00, 9.81, 00:06:09, 637.1, 51.1833, -1.8214, 8, SIMP, DISARMED, 95, 2.213, 0, 0, EMULATOR
[05:06:04.513] 1059, 00:06:10, 371, S, APOGEE, 636.2, 20.3, 93913.0, 4.08, 0.49, 0.0, 0.0, 0.0, 0.00, 0.00, 9.81, 00:06:10, 635.8, 51.1833, -1.8214, 8, SIMP, DISARMED, 95, 2.006, 0, 0, EMULATOR
[05:06:05.506] 1059, 00:06:11, 372, S, APOGEE, 636.2, 20.2, 93913.6, 4.08, 0.53, 0.0, 0.0, 0.0, 0.00, 0.00, 9.81, 00:06:11, 637.1, 51.1833, -1.8214, 8, SIMP, DISARMED, 95, 2.177, 0, 0, EMULATOR
[05:06:06.515] 1059, 00:06:12, 373, S, APOGEE, 636.2, 20.3, 93917.5, 4.08, 0.57, 0.0, 0.0, 0.0, 0.00, 0.00, 9.81, 00:06:12, 634.6, 51.1833, -1.8214, 8, SIMP, DISARMED, 95, 2.311, 0, 0, EMULATOR
[05:06:07.509] 1059, 00:06:13, 374, S, APOGEE, 636.2, 20.4, 93913.3, 4.08, 0.53, 0.0, 0.0, 0.0, 0.00, 0.00, 9.81, 00:06:13, 634.6, 51.1833, -1.8214, 8, SIMP, DISARMED, 95, 2.161, 0, 0, EMULATOR
[05:06:08.517] 1059, 00:06:14, 375, S, APOGEE, 636.2, 20.3, 93910.9, 4.08, 0.49, 0.0, 0.0, 0.0, 0.00, 0.00, 9.81, 00:06:14, 634.6, 51.1833, -1.8214, 8, SIMP, DISARMED, 95, 2.013, 0, 0, EMULATOR
[05:06:09.505] 1059, 00:06:15, 376, S, APOGEE, 636.3, 20.2, 93908.6, 4.08, 0.54, 0.0, 0.0, 0.0, 0.00, 0.00, 9.81, 00:06:15, 636.0, 51.1833, -1.8214, 8, SIMP, DISARMED, 95, 2.183, 0, 0, EMULATOR
[05:06:10.502] 1059, 00:06:16, 377, S, APOGEE, 636.3, 20.2, 93910.3, 4.08, 0.53, 0.0, 0.0, 0.0, 0.00, 0.00, 9.81, 00:06:16, 636.3, 51.1833, -1.8214, 8, SIMP, DISARMED, 95, 2.168, 0, 0, EMULATOR
[05:06:11.507] 1059, 00:06:17, 378, S, APOGEE, 636.3, 20.3, 93910.7, 4.08, 0.50, 0.0, 0.0, 0.0, 0.00, 0.00, 9.81, 00:06:17, 637.5, 51.1833, -1.8214, 8, SIMP, DISARMED, 95, 2.059, 0, 0, EMULATOR
[05:06:12.504] 1059, 00:06:18, 379, S, APOGEE, 636.2, 20.3, 93916.1, 4.07, 0.49, 0.0, 0.0, 0.0, 0.00, 0.00, 9.81, 00:06:18, 638.0, 51.1833, -1.8214, 8, SIMP, DISARMED, 95, 1.989, 0, 0, EMULATOR
[05:06:13.510] 1059, 00:06:19, 380, S, APOGEE, 636.2, 20.4, 93915.6, 4.07, 0.45, 0.0, 0.0, 0.0, 0.00, 0.00, 9.81, 00:06:19, 638.0, 51.1833, -1.8214, 8, SIMP, DISARMED, 95, 1.817, 0, 0, EMULATOR
[05:06:14.504] 1059, 00:06:20, 381, S, APOGEE, 636.2, 20.5, 93916.0, 4.08, 0.47, 0.0, 0.0, 0.0, 0.00, 0.00, 9.81, 00:06:20, 636.9, 51.1833, -1.8214, 8, SIMP, DISARMED, 95, 1.908, 0, 0, EMULATOR
[05:06:15.515] 1059, 00:06:21, 382, S, APOGEE, 636.3, 20.5, 93907.6, 4.08, 0.50, 0.0, 0.0, 0.0, 0.00, 0.00, 9.81, 00:06:21, 636.9, 51.1833, -1.8214, 8, SIMP, DISARMED, 95, 2.046, 0, 0, EMULATOR
[05:06:16.507] 1059, 00:06:22, 383, S, APOGEE, 636.3, 20.6, 93909.2, 4.07, 0.53, 0.0, 0.0, 0.0, 0.00, 0.00, 9.81, 00:06:22, 636.9, 51.1833, -1.8214, 8, SIMP, DISARMED, 95, 2.163, 0, 0, EMULATOR
[05:06:17.517] 1059, 00:06:23, 384, S, APOGEE, 636.3, 20.6, 93912.0, 4.07, 0.55, 0.0, 0.0, 0.0, 0.00, 0.00, 9.81, 00:06:23, 636.9, 51.1833, -1.8214, 8, SIMP, DISARMED, 95, 2.221, 0, 0, EMULATOR
[05:06:18.509] 1059, 00:06:24, 385, S, APOGEE, 636.3, 20.7, 93908.8, 4.06, 0.54, 0.0, 0.0, 0.0, 0.00, 0.00, 9.81, 00:06:24, 636.9, 51.1833, -1.8214, 8, SIMP, DISARMED, 95, 2.193, 0, 0, EMULATOR
[05:06:19.518] 1059, 00:06:25, 386, S, APOGEE, 636.1, 20.8, 93915.8, 4.06, 0.51, 0.0, 0.0, 0.0, 0.00, 0.00, 9.81, 00:06:25, 635.0, 51.1833, -1.8214, 8, SIMP, DISARMED, 95, 2.080, 0, 0, EMULATOR
[05:06:20.507] 1059, 00:06:26, 387, S, APOGEE, 636.1, 20.7, 93915.4, 4.07, 0.46, 0.0, 0.0, 0.0, 0.00, 0.00, 9.81, 00:06:26, 636.4, 51.1833, -1.8214, 8, SIMP, DISARMED, 95, 1.886, 0, 0, EMULATOR
[05:06:21.505] 1059, 00:06:27, 388, S, APOGEE, 636.1, 20.8, 93918.4, 4.08, 0.49, 0.0, 0.0, 0.0, 0.00, 0.00, 9.81, 00:06:27, 636.5, 51.1833, -1.8214, 8, SIMP, DISARMED, 95, 2.008, 0, 0, EMULATOR
[05:06:22.513] 1059, 00:06:28, 389, S, APOGEE, 636.1, 20.9, 93912.6, 4.07, 0.45, 0.0, 0.0, 0.0, 0.00, 0.00, 9.81, 00:06:28, 636.5, 51.1833, -1.8214, 8, SIMP, DISARMED, 95, 1.818, 0, 0, EMULATOR
[05:06:23.504] 1059, 00:06:29, 390, S, APOGEE, 636.1, 20.9, 93915.8, 4.08, 0.45, 0.0, 0.0, 0.0, 0.00, 0.00, 9.81, 00:06:29, 636.5, 51.1833, -1.8214, 8, SIMP, DISARMED, 95, 1.823, 0, 0, EMULATOR
[05:06:24.515] 1059, 00:06:30, 391, S, APOGEE, 636.1, 21.0, 93918.7, 4.07, 0.48, 0.0, 0.0, 0.0, 0.00, 0.00, 9.81, 00:06:30, 635.0, 51.1833, -1.8214, 8, SIMP, DISARMED, 95, 1.940, 0, 0, EMULATOR
[05:06:25.504] 1059, 00:06:31, 392, S, APOGEE, 636.1, 21.1, 93910.0, 4.06, 0.52, 0.0, 0.0, 0.0, 0.00, 0.00, 9.81, 00:06:31, 638.1, 51.1833, -1.8214, 8, SIMP, DISARMED, 95, 2.091, 0, 0, EMULATOR
[05:06:26.517] 1059, 00:06:32, 393, S, APOGEE, 636.1, 21.1, 93910.7, 4.05, 0.51, 0.0, 0.0, 0.0, 0.00, 0.00, 9.81, 00:06:32, 637.0, 51.1833, -1.8214, 8, SIMP, DISARMED, 95, 2.085, 0, 0, EMULATOR
[05:06:27.510] 1059, 00:06:33, 394, S, APOGEE, 636.1, 21.1, 93911.3, 4.05, 0.53, 0.0, 0.0, 0.0, 0.00, 0.00, 9.81, 00:06:33, 634.7, 51.1833, -1.8214, 8, SIMP, DISARMED, 95, 2.136, 0, 0, EMULATOR
[05:06:28.496] 1059, 00:06:34, 395, S, APOGEE, 636.1, 21.1, 93913.9, 4.06, 0.55, 0.0, 0.0, 0.0, 0.00, 0.00, 9.81, 00:06:34, 634.7, 51.1833, -1.8214, 8, SIMP, DISARMED, 95, 2.219, 0, 0, EMULATOR
[05:06:29.512] 1059, 00:06:35, 396, S, APOGEE, 636.1, 21.2, 93913.4, 4.05, 0.51, 0.0, 0.0, 0.0, 0.00, 0.00, 9.81, 00:06:35, 636.5, 51.1833, -1.8214, 8, SIMP, DISARMED, 95, 2.061, 0, 0, EMULATOR
[05:06:30.505] 1059, 00:06:36, 397, S, APOGEE, 636.1, 21.3, 93918.1, 4.06, 0.51, 0.0, 0.0, 0.0, 0.00, 0.00, 9.81, 00:06:36, 636.1, 51.1833, -1.8214, 8, SIMP, DISARMED, 95, 2.054, 0, 0, EMULATOR
[05:06:31.509] 1059, 00:06:37, 398, S, APOGEE, 636.1, 21.3, 93918.7, 4.06, 0.51, 0.0, 0.0, 0.0, 0.00, 0.00, 9.81, 00:06:37, 636.1, 51.1833, -1.8214, 8, SIMP, DISARMED, 95, 2.088, 0, 0, EMULATOR
[05:06:32.506] 1059, 00:06:38, 399, S, APOGEE, 636.1, 21.3, 93912.8, 4.07, 0.47, 0.0, 0.0, 0.0, 0.00, 0.00, 9.81, 00:06:38, 636.1, 51.1833, -1.8214, 8, SIMP, DISARMED, 95, 1.901, 0, 0, EMULATOR
[05:06:33.515] 1059, 00:06:39, 400, S, APOGEE, 636.1, 21.4, 93914.4, 4.06, 0.51, 0.0, 0.0, 0.0, 0.00, 0.00, 9.81, 00:06:39, 636.1, 51.1833, -1.8214, 8, SIMP, DISARMED, 95, 2.071, 0, 0, EMULATOR
[05:06:34.501] 1059, 00:06:40, 401, S, APOGEE, 636.1, 21.4, 93917.8, 4.05, 0.56, 0.0, 0.0, 0.0, 0.00, 0.00, 9.81, 00:06:40, 637.1, 51.1833, -1.8214, 8, SIMP, DISARMED, 95, 2.260, 0, 0, EMULATOR
[05:06:35.515] 1059, 00:06:41, 402, S, APOGEE, 636.1, 21.4, 93910.8, 4.05, 0.53, 0.0, 0.0, 0.0, 0.00, 0.00, 9.81, 00:06:41, 637.1, 51.1833, -1.8214, 8, SIMP, DISARMED, 95, 2.127, 0, 0, EMULATOR
[05:06:36.510] 1059, 00:06:42, 403, S, APOGEE, 636.1, 21.3, 93913.6, 4.04, 0.56, 0.0, 0.0, 0.0, 0.00, 0.00, 9.81, 00:06:42, 637.1, 51.1833, -1.8214, 8, SIMP, DISARMED, 95, 2.263, 0, 0, EMULATOR
[05:06:37.517] 1059, 00:06:43, 404, S, APOGEE, 636.1, 21.3, 93914.1, 4.04, 0.53, 0.0, 0.0, 0.0, 0.00, 0.00, 9.81, 00:06:43, 637.1, 51.1833, -1.8214, 8, SIMP, DISARMED, 95, 2.152, 0, 0, EMULATOR
[05:06:38.512] 1059, 00:06:44, 405, S, APOGEE, 636.1, 21.4, 93913.0, 4.05, 0.56, 0.0, 0.0, 0.0, 0.00, 0.00, 9.81, 00:06:44, 637.1, 51.1833, -1.8214, 8, SIMP, DISARMED, 95, 2.265, 0, 0, EMULATOR
[05:06:39.505] 1059, 00:06:45, 406, S, APOGEE, 636.1, 21.4, 93910.7, 4.04, 0.53, 0.0, 0.0, 0.0, 0.00, 0.00, 9.81, 00:06:45, 637.1, 51.1833, -1.8214, 8, SIMP, DISARMED, 95, 2.127, 0, 0, EMULATOR
[05:06:40.514] 1059, 00:06:46, 407, S, APOGEE, 636.1, 21.5, 93913.2, 4.04, 0.57, 0.0, 0.0, 0.0, 0.00, 0.00, 9.81, 00:06:46, 637.1, 51.1833, -1.8214, 8, SIMP, DISARMED, 95, 2.297, 0, 0, EMULATOR
[05:06:41.523] 1059, 00:06:47, 408, S, APOGEE, 636.1, 21.5, 93918.0, 4.04, 0.53, 0.0, 0.0, 0.0, 0.00, 0.00, 9.81, 00:06:47, 637.1, 51.1833, -1.8214, 8, SIMP, DISARMED, 95, 2.130, 0, 0, EMULATOR
[05:06:42.515] 1059, 00:06:48, 409, S, APOGEE, 636.1, 21.6, 93909.7, 4.05, 0.50, 0.0, 0.0, 0.0, 0.00, 0.00, 9.81, 00:06:48, 637.1, 51.1833, -1.8214, 8, SIMP, DISARMED, 95, 2.025, 0, 0, EMULATOR
[05:06:43.508] 1059, 00:06:49, 410, S, APOGEE, 636.1, 21.7, 93911.7, 4.06, 0.48, 0.0, 0.0, 0.0, 0.00, 0.00, 9.81, 00:06:49, 637.1, 51.1833, -1.8214, 8, SIMP, DISARMED, 95, 1.931, 0, 0, EMULATOR
[05:06:44.501] 1059, 00:06:50, 411, S, APOGEE, 636.1, 21.8, 93912.4, 4.06, 0.50, 0.0, 0.0, 0.0, 0.00, 0.00, 9.81, 00:06:50, 637.1, 51.1833, -1.8214, 8, SIMP, DISARMED, 95, 2.020, 0, 0, EMULATOR
[05:06:45.510] 1059, 00:06:51, 412, S, APOGEE, 636.1, 21.8, 93912.6, 4.06, 0.51, 0.0, 0.0, 0.0, 0.00, 0.00, 9.81, 00:06:51, 637.1, 51.1833, -1.8214, 8, SIMP, DISARMED, 95, 2.075, 0, 0, EMULATOR
[05:06:46.503] 1059, 00:06:52, 413, S, APOGEE, 636.1, 21.8, 93917.0, 4.05, 0.53, 0.0, 0.0, 0.0, 0.00, 0.00, 9.81, 00:06:52, 637.1, 51.1833, -1.8214, 8, SIMP, DISARMED, 95, 2.150, 0, 0, EMULATOR
[05:06:47.512] 1059, 00:06:53, 414, S, APOGEE, 636.1, 21.9, 93918.8, 4.06, 0.48, 0.0, 0.0, 0.0, 0.00, 0.00, 9.81, 00:06:53, 637.1, 51.1833, -1.8214, 8, SIMP, DISARMED, 95, 1.963, 0, 0, EMULATOR
[05:06:48.504] 1059, 00:06:54, 415, S, APOGEE, 636.1, 22.0, 93912.1, 4.06, 0.51, 0.0, 0.0, 0.0, 0.00, 0.00, 9.81, 00:06:54, 637.1, 51.1833, -1.8214, 8, SIMP, DISARMED, 95, 2.076, 0, 0, EMULATOR
[05:06:49.514] 1059, 00:06:55, 416, S, APOGEE, 636.1, 21.9, 93911.1, 4.06, 0.51, 0.0, 0.0, 0.0, 0.00, 0.00, 9.81, 00:06:55, 637.1, 51.1833, -1.8214, 8, SIMP, DISARMED, 95, 2.056, 0, 0, EMULATOR
[05:06:50.517] 1059, 00:06:56, 417, S, APOGEE, 636.1, 21.9, 93911.7, 4.07, 0.53, 0.0, 0.0, 0.0, 0.00, 0.00, 9.81, 00:06:56, 637.1, 51.1833, -1.8214, 8, SIMP, DISARMED, 95, 2.139, 0, 0, EMULATOR
[05:06:51.516] 1059, 00:06:57, 418, S, APOGEE, 636.1, 22.0, 93911.7, 4.07, 0.50, 0.0, 0.0, 0.0, 0.00, 0.00, 9.81, 00:06:57, 637.1, 51.1833, -1.8214, 8, SIMP, DISARMED, 95, 2.031, 0, 0, EMULATOR
[05:06:52.509] 1059, 00:06:58, 419, S, APOGEE, 636.1, 21.9, 93915.1, 4.07, 0.51, 0.0, 0.0, 0.0, 0.00, 0.00, 9.81, 00:06:58, 637.1, 51.1833, -1.8214, 8, SIMP, DISARMED, 95, 2.090, 0, 0, EMULATOR
[05:06:53.517] 1059, 00:06:59, 420, S, APOGEE, 636.1, 21.9, 93909.8, 4.07, 0.51, 0.0, 0.0, 0.0, 0.00, 0.00, 9.81, 00:06:59, 637.1, 51.1833, -1.8214, 8, SIMP, DISARMED, 95, 2.067, 0, 0, EMULATOR
[05:06:54.510] 1059, 00:07:00, 421, S, APOGEE, 636.1, 21.8, 93912.7, 4.07, 0.47, 0.0, 0.0, 0.0, 0.00, 0.00, 9.81, 00:07:00, 637.1, 51.1833, -1.8214, 8, SIMP, DISARMED, 95, 1.930, 0, 0, EMULATOR
[05:06:55.516] 1059, 00:07:01, 422, S, APOGEE, 636.1, 21.8, 93918.9, 4.07, 0.43, 0.0, 0.0, 0.0, 0.00, 0.00, 9.81, 00:07:01, 637.1, 51.1833, -1.8214, 8, SIMP, DISARMED, 95, 1.746, 0, 0, EMULATOR
[05:06:56.513] 1059, 00:07:02, 423, S, APOGEE, 636.1, 21.8, 93915.3, 4.08, 0.39, 0.0, 0.0, 0.0, 0.00, 0.00, 9.81, 00:07:02, 637.1, 51.1833, -1.8214, 8, SIMP, DISARMED, 95, 1.588, 0, 0, EMULATOR
[05:06:57.497] 1059, 00:07:03, 424, S, APOGEE, 636.1, 21.9, 93915.9, 4.08, 0.36, 0.0, 0.0, 0.0, 0.00, 0.00, 9.81, 00:07:03, 637.1, 51.1833, -1.8214, 8, SIMP, DISARMED, 95, 1.489, 0, 0, EMULATOR
[05:06:58.514] 1059, 00:07:04, 425, S, APOGEE, 636.1, 21.9, 93913.7, 4.08, 0.37, 0.0, 0.0, 0.0, 0.00, 0.00, 9.81, 00:07:04, 637.1, 51.1833, -1.8214, 8, SIMP, DISARMED, 95, 1.493, 0, 0, EMULATOR
[05:10:51.338] 1059, 00:00:00, 1, F, LAUNCH_PAD, 0.0, 20.9, 101322.9, 4.20, 0.45, 0.0, 0.0, 0.0, 0.00, 0.00, 9.81, 00:00:00, 0.0, 51.1833, -1.8214, 8, CXON, DISARMED, 95, 1.896, 0, 0, EMULATOR
[05:10:52.335] 1059, 00:00:01, 2, F, LAUNCH_PAD, 0.1, 20.9, 101328.6, 4.20, 0.50, 0.0, 0.0, 0.0, 0.00, 0.00, 9.81, 00:00:01, 0.0, 51.1833, -1.8214, 8, CXON, DISARMED, 95, 2.090, 0, 0, EMULATOR
[05:10:53.324] 1059, 00:00:02, 3, F, LAUNCH_PAD, 0.2, 20.9, 101327.0, 4.20, 0.46, 0.0, 0.0, 0.0, 0.00, 0.00, 9.81, 00:00:02, 0.0, 51.1833, -1.8214, 8, CXON, DISARMED, 95, 1.922, 0, 0, EMULATOR
[05:10:54.337] 1059, 00:00:03, 4, F, LAUNCH_PAD, -0.1, 20.9, 101329.5, 4.20, 0.41, 0.0, 0.0, 0.0, 0.00, 0.00, 9.81, 00:00:03, 0.0, 51.1833, -1.8214, 8, CXON, DISARMED, 95, 1.719, 0, 0, EMULATOR
[05:10:55.327] 1059, 00:00:04, 5, F, LAUNCH_PAD, 0.3, 20.9, 101321.6, 4.20, 0.36, 0.0, 0.0, 0.0, 0.00, 0.00, 9.81, 00:00:04, 0.0, 51.1833, -1.8214, 8, CXON, DISARMED, 95, 1.531, 0, 0, EMULATOR
[05:10:56.338] 1059, 00:00:05, 6, F, LAUNCH_PAD, 0.2, 20.9, 101321.6, 4.20, 0.37, 0.0, 0.0, 0.0, 0.00, 0.00, 9.81, 00:00:05, 0.0, 51.1833, -1.8214, 8, CXON, DISARMED, 95, 1.551, 0, 0, EMULATOR
[05:10:57.330] 1059, 00:00:06, 7, F, LAUNCH_PAD, -0.0, 20.8, 101321.8, 4.19, 0.34, 0.0, 0.0, 0.0, 0.00, 0.00, 9.81, 00:00:06, 0.0, 51.1833, -1.8214, 8, CXON, DISARMED, 95, 1.418, 0, 0, EMULATOR
[05:10:58.340] 1059, 00:00:07, 8, F, LAUNCH_PAD, 0.3, 20.8, 101323.5, 4.20, 0.31, 0.0, 0.0, 0.0, 0.00, 0.00, 9.81, 00:00:07, 0.0, 51.1833, -1.8214, 8, CXON, DISARMED, 95, 1.291, 0, 0, EMULATOR
[05:10:59.334] 1059, 00:00:08, 9, F, LAUNCH_PAD, 0.3, 20.8, 101322.2, 4.20, 0.26, 0.0, 0.0, 0.0, 0.00, 0.00, 9.81, 00:00:08, 0.0, 51.1833, -1.8214, 8, CXON, DISARMED, 95, 1.109, 0, 0, EMULATOR
[05:11:00.338] 1059, 00:00:09, 10, F, LAUNCH_PAD, 0.3, 20.7, 101320.0, 4.20, 0.29, 0.0, 0.0, 0.0, 0.00, 0.00, 9.81, 00:00:09, 0.0, 51.1833, -1.8214, 8, CXON, DISARMED, 95, 1.229, 0, 0, EMULATOR
[05:11:01.326] 1059, 00:00:10, 11, F, LAUNCH_PAD, -0.4, 20.7, 101328.3, 4.19, 0.26, 0.0, 0.0, 0.0, 0.00, 0.00, 9.81, 00:00:10, 0.0, 51.1833, -1.8214, 8, CXON, DISARMED, 95, 1.102, 0, 0, EMULATOR
[05:11:02.344] 1059, 00:00:11, 12, F, LAUNCH_PAD, -0.5, 20.8, 101329.1, 4.19, 0.28, 0.0, 0.0, 0.0, 0.00, 0.00, 9.81, 00:00:11, 0.0, 51.1833, -1.8214, 8, CXON, DISARMED, 95, 1.168, 0, 0, EMULATOR
[05:11:03.335] 1059, 00:00:12, 13, F, LAUNCH_PAD, -0.1, 20.8, 101331.2, 4.19, 0.25, 0.0, 0.0, 0.0, 0.00, 0.00, 9.81, 00:00:12, 0.0, 51.1833, -1.8214, 8, CXON, DISARMED, 95, 1.062, 0, 0, EMULATOR
[05:11:04.330] 1059, 00:00:13, 14, F, LAUNCH_PAD, 0.4, 20.9, 101318.3, 4.19, 0.25, 0.0, 0.0, 0.0, 0.00, 0.00, 9.81, 00:00:13, 0.0, 51.1833, -1.8214, 8, CXON, DISARMED, 95, 1.030, 0, 0, EMULATOR
[05:11:05.333] 1059, 00:00:14, 15, F, LAUNCH_PAD, -0.2, 20.9, 101329.8, 4.19, 0.21, 0.0, 0.0, 0.0, 0.00, 0.00, 9.81, 00:00:14, 0.0, 51.1833, -1.8214, 8, MEC, DISARMED, 95, 0.886, 8, 0, EMULATOR
[05:11:06.331] 1059, 00:00:15, 16, F, LAUNCH_PAD, 0.5, 20.9, 101315.3, 4.18, 0.24, 0.0, 0.0, 0.0, 0.00, 0.00, 9.81, 00:00:15, 0.0, 51.1833, -1.8214, 8, MEC, DISARMED, 95, 0.996, 8, 0, EMULATOR
[05:11:07.340] 1059, 00:00:16, 17, F, LAUNCH_PAD, -0.0, 20.8, 101325.2, 4.19, 0.19, 0.0, 0.0, 0.0, 0.00, 0.00, 9.81, 00:00:16, 0.0, 51.1833, -1.8214, 8, MEC, DISARMED, 95, 0.797, 8, 0, EMULATOR
[05:11:08.348] 1059, 00:00:17, 18, F, LAUNCH_PAD, -0.3, 20.8, 101332.1, 4.18, 0.16, 0.0, 0.0, 0.0, 0.00, 0.00, 9.81, 00:00:17, 0.0, 51.1833, -1.8214, 8, MEC, DISARMED, 95, 0.668, 8, 0, EMULATOR
[05:11:09.329] 1059, 00:00:18, 19, F, LAUNCH_PAD, 0.2, 20.9, 101323.0, 4.19, 0.13, 0.0, 0.0, 0.0, 0.00, 0.00, 9.81, 00:00:18, 0.0, 51.1833, -1.8214, 8, MEC, DISARMED, 95, 0.536, 8, 0, EMULATOR
[05:11:10.335] 1059, 00:00:19, 20, F, LAUNCH_PAD, -0.3, 20.9, 101324.5, 4.19, 0.12, 0.0, 0.0, 0.0, 0.00, 0.00, 9.81, 00:00:19, 0.0, 51.1833, -1.8214, 8, MEC, DISARMED, 95, 0.496, 8, 0, EMULATOR
[05:11:11.343] 1059, 00:00:20, 21, F, LAUNCH_PAD, -0.4, 20.9, 101331.9, 4.19, 0.10, 0.0, 0.0, 0.0, 0.00, 0.00, 9.81, 00:00:20, 0.0, 51.1833, -1.8214, 8, MEC, DISARMED, 95, 0.419, 0, 0, EMULATOR
[05:11:12.336] 1059, 00:00:21, 22, F, LAUNCH_PAD, -0.0, 21.0, 101326.8, 4.20, 0.12, 0.0, 0.0, 0.0, 0.00, 0.00, 9.81, 00:00:21, 0.0, 51.1833, -1.8214, 8, MEC, DISARMED, 95, 0.505, 0, 0, EMULATOR
[05:11:13.327] 1059, 00:00:22, 23, F, LAUNCH_PAD, -0.2, 21.1, 101330.1, 4.19, 0.11, 0.0, 0.0, 0.0, 0.00, 0.00, 9.81, 00:00:22, 0.0, 51.1833, -1.8214, 8, MEC, DISARMED, 95, 0.445, 8, 0, EMULATOR
[05:11:14.338] 1059, 00:00:23, 24, F, LAUNCH_PAD, 0.2, 21.1, 101325.4, 4.19, 0.10, 0.0, 0.0, 0.0, 0.00, 0.00, 9.81, 00:00:23, 0.0, 51.1833, -1.8214, 8, MEC, DISARMED, 95, 0.419, 8, 0, EMULATOR
[05:11:15.331] 1059, 00:00:24, 25, F, LAUNCH_PAD, 0.0, 21.1, 101322.3, 4.18, 0.10, 0.0, 0.0, 0.0, 0.00, 0.00, 9.81, 00:00:24, 0.0, 51.1833, -1.8214, 8, MEC, DISARMED, 95, 0.418, 0, 0, EMULATOR
[05:11:16.340] 1059, 00:00:25, 26, F, LAUNCH_PAD, 0.1, 21.1, 101319.4, 4.19, 0.10, 0.0, 0.0, 0.0, 0.00, 0.00, 9.81, 00:00:25, 0.0, 51.1833, -1.8214, 8, MEC, DISARMED, 95, 0.419, 0, 0, EMULATOR
[05:11:17.334] 1059, 00:00:26, 27, F, LAUNCH_PAD, -0.1, 21.1, 101329.2, 4.20, 0.10, 0.0, 0.0, 0.0, 0.00, 0.00, 9.81, 00:00:26, 0.0, 51.1833, -1.8214, 8, MEC, DISARMED, 95, 0.428, 0, 0, EMULATOR
[05:11:18.341] 1059, 00:00:27, 28, F, LAUNCH_PAD, 0.0, 21.2, 101323.4, 4.20, 0.12, 0.0, 0.0, 0.0, 0.00, 0.00, 9.81, 00:00:27, 0.0, 51.1833, -1.8214, 8, MEC, DISARMED, 95, 0.492, 0, 0, EMULATOR
[05:11:19.334] 1059, 00:00:28, 29, F, LAUNCH_PAD, 0.4, 21.2, 101318.8, 4.20, 0.15, 0.0, 0.0, 0.0, 0.00, 0.00, 9.81, 00:00:28, 0.0, 51.1833, -1.8214, 8, MEC, DISARMED, 95, 0.616, 0, 0, EMULATOR
[05:11:20.334] 1059, 00:00:29, 30, F, LAUNCH_PAD, -0.1, 21.2, 101328.0, 4.19, 0.17, 0.0, 0.0, 0.0, 0.00, 0.00, 9.81, 00:00:29, 0.0, 51.1833, -1.8214, 8, MEC, DISARMED, 95, 0.711, 0, 0, EMULATOR
[05:11:21.336] 1059, 00:00:30, 31, F, LAUNCH_PAD, -0.3, 21.2, 101324.8, 4.20, 0.21, 0.0, 0.0, 0.0, 0.00, 0.00, 9.81, 00:00:30, 0.0, 51.1833, -1.8214, 8, MEC, DISARMED, 95, 0.877, 0, 0, EMULATOR
[05:11:22.329] 1059, 00:00:31, 32, F, LAUNCH_PAD, -0.1, 21.2, 101330.3, 4.19, 0.17, 0.0, 0.0, 0.0, 0.00, 0.00, 9.81, 00:00:31, 0.0, 51.1833, -1.8214, 8, MEC, DISARMED, 95, 0.703, 0, 0, EMULATOR
[05:11:23.338] 1059, 00:00:32, 33, F, LAUNCH_PAD, -0.4, 21.3, 101331.4, 4.19, 0.19, 0.0, 0.0, 0.0, 0.00, 0.00, 9.81, 00:00:32, 0.0, 51.1833, -1.8214, 8, MEC, DISARMED, 95, 0.779, 0, 0, EMULATOR
[05:11:24.330] 1059, 00:00:33, 34, F, LAUNCH_PAD, -0.4, 21.3, 101325.4, 4.19, 0.15, 0.0, 0.0, 0.0, 0.00, 0.00, 9.81, 00:00:33, 0.0, 51.1833, -1.8214, 8, MEC, DISARMED, 95, 0.633, 0, 0, EMULATOR
[05:11:25.336] 1059, 00:00:34, 35, F, LAUNCH_PAD, 0.4, 21.2, 101316.9, 4.19, 0.18, 0.0, 0.0, 0.0, 0.00, 0.00, 9.81, 00:00:34, 0.0, 51.1833, -1.8214, 8, MEC, DISARMED, 95, 0.761, 0, 0, EMULATOR
[05:11:26.333] 1059, 00:00:35, 36, F, LAUNCH_PAD, 0.1, 21.3, 101325.4, 4.18, 0.14, 0.0, 0.0, 0.0, 0.00, 0.00, 9.81, 00:00:35, 0.0, 51.1833, -1.8214, 8, MEC, DISARMED, 95, 0.578, 0, 0, EMULATOR
[05:11:27.339] 1059, 00:00:36, 37, F, LAUNCH_PAD, 0.3, 21.2, 101317.2, 4.18, 0.15, 0.0, 0.0, 0.0, 0.00, 0.00, 9.81, 00:00:36, 0.0, 51.1833, -1.8214, 8, MEC, DISARMED, 95, 0.646, 0, 0, EMULATOR
[05:11:28.350] 1059, 00:00:37, 38, F, LAUNCH_PAD, 0.1, 21.2, 101318.9, 4.18, 0.13, 0.0, 0.0, 0.0, 0.00, 0.00, 9.81, 00:00:37, 0.0, 51.1833, -1.8214, 8, MEC, DISARMED, 95, 0.558, 0, 0, EMULATOR
[05:11:29.342] 1059, 00:00:38, 39, F, LAUNCH_PAD, 0.3, 21.1, 101317.4, 4.18, 0.13, 0.0, 0.0, 0.0, 0.00, 0.00, 9.81, 00:00:38, 0.0, 51.1833, -1.8214, 8, MEC, DISARMED, 95, 0.548, 0, 0, EMULATOR
[05:11:30.336] 1059, 00:00:39, 40, F, LAUNCH_PAD, -0.1, 21.2, 101325.1, 4.19, 0.18, 0.0, 0.0, 0.0, 0.00, 0.00, 9.81, 00:00:39, 0.0, 51.1833, -1.8214, 8, MEC, DISARMED, 95, 0.749, 0, 0, EMULATOR
[05:11:31.344] 1059, 00:00:40, 41, F, LAUNCH_PAD, -0.3, 21.2, 101323.7, 4.19, 0.18, 0.0, 0.0, 0.0, 0.00, 0.00, 9.81, 00:00:40, 0.0, 51.1833, -1.8214, 8, MEC, DISARMED, 95, 0.743, 0, 0, EMULATOR
[05:11:32.337] 1059, 00:00:41, 42, F, LAUNCH_PAD, 0.1, 21.3, 101321.2, 4.18, 0.18, 0.0, 0.0, 0.0, 0.00, 0.00, 9.81, 00:00:41, 0.0, 51.1833, -1.8214, 8, MEC, DISARMED, 95, 0.760, 0, 0, EMULATOR
[05:11:33.330] 1059, 00:00:42, 43, F, LAUNCH_PAD, -0.0, 21.3, 101326.0, 4.18, 0.21, 0.0, 0.0, 0.0, 0.00, 0.00, 9.81, 00:00:42, 0.0, 51.1833, -1.8214, 8, MEC, DISARMED, 95, 0.858, 0, 0, EMULATOR
[05:11:34.338] 1059, 00:00:43, 44, F, LAUNCH_PAD, -0.1, 21.3, 101324.4, 4.17, 0.16, 0.0, 0.0, 0.0, 0.00, 0.00, 9.81, 00:00:43, 0.0, 51.1833, -1.8214, 8, MEC, DISARMED, 95, 0.670, 0, 0, EMULATOR
[05:11:35.332] 1059, 00:00:44, 45, F, LAUNCH_PAD, -0.4, 21.2, 101331.7, 4.18, 0.14, 0.0, 0.0, 0.0, 0.00, 0.00, 9.81, 00:00:44, 0.0, 51.1833, -1.8214, 8, MEC, DISARMED, 95, 0.590, 0, 0, EMULATOR
[05:11:36.338] 1059, 00:00:45, 46, F, LAUNCH_PAD, -0.1, 21.2, 101322.8, 4.18, 0.11, 0.0, 0.0, 0.0, 0.00, 0.00, 9.81, 00:00:45, 0.0, 51.1833, -1.8214, 8, MEC, DISARMED, 95, 0.460, 8, 0, EMULATOR
[05:11:37.334] 1059, 00:00:46, 47, F, LAUNCH_PAD, -0.0, 21.1, 101330.3, 4.18, 0.13, 0.0, 0.0, 0.0, 0.00, 0.00, 9.81, 00:00:46, 0.0, 51.1833, -1.8214, 8, MEC, DISARMED, 95, 0.545, 8, 0, EMULATOR
[05:11:38.342] 1059, 00:00:47, 48, F, LAUNCH_PAD, -0.2, 21.0, 101326.8, 4.18, 0.17, 0.0, 0.0, 0.0, 0.00, 0.00, 9.81, 00:00:47, 0.0, 51.1833, -1.8214, 8, MEC, DISARMED, 95, 0.698, 8, 0, EMULATOR
[05:11:39.335] 1059, 00:00:48, 49, F, LAUNCH_PAD, 0.5, 21.1, 101322.5, 4.17, 0.16, 0.0, 0.0, 0.0, 0.00, 0.00, 9.81, 00:00:48, 0.0, 51.1833, -1.8214, 8, MEC, DISARMED, 95, 0.656, 8, 0, EMULATOR
[05:11:40.344] 1059, 00:00:49, 50, F, LAUNCH_PAD, -0.1, 21.2, 101327.6, 4.17, 0.19, 0.0, 0.0, 0.0, 0.00, 0.00, 9.81, 00:00:49, 0.0, 51.1833, -1.8214, 8, MEC, DISARMED, 95, 0.792, 8, 0, EMULATOR
[05:11:41.337] 1059, 00:00:50, 51, F, LAUNCH_PAD, 0.0, 21.2, 101327.9, 4.17, 0.23, 0.0, 0.0, 0.0, 0.00, 0.00, 9.81, 00:00:50, 0.0, 51.1833, -1.8214, 8, MEC, DISARMED, 95, 0.977, 8, 0, EMULATOR
[05:11:42.330] 1059, 00:00:51, 52, F, LAUNCH_PAD, 0.4, 21.2, 101323.3, 4.18, 0.26, 0.0, 0.0, 0.0, 0.00, 0.00, 9.81, 00:00:51, 0.0, 51.1833, -1.8214, 8, MEC, DISARMED, 95, 1.070, 8, 0, EMULATOR
[05:11:43.337] 1059, 00:00:52, 53, F, LAUNCH_PAD, 0.2, 21.3, 101324.3, 4.18, 0.24, 0.0, 0.0, 0.0, 0.00, 0.00, 9.81, 00:00:52, 0.0, 51.1833, -1.8214, 8, MEC, DISARMED, 95, 1.016, 8, 0, EMULATOR
[05:11:44.332] 1059, 00:00:53, 54, F, LAUNCH_PAD, -0.1, 21.2, 101326.7, 4.17, 0.26, 0.0, 0.0, 0.0, 0.00, 0.00, 9.81, 00:00:53, 0.0, 51.1833, -1.8214, 8, MEC, DISARMED, 95, 1.093, 8, 0, EMULATOR
[05:11:45.334] 1059, 00:00:54, 55, F, LAUNCH_PAD, -0.3, 21.2, 101328.6, 4.16, 0.22, 0.0, 0.0, 0.0, 0.00, 0.00, 9.81, 00:00:54, 0.0, 51.1833, -1.8214, 8, MEC, DISARMED, 95, 0.901, 8, 0, EMULATOR
[05:11:46.335] 1059, 00:00:55, 56, F, LAUNCH_PAD, 0.4, 21.2, 101324.0, 4.17, 0.23, 0.0, 0.0, 0.0, 0.00, 0.00, 9.81, 00:00:55, 0.0, 51.1833, -1.8214, 8, MEC, DISARMED, 95, 0.963, 8, 0, EMULATOR
[05:11:47.341] 1059, 00:00:56, 57, F, LAUNCH_PAD, -0.1, 21.2, 101327.9, 4.18, 0.18, 0.0, 0.0, 0.0, 0.00, 0.00, 9.81, 00:00:56, 0.0, 51.1833, -1.8214, 8, MEC, DISARMED, 95, 0.772, 8, 0, EMULATOR
[05:11:48.335] 1059, 00:00:57, 58, F, LAUNCH_PAD, -0.3, 21.3, 101328.0, 4.17, 0.15, 0.0, 0.0, 0.0, 0.00, 0.00, 9.81, 00:00:57, 0.0, 51.1833, -1.8214, 8, MEC, DISARMED, 95, 0.625, 8, 0, EMULATOR
[05:11:49.324] 1059, 00:00:58, 59, F, LAUNCH_PAD, 0.0, 21.2, 101327.6, 4.17, 0.13, 0.0, 0.0, 0.0, 0.00, 0.00, 9.81, 00:00:58, 0.0, 51.1833, -1.8214, 8, MEC, DISARMED, 95, 0.526, 8, 0, EMULATOR
[05:11:50.337] 1059, 00:00:59, 60, F, LAUNCH_PAD, -0.4, 21.3, 101331.1, 4.17, 0.14, 0.0, 0.0, 0.0, 0.00, 0.00, 9.81, 00:00:59, 0.0, 51.1833, -1.8214, 8, MEC, DISARMED, 95, 0.575, 8, 0, EMULATOR
[05:11:51.328] 1059, 00:01:00, 61, F, LAUNCH_PAD, 0.0, 21.3, 101325.0, 4.18, 0.10, 0.0, 0.0, 0.0, 0.00, 0.00, 9.81, 00:01:00, 0.0, 51.1833, -1.8214, 8, MEC, DISARMED, 95, 0.418, 8, 0, EMULATOR
[05:11:52.337] 1059, 00:01:01, 62, F, LAUNCH_PAD, -0.3, 21.3, 101330.0, 4.18, 0.10, 0.0, 0.0, 0.0, 0.00, 0.00, 9.81, 00:01:01, 0.0, 51.1833, -1.8214, 8, MEC, DISARMED, 95, 0.418, 8, 0, EMULATOR
[05:11:53.331] 1059, 00:01:02, 63, F, LAUNCH_PAD, -0.1, 21.2, 101321.9, 4.17, 0.10, 0.0, 0.0, 0.0, 0.00, 0.00, 9.81, 00:01:02, 0.0, 51.1833, -1.8214, 8, MEC, DISARMED, 95, 0.417, 8, 0, EMULATOR
[05:11:54.340] 1059, 00:01:03, 64, F, LAUNCH_PAD, 0.2, 21.2, 101325.6, 4.17, 0.10, 0.0, 0.0, 0.0, 0.00, 0.00, 9.81, 00:01:03, 0.0, 51.1833, -1.8214, 8, MEC, DISARMED, 95, 0.417, 8, 0, EMULATOR
[05:11:55.333] 1059, 00:01:04, 65, F, LAUNCH_PAD, -0.4, 21.2, 101329.5, 4.18, 0.14, 0.0, 0.0, 0.0, 0.00, 0.00, 9.81, 00:01:04, 0.0, 51.1833, -1.8214, 8, MEC, DISARMED, 95, 0.582, 8, 0, EMULATOR
[05:11:56.341] 1059, 00:01:05, 66, F, LAUNCH_PAD, -0.4, 21.1, 101329.4, 4.18, 0.19, 0.0, 0.0, 0.0, 0.00, 0.00, 9.81, 00:01:05, 0.0, 51.1833, -1.8214, 8, MEC, DISARMED, 95, 0.778, 8, 0, EMULATOR
[05:11:57.335] 1059, 00:01:06, 67, F, LAUNCH_PAD, 0.0, 21.1, 101328.2, 4.19, 0.19, 0.0, 0.0, 0.0, 0.00, 0.00, 9.81, 00:01:06, 0.0, 51.1833, -1.8214, 8, MEC, DISARMED, 95, 0.800, 8, 0, EMULATOR
[05:11:58.342] 1059, 00:01:07, 68, F, LAUNCH_PAD, -0.0, 21.1, 101329.0, 4.19, 0.23, 0.0, 0.0, 0.0, 0.00, 0.00, 9.81, 00:01:07, 0.0, 51.1833, -1.8214, 8, MEC, DISARMED, 95, 0.984, 8, 0, EMULATOR
[05:11:59.337] 1059, 00:01:08, 69, F, LAUNCH_PAD, 0.2, 21.1, 101322.6, 4.19, 0.21, 0.0, 0.0, 0.0, 0.00, 0.00, 9.81, 00:01:08, 0.0, 51.1833, -1.8214, 8, MEC, DISARMED, 95, 0.898, 8, 0, EMULATOR
[05:12:00.329] 1059, 00:01:09, 70, F, LAUNCH_PAD, 0.4, 21.1, 101316.9, 4.20, 0.20, 0.0, 0.0, 0.0, 0.00, 0.00, 9.81, 00:01:09, 0.0, 51.1833, -1.8214, 8, MEC, DISARMED, 95, 0.843, 8, 0, EMULATOR
[05:12:01.338] 1059, 00:01:10, 71, F, LAUNCH_PAD, -0.1, 21.1, 101325.7, 4.20, 0.24, 0.0, 0.0, 0.0, 0.00, 0.00, 9.81, 00:01:10, 0.0, 51.1833, -1.8214, 8, MEC, DISARMED, 95, 1.012, 8, 0, EMULATOR
[05:12:02.332] 1059, 00:01:11, 72, F, LAUNCH_PAD, -0.4, 21.0, 101327.2, 4.20, 0.26, 0.0, 0.0, 0.0, 0.00, 0.00, 9.81, 00:01:11, 0.0, 51.1833, -1.8214, 8, MEC, DISARMED, 95, 1.074, 8, 0, EMULATOR
[05:12:03.340] 1059, 00:01:12, 73, F, LAUNCH_PAD, -0.1, 21.0, 101326.2, 4.19, 0.25, 0.0, 0.0, 0.0, 0.00, 0.00, 9.81, 00:01:12, 0.0, 51.1833, -1.8214, 8, MEC, DISARMED, 95, 1.043, 8, 0, EMULATOR
[05:12:04.333] 1059, 00:01:13, 74, F, LAUNCH_PAD, -0.1, 21.0, 101328.7, 4.20, 0.26, 0.0, 0.0, 0.0, 0.00, 0.00, 9.81, 00:01:13, 0.0, 51.1833, -1.8214, 8, MEC, DISARMED, 95, 1.103, 8, 0, EMULATOR
[05:12:05.334] 1059, 00:01:14, 75, F, LAUNCH_PAD, -0.4, 21.1, 101327.5, 4.19, 0.28, 0.0, 0.0, 0.0, 0.00, 0.00, 9.81, 00:01:14, 0.0, 51.1833, -1.8214, 8, MEC, DISARMED, 95, 1.171, 8, 0, EMULATOR
[05:12:06.335] 1059, 00:01:15, 76, F, LAUNCH_PAD, 0.4, 21.1, 101320.1, 4.19, 0.25, 0.0, 0.0, 0.0, 0.00, 0.00, 9.81, 00:01:15, 0.0, 51.1833, -1.8214, 8, MEC, DISARMED, 95, 1.035, 8, 0, EMULATOR
[05:12:07.343] 1059, 00:01:16, 77, F, LAUNCH_PAD, 0.5, 21.1, 101318.3, 4.20, 0.29, 0.0, 0.0, 0.0, 0.00, 0.00, 9.81, 00:01:16, 0.0, 51.1833, -1.8214, 8, MEC, DISARMED, 95, 1.216, 8, 0, EMULATOR
[05:12:08.336] 1059, 00:01:17, 78, F, LAUNCH_PAD, -0.4, 21.0, 101334.9, 4.20, 0.28, 0.0, 0.0, 0.0, 0.00, 0.00, 9.81, 00:01:17, 0.0, 51.1833, -1.8214, 8, MEC, DISARMED, 95, 1.185, 8, 0, EMULATOR
[05:12:09.341] 1059, 00:01:18, 79, F, LAUNCH_PAD, 0.0, 21.0, 101329.2, 4.20, 0.32, 0.0, 0.0, 0.0, 0.00, 0.00, 9.81, 00:01:18, 0.0, 51.1833, -1.8214, 8, MEC, DISARMED, 95, 1.355, 8, 0, EMULATOR
[05:12:10.337] 1059, 00:01:19, 80, F, LAUNCH_PAD, -0.0, 20.9, 101323.1, 4.20, 0.37, 0.0, 0.0, 0.0, 0.00, 0.00, 9.81, 00:01:19, 0.0, 51.1833, -1.8214, 8, MEC, DISARMED, 95, 1.537, 8, 0, EMULATOR
[05:12:11.330] 1059, 00:01:20, 81, F, LAUNCH_PAD, -0.2, 20.9, 101326.8, 4.19, 0.34, 0.0, 0.0, 0.0, 0.00, 0.00, 9.81, 00:01:20, 0.0, 51.1833, -1.8214, 8, MEC, DISARMED, 95, 1.408, 8, 0, EMULATOR
[05:12:12.339] 1059, 00:01:21, 82, F, LAUNCH_PAD, -0.3, 20.9, 101326.7, 4.20, 0.37, 0.0, 0.0, 0.0, 0.00, 0.00, 9.81, 00:01:21, 0.0, 51.1833, -1.8214, 8, MEC, DISARMED, 95, 1.558, 8, 0, EMULATOR
[05:12:13.332] 1059, 00:01:22, 83, F, LAUNCH_PAD, -0.1, 20.9, 101329.1, 4.19, 0.41, 0.0, 0.0, 0.0, 0.00, 0.00, 9.81, 00:01:22, 0.0, 51.1833, -1.8214, 8, MEC, DISARMED, 95, 1.708, 8, 0, EMULATOR
[05:12:14.332] 1059, 00:01:23, 84, F, LAUNCH_PAD, -0.3, 21.0, 101330.6, 4.20, 0.37, 0.0, 0.0, 0.0, 0.00, 0.00, 9.81, 00:01:23, 0.0, 51.1833, -1.8214, 8, MEC, DISARMED, 95, 1.567, 8, 0, EMULATOR
[05:12:15.334] 1059, 00:01:24, 85, F, LAUNCH_PAD, -0.1, 21.1, 101326.6, 4.20, 0.37, 0.0, 0.0, 0.0, 0.00, 0.00, 9.81, 00:01:24, 0.0, 51.1833, -1.8214, 8, MEC, DISARMED, 95, 1.553, 8, 0, EMULATOR
[05:12:16.316] 1059, 00:01:25, 86, F, LAUNCH_PAD, 0.4, 21.1, 101318.0, 4.19, 0.37, 0.0, 0.0, 0.0, 0.00, 0.00, 9.81, 00:01:25, 0.0, 51.1833, -1.8214, 8, MEC, DISARMED, 95, 1.571, 8, 0, EMULATOR
[05:12:17.336] 1059, 00:01:26, 87, F, LAUNCH_PAD, 0.2, 21.0, 101318.2, 4.18, 0.36, 0.0, 0.0, 0.0, 0.00, 0.00, 9.81, 00:01:26, 0.0, 51.1833, -1.8214, 8, MEC, DISARMED, 95, 1.525, 8, 0, EMULATOR
[05:12:18.345] 1059, 00:01:27, 88, F, LAUNCH_PAD, -0.4, 21.1, 101327.9, 4.18, 0.34, 0.0, 0.0, 0.0, 0.00, 0.00, 9.81, 00:01:27, 0.0, 51.1833, -1.8214, 8, MEC, DISARMED, 95, 1.441, 8, 0, EMULATOR
[05:12:19.337] 1059, 00:01:28, 89, F, LAUNCH_PAD, -0.4, 21.1, 101332.1, 4.17, 0.34, 0.0, 0.0, 0.0, 0.00, 0.00, 9.81, 00:01:28, 0.0, 51.1833, -1.8214, 8, MEC, DISARMED, 95, 1.422, 8, 0, EMULATOR
[05:12:20.331] 1059, 00:01:29, 90, F, LAUNCH_PAD, -0.4, 21.2, 101329.7, 4.16, 0.32, 0.0, 0.0, 0.0, 0.00, 0.00, 9.81, 00:01:29, 0.0, 51.1833, -1.8214, 8, MEC, DISARMED, 95, 1.314, 8, 0, EMULATOR
[05:12:21.338] 1059, 00:01:30, 91, F, LAUNCH_PAD, -0.1, 21.2, 101323.0, 4.17, 0.34, 0.0, 0.0, 0.0, 0.00, 0.00, 9.81, 00:01:30, 0.0, 51.1833, -1.8214, 8, MEC, DISARMED, 95, 1.426, 8, 0, EMULATOR
[05:12:22.332] 1059, 00:01:31, 92, F, LAUNCH_PAD, -0.1, 21.3, 101324.2, 4.17, 0.31, 0.0, 0.0, 0.0, 0.00, 0.00, 9.81, 00:01:31, 0.0, 51.1833, -1.8214, 8, MEC, DISARMED, 95, 1.277, 8, 0, EMULATOR
[05:12:23.340] 1059, 00:01:32, 93, F, LAUNCH_PAD, 0.5, 21.3, 101314.8, 4.17, 0.30, 0.0, 0.0, 0.0, 0.00, 0.00, 9.81, 00:01:32, 0.0, 51.1833, -1.8214, 8, MEC, DISARMED, 95, 1.250, 8, 0, EMULATOR
[05:12:24.334] 1059, 00:01:33, 94, F, LAUNCH_PAD, 0.3, 21.4, 101318.1, 4.17, 0.27, 0.0, 0.0, 0.0, 0.00, 0.00, 9.81, 00:01:33, 0.0, 51.1833, -1.8214, 8, MEC, DISARMED, 95, 1.123, 8, 0, EMULATOR
[05:12:25.343] 1059, 00:01:34, 95, F, LAUNCH_PAD, -0.1, 21.3, 101321.9, 4.16, 0.22, 0.0, 0.0, 0.0, 0.00, 0.00, 9.81, 00:01:34, 0.0, 51.1833, -1.8214, 8, MEC, DISARMED, 95, 0.926, 0, 0, EMULATOR
[05:12:26.336] 1059, 00:01:35, 96, F, LAUNCH_PAD, -0.3, 21.2, 101327.8, 4.16, 0.26, 0.0, 0.0, 0.0, 0.00, 0.00, 9.81, 00:01:35, 0.0, 51.1833, -1.8214, 8, MEC, DISARMED, 95, 1.071, 0, 0, EMULATOR
[05:12:27.345] 1059, 00:01:36, 97, F, LAUNCH_PAD, -0.4, 21.3, 101331.9, 4.15, 0.26, 0.0, 0.0, 0.0, 0.00, 0.00, 9.81, 00:01:36, 0.0, 51.1833, -1.8214, 8, MEC, DISARMED, 95, 1.082, 8, 0, EMULATOR
[05:12:28.332] 1059, 00:01:37, 98, F, LAUNCH_PAD, 0.5, 21.2, 101319.4, 4.14, 0.25, 0.0, 0.0, 0.0, 0.00, 0.00, 9.81, 00:01:37, 0.0, 51.1833, -1.8214, 8, MEC, DISARMED, 95, 1.050, 0, 0, EMULATOR
[05:12:29.330] 1059, 00:01:38, 99, F, LAUNCH_PAD, 0.1, 21.2, 101321.5, 4.15, 0.30, 0.0, 0.0, 0.0, 0.00, 0.00, 9.81, 00:01:38, 0.0, 51.1833, -1.8214, 8, MEC, DISARMED, 95, 1.255, 8, 0, EMULATOR
[05:12:30.325] 1059, 00:01:39, 100, F, LAUNCH_PAD, -0.3, 21.2, 101329.6, 4.15, 0.27, 0.0, 0.0, 0.0, 0.00, 0.00, 9.81, 00:01:39, 0.0, 51.1833, -1.8214, 8, MEC, DISARMED, 95, 1.135, 0, 0, EMULATOR
[05:12:31.340] 1059, 00:01:40, 101, F, LAUNCH_PAD, 0.1, 21.1, 101323.4, 4.15, 0.24, 0.0, 0.0, 0.0, 0.00, 0.00, 9.81, 00:01:40, 0.0, 51.1833, -1.8214, 8, MEC, DISARMED, 95, 1.006, 0, 0, EMULATOR
[05:12:32.339] 1059, 00:01:41, 102, F, LAUNCH_PAD, 0.5, 21.2, 101314.8, 4.14, 0.29, 0.0, 0.0, 0.0, 0.00, 0.00, 9.81, 00:01:41, 0.0, 51.1833, -1.8214, 8, MEC, DISARMED, 95, 1.202, 0, 0, EMULATOR
[05:12:33.327] 1059, 00:01:42, 103, F, LAUNCH_PAD, -0.4, 21.2, 101327.5, 4.15, 0.31, 0.0, 0.0, 0.0, 0.00, 0.00, 9.81, 00:01:42, 0.0, 51.1833, -1.8214, 8, MEC, DISARMED, 95, 1.276, 0, 0, EMULATOR
[05:12:34.335] 1059, 00:01:43, 104, F, LAUNCH_PAD, 0.2, 21.3, 101326.7, 4.15, 0.27, 0.0, 0.0, 0.0, 0.00, 0.00, 9.81, 00:01:43, 0.0, 51.1833, -1.8214, 8, MEC, DISARMED, 95, 1.104, 0, 0, EMULATOR
[05:12:35.335] 1059, 00:01:44, 105, F, LAUNCH_PAD, -0.2, 21.4, 101331.0, 4.15, 0.30, 0.0, 0.0, 0.0, 0.00, 0.00, 9.81, 00:01:44, 0.0, 51.1833, -1.8214, 8, MEC, DISARMED, 95, 1.246, 0, 0, EMULATOR
[05:12:36.343] 1059, 00:01:45, 106, F, LAUNCH_PAD, 0.1, 21.3, 101323.9, 4.14, 0.29, 0.0, 0.0, 0.0, 0.00, 0.00, 9.81, 00:01:45, 0.0, 51.1833, -1.8214, 8, MEC, DISARMED, 95, 1.184, 0, 0, EMULATOR
[05:12:37.331] 1059, 00:01:46, 107, F, LAUNCH_PAD, -0.4, 21.2, 101330.4, 4.14, 0.33, 0.0, 0.0, 0.0, 0.00, 0.00, 9.81, 00:01:46, 0.0, 51.1833, -1.8214, 8, MEC, DISARMED, 95, 1.353, 0, 0, EMULATOR
[05:12:38.329] 1059, 00:01:47, 108, F, LAUNCH_PAD, 0.1, 21.2, 101322.6, 4.15, 0.36, 0.0, 0.0, 0.0, 0.00, 0.00, 9.81, 00:01:47, 0.0, 51.1833, -1.8214, 8, MEC, DISARMED, 95, 1.513, 0, 0, EMULATOR
[05:12:40.071] 1059, 00:01:48, 109, F, LAUNCH_PAD, 0.4, 21.2, 101321.9, 4.14, 0.41, 0.0, 0.0, 0.0, 0.00, 0.00, 9.81, 00:01:48, 0.0, 51.1833, -1.8214, 8, MEC, DISARMED, 95, 1.689, 0, 0, EMULATOR
[05:12:41.068] 1059, 00:01:49, 110, F, LAUNCH_PAD, 0.2, 21.1, 101324.7, 4.14, 0.36, 0.0, 0.0, 0.0, 0.00, 0.00, 9.81, 00:01:49, 0.0, 51.1833, -1.8214, 8, MEC, DISARMED, 95, 1.512, 0, 0, EMULATOR
[05:12:42.077] 1059, 00:01:50, 111, F, LAUNCH_PAD, 0.4, 21.1, 101322.4, 4.15, 0.35, 0.0, 0.0, 0.0, 0.00, 0.00, 9.81, 00:01:50, 0.0, 51.1833, -1.8214, 8, MEC, DISARMED, 95, 1.438, 0, 0, EMULATOR
[05:12:43.070] 1059, 00:01:51, 112, F, LAUNCH_PAD, -0.4, 21.2, 101334.1, 4.15, 0.31, 0.0, 0.0, 0.0, 0.00, 0.00, 9.81, 00:01:51, 0.0, 51.1833, -1.8214, 8, MEC, DISARMED, 95, 1.289, 0, 0, EMULATOR
[05:12:44.079] 1059, 00:01:52, 113, F, LAUNCH_PAD, 0.0, 21.2, 101325.5, 4.14, 0.34, 0.0, 0.0, 0.0, 0.00, 0.00, 9.81, 00:01:52, 0.0, 51.1833, -1.8214, 8, MEC, DISARMED, 95, 1.428, 0, 0, EMULATOR
[05:12:54.416] 1059, 00:00:00, 1, F, LAUNCH_PAD, -0.3, 21.0, 101326.8, 4.20, 0.54, 0.0, 0.0, 0.0, 0.00, 0.00, 9.81, 00:00:00, 0.0, 51.1833, -1.8214, 8, CXON, DISARMED, 95, 2.269, 0, 0, EMULATOR
[05:12:55.415] 1059, 00:00:01, 2, F, LAUNCH_PAD, 0.2, 20.9, 101324.2, 4.20, 0.53, 0.0, 0.0, 0.0, 0.00, 0.00, 9.81, 00:00:01, 0.0, 51.1833, -1.8214, 8, CXON, DISARMED, 95, 2.215, 0, 0, EMULATOR
[05:12:56.425] 1059, 00:00:02, 3, F, LAUNCH_PAD, -0.4, 20.9, 101328.1, 4.20, 0.53, 0.0, 0.0, 0.0, 0.00, 0.00, 9.81, 00:00:02, 0.0, 51.1833, -1.8214, 8, MEC, DISARMED, 95, 2.231, 8, 0, EMULATOR
[05:12:57.418] 1059, 00:00:03, 4, F, LAUNCH_PAD, 0.1, 20.8, 101328.2, 4.20, 0.51, 0.0, 0.0, 0.0, 0.00, 0.00, 9.81, 00:00:03, 0.0, 51.1833, -1.8214, 8, MEC, DISARMED, 95, 2.136, 8, 0, EMULATOR
[05:12:58.423] 1059, 00:00:04, 5, F, LAUNCH_PAD, -0.2, 20.7, 101332.6, 4.19, 0.46, 0.0, 0.0, 0.0, 0.00, 0.00, 9.81, 00:00:04, 0.0, 51.1833, -1.8214, 8, MEC, DISARMED, 95, 1.927, 8, 0, EMULATOR
[05:12:59.419] 1059, 00:00:05, 6, F, LAUNCH_PAD, -0.1, 20.7, 101321.5, 4.20, 0.42, 0.0, 0.0, 0.0, 0.00, 0.00, 9.81, 00:00:05, 0.0, 51.1833, -1.8214, 8, MEC, DISARMED, 95, 1.753, 0, 0, EMULATOR
[05:13:00.428] 1059, 00:00:06, 7, F, LAUNCH_PAD, -0.5, 20.6, 101330.8, 4.19, 0.42, 0.0, 0.0, 0.0, 0.00, 0.00, 9.81, 00:00:06, 0.0, 51.1833, -1.8214, 8, MEC, DISARMED, 95, 1.778, 0, 0, EMULATOR
[05:13:01.422] 1059, 00:00:07, 8, F, LAUNCH_PAD, 0.0, 20.6, 101321.8, 4.18, 0.45, 0.0, 0.0, 0.0, 0.00, 0.00, 9.81, 00:00:07, 0.0, 51.1833, -1.8214, 8, MEC, DISARMED, 95, 1.864, 8, 0, EMULATOR
